transect_id,sector,seq,chainage_m,bx,by,nx,ny,shift_m,baseline_offset_m,quality_flag,multi_hit_years,missing,NSM_m,SCE_m,EPR_m_yr,d_1990,d_2000,d_2010,d_2020,d_2025,n_dates,lrr,lrr_se,lrr_r2,lrr_ci_low,lrr_ci_high,wlr,lrr_note,T_years,T_source,unc_status,epr_unc_m_yr,epr_unc_lower_bound_m_yr,confident,exceeds_unc_lower_bound,valid_epr,flagged,axis_km,barangay,barangay_dist_m,risk_class_raw,risk_class,risk_class_lrr,trend,class_lower_bound,class_upper_bound,class_may_flip,confidence,unc_epr_used_m_yr,unc_basis,class_agrees_epr_lrr,length_m,shoreline_set
S1-0001,S1,1,25.0,348019.86830749526,2033750.4961303538,0.46907304332080285,0.8831593740824815,443.866,600,,,missing_2000,-81.13599999999997,81.13599999999997,-2.3181714285714277,443.866,,371.97,382.951,362.73,4,-2.1687043478260857,0.6666784001034307,0.8410428130711276,-5.0371899858961156,0.6997812902439442,,,35.0,year_difference,NOT_PROVIDED,,,,,True,True,0.0,Bulala Sur,41.56924958691001,Medium,Medium,Medium,eroding,Low,Medium,True,medium,1.212183053462653,what-if: 30 m per date,True,35.09204667337909,vector_clean
S1-0002,S1,2,75.0,348064.026276197,2033727.042478189,0.4690730433260817,0.8831593740796776,443.866,600,,,,-82.19200000000001,82.19200000000001,-2.3483428571428573,443.866,386.615,371.523,381.929,361.674,5,-1.8944670731707325,0.691135166827449,0.7146553358684906,-4.0939676312923865,0.30503348495092175,,,35.0,year_difference,NOT_PROVIDED,,,,,True,False,0.04970498989430699,Bulala Sur,41.27314634796538,Medium,Medium,Low,eroding,Low,Medium,True,medium,1.212183053462653,what-if: 30 m per date,False,50.011150116266144,vector_clean
S1-0003,S1,3,125.0,348108.1842448987,2033703.5888260237,0.4690730433312612,0.8831593740769267,443.866,600,,,,-83.24799999999999,83.24799999999999,-2.3785142857142856,443.866,387.256,371.076,380.906,360.618,5,-1.936375609756097,0.6779578252441881,0.7311301537584258,-4.093939985842641,0.22118876633044704,,,35.0,year_difference,NOT_PROVIDED,,,,,True,False,0.0994099797888187,Bulala Sur,41.85773022268343,Medium,Medium,Low,eroding,Low,Medium,True,medium,1.212183053462653,what-if: 30 m per date,False,50.011150116469416,vector_clean
S1-0004,S1,4,175.0,348152.34221360245,2033680.1351738572,0.4690730433312631,0.8831593740769255,443.866,600,,,,-84.30399999999997,84.30399999999997,-2.4086857142857134,443.866,387.897,370.629,379.883,359.562,5,-1.978284146341463,0.6648993233265642,0.7468886783103784,-4.094290541247725,0.13772224856479842,,,35.0,year_difference,NOT_PROVIDED,,,,,True,False,0.14911496968570812,Bulala Sur,42.44231409722627,Medium,Medium,Low,eroding,Low,Medium,True,medium,1.212183053462653,what-if: 30 m per date,False,50.01115011668459,vector_clean
S1-0005,S1,5,225.0,348196.5001823062,2033656.6815216905,0.4690730433312652,0.8831593740769246,443.866,600,,,,-85.36000000000001,85.36000000000001,-2.438857142857143,443.866,388.538,370.182,378.861,358.506,5,-2.0201792682926833,0.6519749648691079,0.7619242879395686,-4.0950545863778505,0.054696049792484214,,,35.0,year_difference,NOT_PROVIDED,,,,,True,False,0.19881995958268375,Bulala Sur,43.027097934564615,Medium,Medium,Medium,eroding,Low,Medium,True,medium,1.212183053462653,what-if: 30 m per date,True,50.01115011673541,vector_clean
S1-0006,S1,6,275.0,348240.65815101,2033633.2278695237,0.4690730433312672,0.8831593740769235,443.866,600,,,,-86.416,86.416,-2.4690285714285714,443.866,389.179,369.734,377.838,357.45,5,-2.062089024390243,0.6391861761370567,0.7762500999294252,-4.096264709026041,-0.02791333975444532,,,35.0,year_difference,NOT_PROVIDED,,,,,True,False,0.2485249494796594,Bulala Sur,43.61148184590501,Medium,Medium,Medium,eroding,Low,Medium,True,medium,1.212183053462653,what-if: 30 m per date,True,50.01116067500266,vector_clean
S1-0007,S1,7,325.0,348284.81611971377,2033609.774217357,0.4690730433312692,0.8831593740769225,443.866,600,,,,-87.47300000000001,87.47300000000001,-2.499228571428572,443.866,389.82,369.287,376.815,356.393,5,-2.104017073170732,0.6265275364152524,0.7898812276464627,-4.097907316593956,-0.11012682974750843,,,35.0,year_difference,NOT_PROVIDED,,,,,True,False,0.29822993937663506,Bulala Sur,44.1958657570419,Medium,Medium,Medium,eroding,Low,Medium,True,medium,1.212183053462653,what-if: 30 m per date,True,50.011160674951846,vector_clean
S1-0008,S1,8,375.0,348328.97408841754,2033586.3205651904,0.4690730433312712,0.8831593740769214,443.866,600,,,,-88.529,88.529,-2.5294,443.866,390.461,368.84,375.793,355.337,5,-2.1459121951219515,0.6140295902929296,0.802808597917738,-4.100028396084554,-0.191795994159349,,,35.0,year_difference,NOT_PROVIDED,,,,,True,False,0.3479349292735245,Bulala Sur,44.78064959458373,Medium,Medium,Medium,eroding,Low,Medium,True,medium,1.212183053462653,what-if: 30 m per date,True,50.01115011673541,vector_clean
S1-0009,S1,9,425.0,348373.1320571213,2033562.8669130236,0.4690730433312731,0.8831593740769201,443.866,600,,,,-89.58499999999998,89.58499999999998,-2.559571428571428,443.866,391.103,368.393,374.77,354.281,5,-2.187831707317073,0.6016731907317877,0.8150692049407696,-4.102624330149711,-0.2730390844844357,,,35.0,year_difference,NOT_PROVIDED,,,,,True,False,0.39763991917050007,Bulala Sur,45.365433432125556,Medium,Medium,Medium,eroding,Low,Medium,True,medium,1.212183053462653,what-if: 30 m per date,True,50.01115011673541,vector_clean
S1-0010,S1,10,475.0,348417.2900258251,2033539.4132608569,0.4690730433312752,0.8831593740769192,443.866,600,,,,-90.64099999999996,90.64099999999996,-2.589742857142856,443.866,391.744,367.946,373.747,353.225,5,-2.2297402439024383,0.589497239928149,0.8266585503696058,-4.10578355708672,-0.3536969307181572,,,35.0,year_difference,NOT_PROVIDED,,,,,True,False,0.44734490906747576,Bulala Sur,45.950017306261415,Medium,Medium,Medium,eroding,Low,Medium,True,medium,1.212183053462653,what-if: 30 m per date,True,50.01115011657106,vector_clean
S1-0011,S1,11,525.0,348461.44799452886,2033515.9596086903,0.4690730433312771,0.883159374076918,443.866,600,,,,-91.697,91.697,-2.6199142857142856,443.866,392.385,367.498,372.725,352.169,5,-2.271636585365853,0.5775217607213539,0.8375903230202143,-4.109568578994467,-0.4337045917372391,,,35.0,year_difference,NOT_PROVIDED,,,,,True,False,0.4970498989643652,Bulala Sur,46.53460118083254,Medium,Medium,Medium,eroding,Low,Medium,True,medium,1.212183053462653,what-if: 30 m per date,True,50.01115011673541,vector_clean
S1-0012,S1,12,575.0,348505.60596323264,2033492.5059565236,0.4690730433312792,0.8831593740769171,443.866,600,,,,-92.75299999999999,92.75299999999999,-2.650085714285714,443.866,393.026,367.051,371.702,351.113,5,-2.3135451219512193,0.565719215427097,0.8479051703563386,-4.113916148915182,-0.5131740949872565,,,35.0,year_difference,NOT_PROVIDED,,,,,True,False,0.5467548888613407,Bulala Sur,47.11918505517189,Medium,Medium,Medium,eroding,Low,Medium,True,medium,1.212183053462653,what-if: 30 m per date,True,50.01115011673541,vector_clean
S1-0013,S1,13,625.0,348549.7639319364,2033469.0523043568,0.4690730433312811,0.8831593740769159,443.866,600,,,,-93.80899999999997,93.80899999999997,-2.680257142857142,443.866,393.667,366.604,370.679,350.057,5,-2.355453658536585,0.5541212689170767,0.8576122177614147,-4.118914843480855,-0.5919924735923145,,,35.0,year_difference,NOT_PROVIDED,,,,,True,False,0.5964598787583164,Bulala Sur,47.70376892951127,Medium,Medium,Medium,eroding,Low,Medium,True,medium,1.212183053462653,what-if: 30 m per date,True,50.011150116786226,vector_clean
S1-0014,S1,14,675.0,348593.9219006402,2033445.59865219,0.4690730433312832,0.883159374076915,443.866,600,,,,-94.86500000000001,94.86500000000001,-2.710428571428572,443.866,394.308,366.157,369.657,349.001,5,-2.3973487804878055,0.5427495982887443,0.866727536398619,-4.124620234256036,-0.6700773267195748,,,35.0,year_difference,NOT_PROVIDED,,,,,True,False,0.6461648686552921,Bulala Sur,48.288552766849584,Medium,Medium,Medium,eroding,Low,Medium,True,medium,1.212183053462653,what-if: 30 m per date,True,50.01115011673541,vector_clean
S1-0015,S1,15,725.0,348638.0798693439,2033422.1450000235,0.4690730433312852,0.8831593740769139,443.866,600,,,,-95.92099999999999,95.92099999999999,-2.7405999999999997,443.866,394.949,365.71,368.634,347.945,5,-2.4392573170731704,0.5316011030143322,0.8752828475238884,-4.131049283245876,-0.7474653509004652,,,35.0,year_difference,NOT_PROVIDED,,,,,True,False,0.6958698585521275,Bulala Sur,48.873136641364184,Medium,Medium,Medium,eroding,Low,Medium,True,medium,1.212183053462653,what-if: 30 m per date,True,50.01115011668459,vector_clean
S1-0016,S1,16,775.0,348682.2378380477,2033398.6913478568,0.4690730433312871,0.8831593740769127,443.866,600,,,,-96.97699999999998,96.97699999999998,-2.770771428571428,443.866,395.59,365.263,367.612,346.889,5,-2.481152439024389,0.520707820692698,0.8832905209832911,-4.138277119120198,-0.8240277589285807,,,35.0,year_difference,NOT_PROVIDED,,,,,True,False,0.7455748484491032,Bulala Sur,49.457920478702455,Medium,Medium,Medium,eroding,Low,Medium,True,medium,1.212183053462653,what-if: 30 m per date,True,50.01115011673541,vector_clean
S1-0017,S1,17,825.0,348726.39580675145,2033375.23769569,0.46907304333128913,0.8831593740769118,443.866,600,,,,-98.03299999999996,98.03299999999996,-2.800942857142856,443.866,396.231,364.815,366.589,345.833,5,-2.523062195121951,0.5100811794262831,0.8907772609412914,-4.146368159981882,-0.8997562302620203,,,35.0,year_difference,NOT_PROVIDED,,,,,True,False,0.7952798383460788,Bulala Sur,50.042304390042894,Medium,Medium,Medium,eroding,Low,Medium,True,medium,1.212183053462653,what-if: 30 m per date,True,50.01115011673541,vector_clean
S1-0018,S1,18,875.0,348770.5537754552,2033351.7840435233,0.46907304333129113,0.8831593740769108,443.866,600,,,,-99.089,99.089,-2.8311142857142855,443.866,396.872,364.368,365.566,344.777,5,-2.5649707317073176,0.4997211206399458,0.8977703031393768,-4.155306365760147,-0.9746350976544882,,,35.0,year_difference,NOT_PROVIDED,,,,,True,False,0.8449848282430544,Bulala Sur,50.626888264382224,Medium,Medium,Medium,eroding,Low,Medium,True,medium,1.212183053462653,what-if: 30 m per date,True,50.01115011657106,vector_clean
S1-0019,S1,19,925.0,348814.711744159,2033328.3303913567,0.4690730433312931,0.8831593740769097,443.866,600,,,,-100.14499999999998,100.14499999999998,-2.8612857142857138,443.866,397.513,363.921,364.544,343.721,5,-2.6068658536585363,0.48966665417706223,0.9042829529804589,-4.165203688064963,-1.0485280192521096,,,35.0,year_difference,NOT_PROVIDED,,,,,True,False,0.8946898181399437,Bulala Sur,51.21167210192407,Medium,Medium,Medium,eroding,Low,Medium,True,medium,1.212183053462653,what-if: 30 m per date,True,50.01115011673541,vector_clean
S1-0020,S1,20,975.0,348858.86971286277,2033304.87673919,0.469073043331295,0.8831593740769085,443.866,600,,,,-101.20099999999996,101.20099999999996,-2.891457142857142,443.866,398.154,363.474,363.521,342.665,5,-2.648774390243901,0.4799190320693227,0.9103452331193708,-4.17609094068825,-1.1214578397995518,,,35.0,year_difference,NOT_PROVIDED,,,,,True,False,0.9443948080369194,Bulala Sur,51.79625597626337,Medium,Medium,Medium,eroding,Low,Medium,True,medium,1.212183053462653,what-if: 30 m per date,True,50.01115011673541,vector_clean
S1-0021,S1,21,1025.0,348903.02768156654,2033281.4230870232,0.4690730433312971,0.8831593740769076,443.866,600,,,,-102.257,102.257,-2.9216285714285717,443.866,398.795,363.027,362.498,341.609,5,-2.690682926829269,0.47050656301245497,0.9159745251541912,-4.188044799899993,-1.1933210537585457,,,35.0,year_difference,NOT_PROVIDED,,,,,True,False,0.9940997979338951,Bulala Sur,52.38083985060274,Medium,Medium,Medium,eroding,Low,Medium,True,medium,1.212183053462653,what-if: 30 m per date,True,50.01116067500266,vector_clean
S1-0022,S1,22,1075.0,348947.1856502703,2033257.9694348564,0.469073043331299,0.8831593740769064,443.866,600,,,,-103.31399999999996,103.31399999999996,-2.9518285714285706,443.866,399.436,362.579,361.476,340.552,5,-2.7325987804878036,0.4614704840418099,0.9211857775257709,-4.201203817424146,-1.2639937435514614,,,35.0,year_difference,NOT_PROVIDED,,,,,True,False,1.0438047878308707,Bulala Sur,52.965223761971444,Medium,Medium,Medium,eroding,Low,Medium,True,medium,1.212183053462653,what-if: 30 m per date,True,50.011160674951846,vector_clean
S1-0023,S1,23,1125.0,348991.3436189741,2033234.51578269,0.4690730433313011,0.8831593740769055,443.866,600,,,,-104.37,104.37,-2.982,443.866,400.077,362.224,360.453,339.496,5,-2.7743951219512195,0.4514458231189774,0.9264130861054276,-4.211097213771971,-1.3376930301304677,,,35.0,year_difference,NOT_PROVIDED,,,,,True,False,1.09350977772776,Bulala Sur,53.56820423389418,Medium,Medium,Medium,eroding,Low,Medium,True,medium,1.212183053462653,what-if: 30 m per date,True,50.01115011668459,vector_clean
S1-0024,S1,24,1175.0,349035.50158767786,2033211.0621305231,0.4690730433313031,0.8831593740769044,443.866,600,,,,-105.42599999999999,105.42599999999999,-3.012171428571428,443.866,400.718,362.071,359.43,338.44,5,-2.8159451219512195,0.4387646245358737,0.9321103715507577,-4.212289980194604,-1.4196002637078349,,,35.0,year_difference,NOT_PROVIDED,,,,,True,False,1.1432147676247357,Bulala Sur,54.21157723499905,Medium,Medium,Medium,eroding,Low,Medium,True,medium,1.212183053462653,what-if: 30 m per date,True,50.011150116786226,vector_clean
S1-0025,S1,25,1225.0,349079.65955638164,2033187.6084783564,0.4690730433313051,0.8831593740769034,443.866,600,,,,-106.48199999999997,106.48199999999997,-3.0423428571428563,443.866,401.359,361.919,358.408,337.384,5,-2.857480487804877,0.4263427442377196,0.9373968818981976,-4.2142933789887245,-1.5006675966210297,,,35.0,year_difference,NOT_PROVIDED,,,,,True,False,1.1929197575217114,Bulala Sur,54.85535016210172,Medium,Medium,Medium,eroding,Low,Medium,True,medium,1.212183053462653,what-if: 30 m per date,True,50.011150116786226,vector_clean
S1-0026,S1,26,1275.0,349123.8175250854,2033164.1548261896,0.4690730433313071,0.8831593740769023,443.866,600,,,,-107.53800000000001,107.53800000000001,-3.072514285714286,443.866,402.0,361.766,357.385,336.328,5,-2.899030487804878,0.41421634563471804,0.9422895413410949,-4.217251766558205,-1.5808092090515504,,,35.0,year_difference,NOT_PROVIDED,,,,,True,False,1.2426247474186871,Bulala Sur,55.498723163206606,Medium,Medium,Medium,eroding,Low,Medium,True,medium,1.212183053462653,what-if: 30 m per date,True,50.01115011673541,vector_clean
S1-0027,S1,27,1325.0,349167.9754937892,2033140.701174023,0.4690730433313091,0.8831593740769013,443.866,600,,,,-108.594,108.594,-3.1026857142857143,443.866,402.015,361.614,356.363,335.272,5,-2.9336951219512195,0.40491721214497206,0.9459386667794228,-4.222322407687765,-1.645067836214674,,,35.0,year_difference,NOT_PROVIDED,,,,,True,False,1.2923297373155764,Bulala Sur,56.01731924251824,Medium,Medium,Medium,eroding,Low,Medium,True,medium,1.212183053462653,what-if: 30 m per date,True,50.01115011668459,vector_clean
S1-0028,S1,28,1375.0,349212.13346249296,2033117.2475218563,0.4690730433313111,0.8831593740769001,443.866,600,,,,-109.64999999999998,109.64999999999998,-3.132857142857142,443.866,397.934,361.461,355.34,334.216,5,-2.9234182926829266,0.418151609085926,0.9421721379703432,-4.254163336066869,-1.5926732492989841,,,35.0,year_difference,NOT_PROVIDED,,,,,True,False,1.3420347272125521,Bulala Sur,55.71646688110046,Medium,Medium,Medium,eroding,Low,Medium,True,medium,1.212183053462653,what-if: 30 m per date,True,50.01115011662188,vector_clean
S1-0029,S1,29,1425.0,349256.29143119673,2033093.7938696896,0.469073043331313,0.8831593740768989,443.866,600,,,,-110.70599999999996,110.70599999999996,-3.1630285714285704,443.866,393.852,361.309,354.317,333.16,5,-2.9131292682926815,0.4410293194434634,0.935663649291071,-4.316681396477319,-1.5095771401080433,,,35.0,year_difference,NOT_PROVIDED,,,,,True,False,1.3917397171095278,Bulala Sur,55.41561451968267,Medium,Medium,Medium,eroding,Low,Medium,True,medium,1.212183053462653,what-if: 30 m per date,True,50.011150116786226,vector_clean
S1-0030,S1,30,1475.0,349300.4493999005,2033070.3402175228,0.4690730433313151,0.883159374076898,443.866,600,,,,-111.762,111.762,-3.1932,443.866,389.771,361.156,353.295,332.104,5,-2.9028390243902433,0.47216771856165135,0.9264645525013269,-4.4054874358010085,-1.4001906129794783,,,35.0,year_difference,NOT_PROVIDED,,,,,True,False,1.4414447070065035,Bulala Norte,55.53357818583767,Medium,Medium,Medium,eroding,Low,Medium,True,medium,1.212183053462653,what-if: 30 m per date,True,50.01115011668459,vector_clean
S1-0031,S1,31,1525.0,349344.6073686043,2033046.8865653563,0.469073043331317,0.8831593740768968,443.866,600,,,,-112.81799999999998,112.81799999999998,-3.223371428571428,443.866,385.69,361.004,352.272,331.048,5,-2.8925609756097557,0.5100271401798304,0.9146869863782157,-4.515694963469473,-1.2694269877500386,,,35.0,year_difference,NOT_PROVIDED,,,,,True,False,1.4911496969033928,Bulala Norte,55.94059818095278,Medium,Medium,Medium,eroding,Medium,Medium,False,high,1.212183053462653,what-if: 30 m per date,True,50.01115011668459,vector_clean
S1-0032,S1,32,1575.0,349388.76533730805,2033023.4329131895,0.4690730433313191,0.8831593740768959,443.866,600,,,,-113.87399999999997,113.87399999999997,-3.253542857142856,443.866,381.959,360.852,351.249,329.992,5,-2.8861243902439013,0.5486691898430286,0.9021845012934249,-4.632234626282853,-1.1400141542049498,,,35.0,year_difference,NOT_PROVIDED,,,,,True,False,1.5408546868003685,Bulala Norte,56.417579180367,Medium,Medium,Medium,eroding,Medium,Medium,False,high,1.212183053462653,what-if: 30 m per date,True,50.01115011673541,vector_clean
S1-0033,S1,33,1625.0,349432.9233060118,2032999.9792610228,0.4690730433313211,0.8831593740768948,443.866,600,,,,-114.93,114.93,-3.283714285714286,443.866,392.288,360.699,350.227,328.936,5,-3.03399268292683,0.4195987062552699,0.9457338026962923,-4.369343035350738,-1.6986423305029228,,,35.0,year_difference,NOT_PROVIDED,,,,,True,False,1.5905596766973442,Bulala Norte,59.70499367583347,Medium,Medium,Medium,eroding,Medium,Medium,False,high,1.212183053462653,what-if: 30 m per date,True,50.01115011673541,vector_clean
S1-0034,S1,34,1675.0,349477.0812747156,2032976.525608856,0.4690730433313231,0.8831593740768938,443.866,600,,,,-115.98599999999999,115.98599999999999,-3.313885714285714,443.866,402.616,360.547,349.204,327.88,5,-3.181862195121951,0.33815299348559713,0.9672272038259506,-4.258015939860815,-2.1057084503830863,,,35.0,year_difference,NOT_PROVIDED,,,,,True,False,1.64026466659432,Bulala Norte,62.99220828250157,Medium,Medium,Medium,eroding,Medium,Medium,False,high,1.212183053462653,what-if: 30 m per date,True,50.01115011673541,vector_clean
S1-0035,S1,35,1725.0,349521.2392434194,2032953.0719566895,0.4690730433313251,0.8831593740768927,443.866,600,,,,-117.04199999999997,117.04199999999997,-3.344057142857142,443.866,412.944,360.394,348.181,326.824,5,-3.329732926829269,0.340447225182616,0.9695917815529871,-4.413187940755775,-2.2462779129027624,,,35.0,year_difference,NOT_PROVIDED,,,,,True,False,1.6899696564912092,Bulala Norte,66.27922300083301,Medium,Medium,Medium,eroding,Medium,Medium,False,high,1.212183053462653,what-if: 30 m per date,True,50.01115011657106,vector_clean
S1-0036,S1,36,1775.0,349565.39721212315,2032929.6183045227,0.4690730433313271,0.8831593740768917,443.866,600,,,,-118.09800000000001,118.09800000000001,-3.374228571428572,443.866,416.062,360.242,347.159,325.768,5,-3.398454878048781,0.35455045940518287,0.9683801206206649,-4.526792677619446,-2.2701170784781155,,,35.0,year_difference,NOT_PROVIDED,,,,,True,False,1.7396746463881847,Bulala Norte,68.12544080312779,Medium,Medium,Medium,eroding,Medium,Medium,False,high,1.212183053462653,what-if: 30 m per date,True,50.01116067516701,vector_clean
S1-0037,S1,37,1825.0,349609.5551808269,2032906.164652356,0.4690730433313291,0.8831593740768906,443.866,600,,,,-119.15499999999997,119.15499999999997,-3.4044285714285705,443.866,418.665,360.089,346.136,324.711,5,-3.461558536585365,0.37168390134140356,0.9665683384539387,-4.644422595142749,-2.2786944780279814,,,35.0,year_difference,NOT_PROVIDED,,,,,True,False,1.7893796362851606,Bulala Norte,69.86811631855684,Medium,Medium,Medium,eroding,Medium,Medium,False,high,1.212183053462653,what-if: 30 m per date,True,50.011160675053475,vector_clean
S1-0038,S1,38,1875.0,349653.7131495307,2032882.7110001892,0.469073043331331,0.8831593740768894,443.866,600,,,,-120.21100000000001,120.21100000000001,-3.4346000000000005,443.866,421.268,359.937,345.114,323.655,5,-3.524628048780488,0.39394723685896277,0.9638763111361084,-4.77834397719902,-2.270912120361956,,,35.0,year_difference,NOT_PROVIDED,,,,,True,False,1.839084626182136,Bulala Norte,71.61139149983234,Medium,Medium,Medium,eroding,Medium,Medium,False,high,1.212183053462653,what-if: 30 m per date,True,49.63002819724405,vector_clean
S1-0039,S1,39,1925.0,349695.36152053095,2032860.4833975136,0.47461754595570393,0.8801921296347663,443.866,600,,,,-121.25299999999999,121.25299999999999,-3.464371428571428,443.969,423.968,359.887,344.205,322.716,5,-3.5872256097560977,0.4205361551997168,0.9604028444945204,-4.9255593431096525,-2.248891876402543,,,35.0,year_difference,NOT_PROVIDED,,,,,True,False,1.886004366730288,Bulala Norte,73.34555198799129,Medium,Medium,Medium,eroding,Medium,Medium,False,high,1.212183053462653,what-if: 30 m per date,True,49.0430212655734,vector_clean
S1-0040,S1,40,1975.0,349735.5165496315,2032838.581596046,0.48304354854916,0.875596328341454,443.866,600,,,,-122.298,122.298,-3.4942285714285717,444.524,427.116,360.283,343.746,322.226,5,-3.6498719512195126,0.4506733871126401,0.9562612486000704,-5.084115806925828,-2.215628095513197,,,35.0,year_difference,NOT_PROVIDED,,,,,True,False,1.9314163361168373,Bulala Norte,75.07611015363807,Medium,Medium,Medium,eroding,Medium,Medium,False,high,1.212183053462653,what-if: 30 m per date,True,48.83462768655769,vector_clean
S1-0041,S1,41,2025.0,349775.45915150305,2032816.2955737233,0.49142584759473995,0.8709194201048633,443.866,600,,,,-122.094,122.094,-3.4884,444.299,430.242,361.151,343.757,322.205,5,-3.678171951219512,0.48280876912358744,0.9508504319634336,-5.214684934675447,-2.1416589677635764,,,35.0,year_difference,NOT_PROVIDED,,,,,True,False,1.9767733545850332,Bulala Norte,76.45474387525566,Medium,Medium,Medium,eroding,Medium,Medium,False,high,1.212183053462653,what-if: 30 m per date,True,48.834274465047535,vector_clean
S1-0042,S1,42,2075.0,349815.18668394216,2032793.6268268095,0.49976136034486407,0.8661631386212709,443.866,600,,,,-121.24099999999999,121.24099999999999,-3.464028571428571,443.894,424.905,358.38,344.24,322.653,5,-3.5983695121951214,0.45495405523315346,0.9542383489907427,-5.04623636434571,-2.1505026600445323,,,35.0,year_difference,NOT_PROVIDED,,,,,True,False,2.022072413600391,Bulala Norte,75.0912615627312,Medium,Medium,Medium,eroding,Medium,Medium,False,high,1.212183053462653,what-if: 30 m per date,True,49.22103278117668,vector_clean
S1-0043,S1,43,2125.0,349857.1633773956,2032769.2526667006,0.5026074481861658,0.8645147500348335,443.866,600,,,,-120.596,120.596,-3.4456,443.866,419.937,348.317,345.102,323.27,5,-3.5318634146341465,0.5734522392423337,0.9267088914745147,-5.35684437466758,-1.7068824546007129,,,35.0,year_difference,NOT_PROVIDED,,,,,True,False,2.070092429838169,Bulala Norte,72.15485093702401,Medium,Medium,Medium,eroding,Medium,Medium,False,high,1.212183053462653,what-if: 30 m per date,True,49.80451143840616,vector_clean
S1-0044,S1,44,2175.0,349900.38911489735,2032744.1222942914,0.5026074481861658,0.8645147500348335,443.866,600,,,,-120.01400000000001,120.01400000000001,-3.428971428571429,443.866,414.992,338.224,345.998,323.852,5,-3.4665219512195127,0.7226927232776084,0.8846512706522249,-5.766452738269758,-1.166591164169267,,,35.0,year_difference,NOT_PROVIDED,,,,,True,False,2.1195527779063155,Bulala Norte,69.19334592994181,Medium,Medium,Medium,eroding,Medium,Medium,False,high,1.212183053462653,what-if: 30 m per date,True,50.003387124608665,vector_clean
S1-0045,S1,45,2225.0,349943.6148523991,2032718.9919218821,0.5026074481861658,0.8645147500348335,443.866,600,,,,-119.43199999999996,119.43199999999996,-3.412342857142856,443.866,410.046,328.132,346.894,324.434,5,-3.4011682926829256,0.886886279722953,0.830574272730731,-6.22363625679405,-0.5787003285718009,,,35.0,year_difference,NOT_PROVIDED,,,,,True,False,2.169013125974462,Bulala Norte,66.23184092268679,Medium,Medium,Medium,eroding,Medium,Medium,False,high,1.212183053462653,what-if: 30 m per date,True,50.003392946712886,vector_clean
S1-0046,S1,46,2275.0,349986.8405899008,2032693.8615494727,0.5026074481861658,0.8645147500348335,443.866,600,,,,-118.84899999999999,125.03399999999999,-3.395685714285714,443.866,405.101,318.832,347.791,325.017,5,-3.3348268292682928,1.0449680581358942,0.7724604217188529,-6.660381565022361,-0.009272093514225421,,,35.0,year_difference,NOT_PROVIDED,,,,,True,False,2.218473474042641,Bulala Norte,63.429333935212156,Medium,Medium,Medium,eroding,Medium,Medium,False,high,1.212183053462653,what-if: 30 m per date,True,50.0033929467769,vector_clean
S1-0047,S1,47,2325.0,350030.06632740254,2032668.7311770634,0.5026074481861658,0.8645147500348335,443.866,600,,,,-118.267,124.43599999999998,-3.3790571428571425,443.866,400.156,319.43,348.687,325.599,5,-3.2564475609756096,1.032572571702031,0.7682675981363497,-6.5425543267260355,0.029659204774815873,,,35.0,year_difference,NOT_PROVIDED,,,,,True,False,2.2679338221107876,Bulala Norte,62.60600229881212,Medium,Medium,Medium,eroding,Medium,Medium,False,high,1.212183053462653,what-if: 30 m per date,True,50.003387124659326,vector_clean
S1-0048,S1,48,2375.0,350073.2920649043,2032643.6008046542,0.5026074481861658,0.8645147500348335,443.866,600,,,,-117.685,123.839,-3.3624285714285715,443.866,395.21,320.027,349.583,326.181,5,-3.1780585365853655,1.0276941444954297,0.761204314581837,-6.448639969696547,0.09252289652581558,,,35.0,year_difference,NOT_PROVIDED,,,,,True,False,2.3173941701789347,Bulala Norte,61.782270667604315,Medium,Medium,Medium,eroding,Medium,Medium,False,high,1.212183053462653,what-if: 30 m per date,True,50.003387124659326,vector_clean
S1-0049,S1,49,2425.0,350116.51780240604,2032618.470432245,0.5026074481861658,0.8645147500348335,443.866,600,,,,-117.10300000000001,123.24099999999999,-3.3458,443.866,392.677,320.625,350.616,326.763,5,-3.124314634146342,1.028346432568222,0.7547138868421048,-6.396971939024761,0.14834267073207696,,,35.0,year_difference,NOT_PROVIDED,,,,,True,False,2.3668545182470813,Bulala Norte,61.46873268225999,Medium,Medium,Medium,eroding,Medium,Medium,False,high,1.212183053462653,what-if: 30 m per date,True,50.0033929467769,vector_clean
S1-0050,S1,50,2475.0,350159.7435399078,2032593.3400598355,0.5026074481861658,0.8645147500348335,443.866,600,,,,-116.51999999999998,122.644,-3.3291428571428567,443.866,391.509,321.222,352.517,327.346,5,-3.073890243902439,1.0356357766310553,0.7459721879882539,-6.369745494861565,0.22196500705668631,,,35.0,year_difference,NOT_PROVIDED,,,,,True,False,2.4163148663153144,Bulala Norte,61.60178913468822,Medium,Medium,Medium,eroding,Medium,Medium,False,high,1.212183053462653,what-if: 30 m per date,True,50.00339294666223,vector_clean
S1-0051,S1,51,2525.0,350202.96927740955,2032568.2096874262,0.5026074481861658,0.8645147500348335,443.866,600,,,,-115.93799999999999,122.04599999999999,-3.3125142857142853,443.866,390.341,321.82,354.418,327.928,5,-3.0234841463414637,1.0439673555377278,0.7365572687390072,-6.345854199809308,0.29888590712638097,,,35.0,year_difference,NOT_PROVIDED,,,,,True,False,2.465775214383461,Bulala Norte,61.734845587520205,Medium,Medium,Medium,eroding,Medium,Medium,False,high,1.212183053462653,what-if: 30 m per date,True,50.003387124659326,vector_clean
S1-0052,S1,52,2575.0,350246.1950149113,2032543.079315017,0.5026074481861658,0.8645147500348335,443.866,600,,,,-115.356,121.44900000000001,-3.2958857142857143,443.866,389.173,322.417,356.319,328.51,5,-2.9730792682926825,1.0533533589059902,0.7264383521203104,-6.325319773501235,0.37916123691586945,,,35.0,year_difference,NOT_PROVIDED,,,,,True,False,2.5152355624516076,Bulala Norte,61.86770204271752,Medium,Medium,Medium,eroding,Medium,Medium,False,high,1.212183053462653,what-if: 30 m per date,True,50.003387124824656,vector_clean
S1-0053,S1,53,2625.0,350289.420752413,2032517.9489426075,0.5026074481861658,0.8645147500348335,443.866,600,,,,-114.774,120.85199999999998,-3.279257142857143,443.866,388.005,323.014,358.22,329.092,5,-2.9226743902439023,1.0637494459911216,0.7156094564674028,-6.307999884385938,0.4626511038981338,,,35.0,year_difference,NOT_PROVIDED,,,,,True,False,2.5646959105197866,Bulala Norte,62.000558497712866,Medium,Medium,Medium,eroding,Medium,Medium,False,high,1.212183053462653,what-if: 30 m per date,True,50.00339294661157,vector_clean
S1-0054,S1,54,2675.0,350332.64648991474,2032492.8185701983,0.5026074481861658,0.8645147500348335,443.866,600,,,,-114.19099999999997,120.25399999999996,-3.262599999999999,443.866,386.837,323.612,360.121,329.675,5,-2.8722487804878045,1.0751128819630646,0.7040641833945758,-6.293737799454078,0.5492402384784696,,,35.0,year_difference,NOT_PROVIDED,,,,,True,False,2.614156258587933,Bulala Norte,62.1338149479197,Medium,Medium,Medium,eroding,Medium,Medium,False,high,1.212183053462653,what-if: 30 m per date,True,50.00339294666223,vector_clean
S1-0055,S1,55,2725.0,350375.8722274165,2032467.688197789,0.5026074481861658,0.8645147500348335,443.866,600,,,,-113.60899999999998,120.26599999999996,-3.245971428571428,443.866,385.669,323.6,362.021,330.257,5,-2.822599999999999,1.0970447867920592,0.688145719738062,-6.31388612845714,0.6686861284571424,,,35.0,year_difference,NOT_PROVIDED,,,,,True,False,2.66361660665608,Bulala Norte,62.1446729224353,Medium,Medium,Medium,eroding,Medium,Medium,False,high,1.212183053462653,what-if: 30 m per date,True,50.003387124773994,vector_clean
S1-0056,S1,56,2775.0,350419.09796491824,2032442.5578253798,0.5026074481861658,0.8645147500348335,443.866,600,,,,-113.02699999999999,120.39699999999999,-3.2293428571428566,443.866,384.501,323.469,363.922,330.839,5,-2.773082926829267,1.1214860074304078,0.6708424628807648,-6.342151927603545,0.7959860739450111,,,35.0,year_difference,NOT_PROVIDED,,,,,True,False,2.713076954724227,Bulala Norte,62.13193119103558,Medium,Medium,Medium,eroding,Medium,Medium,False,high,1.212183053462653,what-if: 30 m per date,True,50.003387124659326,vector_clean
S1-0057,S1,57,2825.0,350462.32370242,2032417.4274529703,0.5026074481861658,0.8645147500348335,443.866,600,,,,-112.445,120.529,-3.2127142857142856,443.866,383.333,323.337,365.823,331.421,5,-2.7235670731707327,1.146500662197411,0.6529074205547261,-6.372243869586208,0.9251097232447423,,,35.0,year_difference,NOT_PROVIDED,,,,,True,False,2.7625373027924596,Linao,60.16383996975671,Medium,Medium,Medium,eroding,Medium,Medium,False,high,1.212183053462653,what-if: 30 m per date,True,50.00339294666223,vector_clean
S1-0058,S1,58,2875.0,350505.54943992174,2032392.297080561,0.5026074481861658,0.8645147500348335,443.866,600,,,,-111.86199999999997,120.65999999999997,-3.196057142857142,443.866,382.165,323.206,368.596,332.004,5,-2.6623329268292677,1.1803506286822043,0.6290562377279116,-6.418735424018251,1.0940695703597152,,,35.0,year_difference,NOT_PROVIDED,,,,,True,False,2.8119976508606066,Linao,58.34854072334295,Medium,Medium,Medium,eroding,Low,Medium,True,medium,1.212183053462653,what-if: 30 m per date,True,50.0033929467769,vector_clean
S1-0059,S1,59,2925.0,350548.7751774235,2032367.1667081518,0.5026074481861658,0.8645147500348335,443.866,600,,,,-111.27999999999997,120.791,-3.179428571428571,443.866,380.997,323.075,372.175,332.586,5,-2.590306097560975,1.2231198337161822,0.5991993430413878,-6.482819293290262,1.3022070981683123,,,35.0,year_difference,NOT_PROVIDED,,,,,True,False,2.861457998928753,Linao,56.69408180270876,Medium,Medium,Medium,eroding,Low,Medium,True,medium,1.212183053462653,what-if: 30 m per date,True,50.00338712470999,vector_clean
S1-0060,S1,60,2975.0,350592.0009149252,2032342.0363357423,0.5026074481861658,0.8645147500348335,443.866,600,,,,-110.69799999999998,120.92199999999997,-3.1627999999999994,443.866,379.828,322.944,375.753,333.168,5,-2.5182817073170725,1.2672110006678612,0.568296548841204,-6.551112674407378,1.5145492597732328,,,35.0,year_difference,NOT_PROVIDED,,,,,True,False,2.910918346996932,Linao,55.03922327858355,Medium,Medium,Medium,eroding,Low,Medium,True,medium,1.212183053462653,what-if: 30 m per date,True,50.003387124659326,vector_clean
S1-0061,S1,61,3025.0,350635.22665242694,2032316.905963333,0.5026074481861658,0.8645147500348335,443.866,600,,,,-110.11599999999999,118.67500000000001,-3.146171428571428,443.866,378.66,325.191,379.332,333.75,5,-2.4433548780487806,1.2785705578316162,0.5490037869761926,-6.512337025864537,1.6256272697669756,,,35.0,year_difference,NOT_PROVIDED,,,,,True,False,2.960378695065079,Linao,53.85989267385253,Medium,Medium,Medium,eroding,Low,Medium,True,medium,1.212183053462653,what-if: 30 m per date,True,50.00339294672624,vector_clean
S1-0062,S1,62,3075.0,350678.4523899287,2032291.7755909238,0.5026074481861658,0.8645147500348335,443.866,600,,,,-109.53299999999996,114.791,-3.1295142857142846,443.866,377.492,329.075,382.91,334.333,5,-2.3664256097560967,1.2706043153251232,0.5362273379370615,-6.4100556185400706,1.677204399027877,,,35.0,year_difference,NOT_PROVIDED,,,,,True,False,3.0098390431332254,Linao,53.00763736479603,Medium,Medium,Medium,eroding,Low,Medium,True,medium,1.212183053462653,what-if: 30 m per date,True,50.003392946712886,vector_clean
S1-0063,S1,63,3125.0,350721.67812743044,2032266.6452185146,0.5026074481861658,0.8645147500348335,443.866,600,,,,-108.95099999999996,110.906,-3.112885714285713,443.866,376.324,332.96,386.488,334.915,5,-2.289514634146341,1.2674862430940466,0.5209867112639932,-6.323221545478917,1.7441922771862353,,,35.0,year_difference,NOT_PROVIDED,,,,,True,False,3.059299391201372,Linao,52.15538205573956,Medium,Medium,Medium,eroding,Low,Medium,True,medium,1.212183053462653,what-if: 30 m per date,True,50.003387124659326,vector_clean
S1-0064,S1,64,3175.0,350764.9038649322,2032241.5148461051,0.5026074481861658,0.8645147500348335,443.866,600,,,,-108.36899999999997,108.36899999999997,-3.096257142857142,443.866,374.802,336.845,390.067,335.497,5,-2.20870487804878,1.2716763409653136,0.501382090364024,-6.255746550870546,1.8383367947729865,,,35.0,year_difference,NOT_PROVIDED,,,,,True,False,3.108759739269605,Linao,51.23259676538874,Medium,Medium,Medium,eroding,Low,Medium,True,medium,1.212183053462653,what-if: 30 m per date,True,50.00563604038445,vector_clean
S1-0065,S1,65,3225.0,350808.1456162811,2032216.3751640893,0.5025713700744059,0.8645357239475616,443.866,600,,,,-107.78699999999998,107.78699999999998,-3.0796285714285707,443.866,372.543,340.729,393.645,336.079,5,-2.1198207317073168,1.2866763063870048,0.475002355470278,-6.214598989064728,1.9749575256500949,,,35.0,year_difference,NOT_PROVIDED,,,,,True,False,3.158238410756559,Linao,50.16203456170207,Medium,Medium,Medium,eroding,Low,Medium,True,medium,1.212183053462653,what-if: 30 m per date,True,50.63672461420756,vector_clean
S1-0066,S1,66,3275.0,350856.0123059451,2032188.8463921035,0.4923723026318613,0.8703846940295991,443.866,600,,,,-107.197,107.197,-3.0627714285714287,443.638,369.112,343.35,397.847,336.441,5,-2.0102524390243905,1.3366740177217855,0.4298506352296879,-6.264145728091816,2.243640850043035,,,35.0,year_difference,NOT_PROVIDED,,,,,True,False,3.212898038231983,Linao,48.83842355715701,Medium,Medium,Medium,eroding,Low,Medium,True,medium,1.212183053462653,what-if: 30 m per date,True,51.45641616412793,vector_clean
S1-0067,S1,67,3325.0,350905.6526351305,2032161.2640920188,0.47900223944299913,0.8778136787545474,443.866,600,,,,-106.62700000000001,110.11400000000003,-3.0464857142857147,442.665,363.805,332.551,401.658,336.038,5,-1.899369512195122,1.5322626495912635,0.3387075122256973,-6.775713120111063,2.976974095720819,,,35.0,year_difference,NOT_PROVIDED,,,,,True,False,3.269224905477103,Linao,44.82485520304477,Medium,Medium,Low,eroding,Low,Medium,True,medium,1.212183053462653,what-if: 30 m per date,False,51.66026234020796,vector_clean
S1-0068,S1,68,3375.0,350955.7100336865,2032134.443857038,0.4655179604970333,0.8850384333206567,443.866,600,,,,-108.089,122.40499999999997,-3.088257142857143,443.291,359.745,320.886,404.686,335.202,5,-1.8592317073170734,1.7379396265459108,0.27614076699315127,-7.390131250624254,3.6716678359901067,,,35.0,year_difference,NOT_PROVIDED,,,,,True,False,3.32565680614192,Linao,41.743409049264194,Medium,Medium,Low,eroding,Low,Medium,True,medium,1.212183053462653,what-if: 30 m per date,False,51.67042148776965,vector_clean
S1-0069,S1,69,3425.0,351006.1500284095,2032108.4033700489,0.45197373167723637,0.8920312471397812,443.866,600,,,,-107.08300000000003,119.87,-3.0595142857142865,443.846,361.515,323.976,406.937,336.763,5,-1.8270951219512197,1.7189697450692991,0.2735653767900582,-7.297624036041488,3.6434337921390485,,,35.0,year_difference,NOT_PROVIDED,,,,,True,False,3.3821551688475067,Linao,43.869508539148306,Medium,Medium,Low,eroding,Low,Medium,True,medium,1.212183053462653,what-if: 30 m per date,False,51.0253925430479,vector_clean
S1-0070,S1,70,3475.0,351052.2050054996,2032085.2444943527,0.4488560839647635,0.893604059910102,443.866,600,,,,-106.118,106.118,-3.031942857142857,443.866,362.713,341.851,408.108,337.748,5,-1.7839804878048782,1.534441041537403,0.31061398344298363,-6.66725671112127,3.0992957355115145,,,35.0,year_difference,NOT_PROVIDED,,,,,True,False,3.433512936811391,Linao,48.93151788446827,Medium,Medium,Low,eroding,Low,Medium,True,medium,1.212183053462653,what-if: 30 m per date,False,50.19618776330185,vector_clean
S1-0071,S1,71,3525.0,351096.8852084951,2032062.8016901545,0.4488560839647635,0.893604059910102,443.866,600,,,,-105.15999999999997,105.15999999999997,-3.0045714285714276,443.866,362.695,359.558,409.143,338.706,5,-1.7296121951219507,1.405363474941058,0.3355006977546595,-6.202105993528794,2.742881603284892,,,35.0,year_difference,NOT_PROVIDED,,,,,True,False,3.4833284638416053,Linao,53.69668143753192,Medium,Medium,Low,eroding,Low,Medium,True,medium,1.212183053462653,what-if: 30 m per date,False,50.00916722124355,vector_clean
S1-0072,S1,72,3575.0,351141.56541149056,2032040.3588859562,0.4488560839647635,0.893604059910102,443.866,600,,,,-104.20299999999997,104.20299999999997,-2.977228571428571,443.866,357.044,366.839,410.179,339.663,5,-1.6261390243902436,1.4379671320111589,0.2988759818275528,-6.202392210778566,2.950114161998078,,,35.0,year_difference,NOT_PROVIDED,,,,,True,False,3.5331439908718187,Linao,55.25048680199079,Medium,Medium,Low,eroding,Low,Medium,True,medium,1.212183053462653,what-if: 30 m per date,False,50.0091576510318,vector_clean
S1-0073,S1,73,3625.0,351186.24561448605,2032017.916081758,0.4488560839647635,0.893604059910102,443.866,600,,,,-103.24599999999998,103.24599999999998,-2.949885714285714,443.866,350.885,370.494,411.214,340.62,5,-1.5215256097560967,1.5068057012252074,0.2536632690213435,-6.316853846400685,3.273802626888491,,,35.0,year_difference,NOT_PROVIDED,,,,,True,False,3.582959517902033,Linao,55.97740592763355,Medium,Medium,Low,eroding,Low,Medium,True,medium,1.212183053462653,what-if: 30 m per date,False,50.11514586660616,vector_clean
S1-0074,S1,74,3675.0,351230.9258174816,2031995.4732775597,0.4488560839647635,0.893604059910102,443.866,600,,,,-98.83299999999997,99.13999999999999,-2.823799999999999,443.866,344.726,374.149,412.249,345.033,5,-1.349478048780487,1.5677861759234346,0.19805335647848998,-6.338873371822895,3.6399172742619212,,,35.0,year_difference,NOT_PROVIDED,,,,,True,False,3.632775044932301,Linao,41.8411449933444,Medium,Medium,Low,eroding,Low,Medium,True,medium,1.212183053462653,what-if: 30 m per date,False,50.2450416169381,vector_clean
S1-0075,S1,75,3725.0,351275.6060204771,2031973.0304733613,0.4488560839647635,0.893604059910102,443.866,600,,,,-93.63999999999999,105.298,-2.675428571428571,443.866,338.568,370.693,413.285,350.226,5,-1.1708804878048773,1.6499478195109278,0.1437375853102466,-6.42175082991834,4.079989854308584,,,35.0,year_difference,NOT_PROVIDED,,,,,True,False,3.682590571962601,Linao,18.21619569442187,Medium,Medium,Low,eroding,Low,Medium,True,medium,1.212183053462653,what-if: 30 m per date,False,50.22530889410344,vector_clean
S1-0076,S1,76,3775.0,351320.28622347256,2031950.587669163,0.4488560839647635,0.893604059910102,443.866,600,,,,-89.81599999999997,104.86899999999997,-2.566171428571428,443.866,338.997,366.038,418.221,354.05,5,-1.0404365853658533,1.7003095410325109,0.11096200914560905,-6.451580402063405,4.370707231331698,,,35.0,year_difference,NOT_PROVIDED,,,,,True,False,3.7324060989928154,Linao,0.0,Medium,Medium,Low,eroding,Low,Medium,True,medium,1.212183053462653,what-if: 30 m per date,False,50.09808134558667,vector_clean
S1-0077,S1,77,3825.0,351364.96642646805,2031928.1448649648,0.4488560839647635,0.893604059910102,443.866,600,,,,-88.61199999999997,103.56299999999999,-2.5317714285714277,443.866,340.303,364.421,423.891,355.254,5,-0.957189024390243,1.7496885296222162,0.0907099855735104,-6.525478820883748,4.611100772103262,,,35.0,year_difference,NOT_PROVIDED,,,,,True,False,3.7822216260230292,Linao,0.0,Medium,Medium,Low,eroding,Low,Medium,True,medium,1.212183053462653,what-if: 30 m per date,False,50.0144820248764,vector_clean
S1-0078,S1,78,3875.0,351409.6466294636,2031905.7020607665,0.4488560839647635,0.893604059910102,443.866,600,,,,-87.40899999999999,102.25799999999998,-2.4974,443.866,341.608,363.208,429.561,356.457,5,-0.8734573170731712,1.800962903301319,0.07270596633231541,-6.604925054637474,4.858010420491131,,,35.0,year_difference,NOT_PROVIDED,,,,,True,False,3.832037153053297,Linao,0.0,Medium,Medium,Low,eroding,Low,Medium,True,medium,1.212183053462653,what-if: 30 m per date,False,50.01446999535921,vector_clean
S1-0079,S1,79,3925.0,351454.3268324591,2031883.2592565683,0.4488560839647635,0.893604059910102,443.866,600,,,,-86.20599999999996,97.07999999999998,-2.4630285714285702,443.866,346.786,374.746,435.23,357.66,5,-0.8166975609756086,1.7498704663088074,0.06769367476198684,-6.385566361205152,4.752171239253935,,,35.0,year_difference,NOT_PROVIDED,,,,,True,False,3.881852680083511,Linao,0.0,Medium,Medium,Low,eroding,Low,Medium,True,medium,1.212183053462653,what-if: 30 m per date,False,50.01448202482377,vector_clean
S1-0080,S1,80,3975.0,351499.00703545456,2031860.81645237,0.4488560839647635,0.893604059910102,443.866,600,,,,-85.00200000000001,89.53399999999999,-2.428628571428572,443.866,354.332,385.493,440.9,358.864,5,-0.7868597560975614,1.6896115796809186,0.06741956679958272,-6.16395788521767,4.590238373022547,,,35.0,year_difference,NOT_PROVIDED,,,,,True,False,3.931668207113725,Linao,0.0,Medium,Medium,Low,eroding,Low,Medium,True,medium,1.212183053462653,what-if: 30 m per date,False,50.05970217372936,vector_clean
S1-0081,S1,81,4025.0,351543.68723845005,2031838.3736481718,0.4488560839647635,0.893604059910102,443.866,600,,,,-83.00799999999998,85.71100000000001,-2.3716571428571425,443.866,361.708,387.474,446.569,360.858,5,-0.7504451219512193,1.660924543389475,0.06371269182206063,-6.0362482984160835,4.535358054513646,,,35.0,year_difference,NOT_PROVIDED,,,,,True,False,3.9814837341439393,Linao,0.0,Medium,Medium,Low,eroding,Low,Medium,True,medium,1.212183053462653,what-if: 30 m per date,False,50.58204442762687,vector_clean
S1-0082,S1,82,4075.0,351588.3674414456,2031815.9308439735,0.4488560839647635,0.893604059910102,443.866,600,,,,-72.66199999999998,83.214,-2.076057142857142,443.866,369.025,389.999,452.239,371.204,5,-0.5497402439024385,1.5818223238327334,0.03870226011258593,-5.58380485399921,4.484324366194333,,,35.0,year_difference,NOT_PROVIDED,,,,,True,False,4.031299261174207,Linao,0.0,Medium,Medium,Low,eroding,Low,Medium,True,medium,1.212183053462653,what-if: 30 m per date,False,51.05927988300379,vector_clean
S1-0083,S1,83,4125.0,351633.0476444411,2031793.4880397753,0.4488560839647635,0.893604059910102,443.866,600,,,,-62.315,81.56700000000001,-1.7804285714285715,443.866,376.342,402.055,457.909,381.551,5,-0.3373926829268291,1.4715014105057336,0.017222021062917703,-5.020366910010566,4.345581544156907,,,35.0,year_difference,NOT_PROVIDED,,,,,True,False,4.081114788204421,Linao,0.0,Low,Low,Low,eroding,Low,Medium,True,medium,1.212183053462653,what-if: 30 m per date,True,52.032007541743724,vector_clean
S1-0084,S1,84,4175.0,351677.72784743656,2031771.045235577,0.4488560839647635,0.893604059910102,443.866,600,,,,-47.67599999999999,89.469,-1.3621714285714281,443.866,374.109,414.112,463.578,396.19,5,0.0635060975609758,1.4482427366908666,0.0006405434667868803,-4.545448648974839,4.67246084409679,,,35.0,year_difference,NOT_PROVIDED,,,,,True,False,4.130930315234636,Linao,0.0,Low,Low,Low,eroding,Low,Medium,True,medium,1.212183053462653,what-if: 30 m per date,True,53.187435567635255,vector_clean
S1-0085,S1,85,4225.0,351722.40805043204,2031748.6024313788,0.4488560839647635,0.893604059910102,443.866,600,,,,-29.010999999999967,113.65199999999999,-0.8288857142857133,443.866,368.488,482.14,469.248,414.855,5,0.6484170731707323,1.7983761750242089,0.041533954227446435,-5.074818540545309,6.371652686886772,,,35.0,year_difference,NOT_PROVIDED,,,,,True,False,4.180745842264849,Linao,0.0,Low,Low,Low,eroding,Low,Medium,True,medium,1.212183053462653,what-if: 30 m per date,True,53.370412123687714,vector_clean
S1-0086,S1,86,4275.0,351767.0882534276,2031726.1596271805,0.4488560839647635,0.893604059910102,443.866,600,,,,-10.34499999999997,146.392,-0.2955714285714277,443.866,362.868,509.26,474.917,433.521,5,1.1834353658536587,2.0908825486929286,0.0964818130032149,-5.470686076016334,7.837556807723652,,,35.0,year_difference,NOT_PROVIDED,,,,,True,False,4.230561369295118,Linao,0.0,Low,Low,Low,eroding,Low,Low,False,high,1.212183053462653,what-if: 30 m per date,True,54.240784122414055,vector_clean
S1-0087,S1,87,4325.0,351811.7684564231,2031703.7168229823,0.4488560839647635,0.893604059910102,443.866,600,,,,12.461000000000013,179.132,0.3560285714285718,443.866,357.248,536.38,480.164,456.327,5,1.7935731707317075,2.410937456456936,0.15574638753140535,-5.8791058298397685,9.466252171303184,,,35.0,year_difference,NOT_PROVIDED,,,,,True,False,4.280376896325332,Linao,0.0,Low,Low,Low,accreting,Low,Low,False,high,1.212183053462653,what-if: 30 m per date,True,56.16545099414814,vector_clean
S1-0088,S1,88,4375.0,351856.44865941856,2031681.274018784,0.4488560839647635,0.893604059910102,443.866,600,,,,40.28399999999999,202.24200000000002,1.1509714285714283,443.866,362.282,564.524,484.311,484.15,5,2.3711621951219506,2.628175401240596,0.21342013965925533,-5.992864900193711,10.735189290437612,,,35.0,year_difference,NOT_PROVIDED,,,,,True,False,4.3301924233555456,Linao,0.0,Low,Low,Low,accreting,Low,Low,False,high,1.212183053462653,what-if: 30 m per date,True,57.21992073480424,vector_clean
S1-0089,S1,89,4425.0,351901.12886241404,2031658.8312145858,0.4488560839647635,0.893604059910102,443.866,600,,,,68.10700000000003,233.26200000000006,1.9459142857142866,443.866,368.515,601.777,488.459,511.973,5,2.9467134146341474,3.0239762994466064,0.24042029764902584,-6.676928786805203,12.570355616073499,,,35.0,year_difference,NOT_PROVIDED,,,,,True,False,4.380007950385759,Linao,0.0,Low,Low,Low,accreting,Low,Low,False,high,1.212183053462653,what-if: 30 m per date,True,56.75817090167414,vector_clean
S1-0090,S1,90,4475.0,351945.8090654096,2031636.3884103876,0.4488560839647635,0.893604059910102,443.866,600,,,,93.37,264.281,2.6677142857142857,443.866,374.748,639.029,492.607,537.236,5,3.4723121951219516,3.4741383550620184,0.24980288351809266,-7.583946576989588,14.52857096723349,,,35.0,year_difference,NOT_PROVIDED,,,,,True,False,4.429823477416027,Linao,0.0,Low,Low,Low,accreting,Low,Low,False,high,1.212183053462653,what-if: 30 m per date,True,53.742792999103756,vector_clean
S1-0091,S1,91,4525.0,351990.76930592087,2031613.8109898365,0.44823052931748286,0.8939180010424721,443.866,600,,,,104.668,283.20700000000005,2.9905142857142857,443.861,383.522,666.729,496.746,548.529,5,3.6857829268292677,3.795213068911858,0.23918963168420526,-8.392278882093716,15.76384473575225,,,35.0,year_difference,NOT_PROVIDED,,,,,True,False,4.479948987964226,Linao,0.0,Low,Low,Low,accreting,Low,Low,False,high,1.212183053462653,what-if: 30 m per date,True,51.08441576184068,vector_clean
S1-0092,S1,92,4575.0,352036.4153845371,2031590.9894695568,0.44614851787402116,0.894958937604857,443.866,600,,,,115.92000000000002,273.95899999999995,3.3120000000000003,443.768,393.99,667.949,500.789,559.688,5,3.8465048780487807,3.671569977310082,0.26785727748128185,-7.8380694308322765,15.531079186929837,,,35.0,year_difference,NOT_PROVIDED,,,,,True,False,4.53080196587342,Linao,0.0,Low,Low,Low,accreting,Low,Low,False,high,1.212183053462653,what-if: 30 m per date,True,50.953233639712536,vector_clean
S1-0093,S1,93,4625.0,352082.11447265284,2031568.2742582557,0.4440640653450489,0.8959950367436351,443.866,600,,,,127.02200000000005,253.20800000000003,3.6292000000000013,443.698,405.258,658.466,507.295,570.72,5,4.015423170731709,3.3514165854776294,0.3236401414188007,-6.650280159188113,14.68112650065153,,,35.0,year_difference,NOT_PROVIDED,,,,,True,False,4.581664792010463,Linao,0.0,Low,Low,Low,accreting,Low,Low,False,high,1.212183053462653,what-if: 30 m per date,True,50.73193741566087,vector_clean
S1-0094,S1,94,4675.0,352127.8663077474,2031545.665486818,0.44197721693643843,0.8970262759301538,443.866,600,,,,135.20499999999998,258.96399999999994,3.8629999999999995,443.838,419.966,678.93,517.424,579.043,5,4.173982926829267,3.490137952206356,0.3228394225616117,-6.9331937041002965,15.28115955775883,,,35.0,year_difference,NOT_PROVIDED,,,,,True,False,4.632537174044434,Linao,0.0,Low,Low,Low,accreting,Low,Low,False,high,1.212183053462653,what-if: 30 m per date,True,50.183656955708855,vector_clean
S1-0095,S1,95,4725.0,352173.3880698901,2031523.2958490432,0.44051928902493787,0.8977431458925005,443.866,600,,,,137.43399999999997,242.47699999999998,3.9266857142857132,443.866,436.14,678.617,527.445,581.3,5,4.173900000000001,3.288813572187045,0.3493348216298847,-6.292572601573574,14.640372601573574,,,35.0,year_difference,NOT_PROVIDED,,,,,True,False,4.683107256395611,Linao,0.0,Low,Low,Low,accreting,Low,Low,False,high,1.212183053462653,what-if: 30 m per date,True,49.94015057189818,vector_clean
S1-0096,S1,96,4775.0,352218.2752271848,2031501.2698845922,0.44051928902493787,0.8977431458925005,443.866,600,,,,139.67200000000003,224.74199999999996,3.990628571428572,443.866,452.98,668.608,537.461,583.538,5,4.154893902439025,2.926176103206973,0.40192961165101493,-5.157504425821483,13.467292230699535,,,35.0,year_difference,NOT_PROVIDED,,,,,True,False,4.732960565313746,Linao,0.0,Low,Low,Low,accreting,Low,Low,False,high,1.212183053462653,what-if: 30 m per date,True,50.050061378415016,vector_clean
S1-0097,S1,97,4825.0,352263.16238447954,2031479.243920141,0.44051928902493787,0.8977431458925005,443.866,600,,,,141.90999999999997,211.82100000000003,4.054571428571427,443.866,469.821,655.687,547.477,585.776,5,4.132325609756096,2.5261134702016483,0.47145719652625206,-3.906894870214545,12.171546089726737,,,35.0,year_difference,NOT_PROVIDED,,,,,True,False,4.782813874231966,Linao,0.0,Low,Low,Low,accreting,Low,Low,False,high,1.212183053462653,what-if: 30 m per date,True,50.16427950739198,vector_clean
S1-0098,S1,98,4875.0,352308.0495417742,2031457.2179556899,0.44051928902493787,0.8977431458925005,443.866,600,,,,136.95500000000004,198.90100000000007,3.913000000000001,443.866,486.662,642.767,556.494,580.821,5,3.9560060975609774,2.183702482226446,0.5224384127722144,-2.9935097988394377,10.905521993961393,,,35.0,year_difference,NOT_PROVIDED,,,,,True,False,4.832667183150047,Linao,0.0,Low,Low,Low,accreting,Low,Low,False,high,1.212183053462653,what-if: 30 m per date,True,50.2859174633322,vector_clean
S1-0099,S1,99,4925.0,352352.93669906893,2031435.1919912389,0.44051928902493787,0.8977431458925005,443.866,600,,,,131.53100000000006,185.98000000000002,3.7580285714285733,443.866,503.503,629.846,553.78,575.397,5,3.613167073170733,1.9522412169688723,0.5331017589778383,-2.5997357747944245,9.82606992113589,,,35.0,year_difference,NOT_PROVIDED,,,,,True,False,4.88252049206818,Linao,0.0,Low,Low,Low,accreting,Low,Low,False,high,1.212183053462653,what-if: 30 m per date,True,164.76023432697554,vector_clean
S1-0104,S1,104,5175.0,352577.37248554244,2031325.0621689833,0.44051928902493787,0.8977431458925005,443.866,600,,"1990,2000,2010,2020",,185.47499999999997,218.63799999999998,5.2992857142857135,284.278,273.244,283.294,251.115,469.753,5,3.29405975609756,3.043673699156964,0.28079910905436545,-6.392268362273715,12.980387874468835,,,35.0,year_difference,NOT_PROVIDED,,,,,True,True,5.131787036658917,Linao,0.0,Low,Low,Low,accreting,Low,Low,False,medium,1.212183053462653,what-if: 30 m per date,True,163.1969298962136,vector_clean
S2-0005,S2,5,225.0,352547.2240899779,2031460.1816783606,0.7284326247992429,0.6851174433103316,195.482,600,crossing,"1990,2000,2010,2020",,165.08700000000002,203.10600000000002,4.7167714285714295,195.482,184.184,194.807,157.463,360.569,5,2.8343780487804886,2.8219708154504364,0.25164873783875474,-6.1463925464682045,11.81514864402918,,,35.0,year_difference,NOT_PROVIDED,,,,,False,True,5.053721252438985,Linao,0.0,Low,,Low,accreting,Low,Low,False,low,1.212183053462653,what-if: 30 m per date,False,29.16066550144295,vector_clean
S1-0105,S1,105,5225.0,352643.8193724255,2031293.764378153,0.3924762057693024,0.9197621583349318,443.866,600,crossing,"1990,2000,2010,2020",,178.72699999999998,206.648,5.106485714285713,260.937,252.609,255.675,233.016,439.664,5,3.1977939024390234,2.898632595758023,0.28860514170242013,-6.02694869230602,12.422536497184067,,,35.0,year_difference,NOT_PROVIDED,,,,,False,True,5.205100940586365,Linao,0.0,Low,,Low,accreting,Low,Low,False,low,1.212183053462653,what-if: 30 m per date,False,25.323109013855902,vector_clean
S2-0006,S2,6,275.0,352581.26171795983,2031423.8987868347,0.729310124304293,0.6841832668132544,195.482,600,crossing,"1990,2000,2010,2020",,158.46599999999998,185.22799999999998,4.5276,195.482,186.317,192.798,168.72,353.948,5,2.830335365853658,2.588041611653127,0.28503435369457275,-5.405968099072327,11.066638830779643,,,35.0,year_difference,NOT_PROVIDED,,,,,False,True,5.0987795385548145,Linao,0.0,Low,,Low,accreting,Low,Low,False,low,1.212183053462653,what-if: 30 m per date,False,31.50484040126997,vector_clean
S1-0106,S1,106,5275.0,352732.4545607276,2031261.7505773345,0.29890353428723904,0.9542833317157947,443.866,600,crossing,"2000,2010,2020",,-33.81400000000002,239.079,-0.9661142857142864,437.473,211.544,213.958,198.394,403.659,5,-1.659813414634147,4.628112695496565,0.041110975525205706,-16.388533562853812,13.068906733585518,,,35.0,year_difference,NOT_PROVIDED,,,,,False,True,5.2992892618078615,Linao,0.0,Low,,Low,eroding,Low,Medium,True,low,1.212183053462653,what-if: 30 m per date,False,42.18705514669092,vector_clean
S1-0107,S1,107,5325.0,352772.4926187881,2031248.8163840408,0.31589108104577807,0.9487954599995353,443.866,600,crossing,"2000,2010",,-74.507,265.644,-2.1287714285714285,442.019,176.375,184.963,389.746,367.512,5,0.4471036585365848,4.955062615636012,0.002706573685295477,-15.322117055043666,16.216324372116837,,,35.0,year_difference,NOT_PROVIDED,,,,,False,True,5.341269999087626,Linao,0.0,Medium,,Low,eroding,Low,Medium,True,low,1.212183053462653,what-if: 30 m per date,False,57.331099686398964,vector_clean
S1-0108,S1,108,5375.0,352790.7697249214,2031242.4498802107,0.3805860621765934,0.9247455051401515,443.866,600,crossing,2010,,-118.52600000000001,347.59799999999996,-3.386457142857143,454.144,513.457,165.859,363.083,335.618,5,-4.536815853658536,4.668793643955033,0.2394016209708295,-19.39500093599529,10.321369228678218,,,35.0,year_difference,NOT_PROVIDED,,,,,False,True,5.360605149329384,Linao,0.0,Medium,,Medium,eroding,Medium,Medium,False,low,1.212183053462653,what-if: 30 m per date,False,44.10505133284319,vector_clean
S1-0109,S1,109,5425.0,352767.6541732512,2031255.3739564077,0.533518797217995,0.8457882081319554,443.866,600,crossing,2010,,-133.45799999999997,335.06999999999994,-3.8130857142857133,450.803,498.727,163.657,347.319,317.345,5,-4.868431707317072,4.439647030391209,0.2861374121848671,-18.997369995949356,9.260506581315214,,,35.0,year_difference,NOT_PROVIDED,,,,,False,True,5.334346268211167,Linao,0.0,Medium,,Medium,eroding,Medium,High,True,low,1.212183053462653,what-if: 30 m per date,False,32.502069486208406,vector_clean
S1-0110,S1,110,5475.0,352749.67353775835,2031267.7166367853,0.662773675842262,0.7488197744521282,443.866,600,crossing,2010,,-138.81,332.942,-3.966,446.443,495.361,162.419,340.058,307.633,5,-5.018879268292682,4.364289455706382,0.3059526646465335,-18.907996121794103,8.870237585208738,,,35.0,year_difference,NOT_PROVIDED,,,,,False,True,5.313072256830796,Linao,0.0,Medium,,High,eroding,Medium,High,True,low,1.212183053462653,what-if: 30 m per date,False,37.43704473929678,vector_clean
S1-0111,S1,111,5525.0,352770.461266144,2031248.1341542264,0.6981542632515516,0.7159473616849796,443.866,600,crossing,2010,,-145.47299999999996,347.248,-4.156371428571427,443.537,497.248,150.0,334.296,298.064,5,-5.251408536585364,4.536101360205359,0.30879572123495647,-19.68730755076331,9.184490477592583,,,35.0,year_difference,NOT_PROVIDED,,,,,False,True,5.339635993466579,Linao,0.0,Medium,,High,eroding,Medium,High,True,low,1.212183053462653,what-if: 30 m per date,False,54.07189127760217,vector_clean
S1-0112,S1,112,5575.0,352833.43278595,2031190.8722187567,0.6393450994855647,0.7689199202542443,443.866,600,crossing,,,-156.53999999999996,214.904,-4.4725714285714275,440.051,498.415,380.775,324.142,283.511,5,-5.322184146341462,1.6487730270455363,0.7764491890906977,-10.569315774513964,-0.07505251816895964,,,35.0,year_difference,NOT_PROVIDED,,,,,False,True,5.419341845262645,Linao,41.708832300788096,Medium,,High,eroding,Medium,High,True,low,1.212183053462653,what-if: 30 m per date,False,67.86724613177559,vector_clean
S1-0113,S1,113,5625.0,352910.9695276233,2031133.015810735,0.5548917525052715,0.8319225582959202,443.866,600,crossing,,,-175.269,234.57100000000003,-5.0076857142857145,435.758,495.06,358.457,298.869,260.489,5,-6.001343902439024,1.759531311880423,0.7949881815424706,-11.60095782496387,-0.4017299799141769,,,35.0,year_difference,NOT_PROVIDED,,,,,False,True,5.5127965493508615,Linao,43.85268075105501,High,,High,eroding,Medium,High,True,low,1.212183053462653,what-if: 30 m per date,False,73.25977839526084,vector_clean
S1-0114,S1,114,5675.0,352988.45471297024,2031086.6480402774,0.47710727661305563,0.8788450640487624,443.866,600,crossing,,,-212.18000000000004,257.303,-6.062285714285715,441.607,486.73,323.827,260.237,229.427,5,-7.211996341463414,1.7695802004569317,0.8470170854081231,-12.843590312310779,-1.5804023706160493,,,35.0,year_difference,NOT_PROVIDED,,,,,False,True,5.6019467144758055,Linao,47.104687721948494,High,,High,eroding,Medium,High,True,low,1.212183053462653,what-if: 30 m per date,False,45.82203410641071,vector_clean
S1-0103,S1,103,5125.0,352532.4853282477,2031347.0881334343,0.44051928902493787,0.8977431458925005,443.866,600,,"1990,2000,2010,2020,2025",,6.4739999999999895,51.644000000000005,0.18497142857142826,303.163,289.729,299.995,257.993,309.637,5,-0.33603414634146356,0.7985206999378472,0.05573973794935139,-2.877283397551226,2.205215104868299,,,35.0,year_difference,NOT_PROVIDED,,,,,True,True,5.0819337277407834,Linao,0.0,Low,Low,Low,accreting,Low,Low,False,medium,1.212183053462653,what-if: 30 m per date,True,32.15049974773798,vector_clean
S2-0004,S2,4,175.0,352530.73186576535,2031476.2418951297,0.6273432076064055,0.7787428971554773,195.482,600,crossing,"1990,2000,2010,2020,2025",,5.593999999999994,54.03399999999999,0.15982857142857126,198.44,183.296,191.761,150.0,204.034,5,-0.3825841463414635,0.8301328096785694,0.06611939662494004,-3.02443723939781,2.259268946714883,,,35.0,year_difference,NOT_PROVIDED,,,,,False,True,5.0324523366076725,Linao,0.0,Low,,Low,accreting,Low,Low,False,low,1.212183053462653,what-if: 30 m per date,False,26.38112537323439,vector_clean
S1-0102,S1,102,5075.0,352487.59817095305,2031369.1140978856,0.44051928902493787,0.8977431458925005,443.866,600,,"1990,2000,2010,2020,2025",,4.437000000000012,61.613,0.1267714285714289,322.048,299.41,305.898,264.872,326.485,5,-0.4516487804878047,0.9498344130504813,0.07008542079571278,-3.474445798931628,2.571148237956019,,,35.0,year_difference,NOT_PROVIDED,,,,,True,True,5.032080418822616,Linao,0.0,Low,Low,Low,accreting,Low,Low,False,medium,1.212183053462653,what-if: 30 m per date,True,26.640508596721485,vector_clean
S2-0003,S2,3,125.0,352517.6810348306,2031485.0146824499,0.481983817034363,0.8761801185355587,195.482,600,crossing,"1990,2000,2010,2020,2025",,3.8019999999999925,64.072,0.10862857142857121,210.348,184.938,191.915,150.078,214.15,5,-0.47790365853658534,0.9944216330225218,0.07148382795964925,-3.642597110443301,2.6867897933701306,,,35.0,year_difference,NOT_PROVIDED,,,,,False,True,5.017079948727274,Linao,0.0,Low,,Low,accreting,Low,Low,False,low,1.212183053462653,what-if: 30 m per date,False,25.95648709404231,vector_clean
S1-0101,S1,101,5025.0,352442.7110136583,2031391.1400623366,0.44051928902493787,0.8977431458925005,443.866,600,,"1990,2010,2025",,8.011000000000024,227.22699999999998,0.22888571428571497,317.923,522.675,320.963,545.15,325.934,5,0.9609085365853666,4.668552877974848,0.013924779586219294,-13.89651032094731,15.818327394118043,,,35.0,year_difference,NOT_PROVIDED,,,,,True,True,4.982227109904482,Linao,0.0,Low,Low,Low,accreting,Low,Low,False,medium,1.212183053462653,what-if: 30 m per date,True,26.836693920054493,vector_clean
S2-0002,S2,2,75.0,352500.71120041626,2031492.415186342,0.3353268491276633,0.9421018545009415,195.482,600,crossing,"1990,2010,2025",,8.518,238.53199999999998,0.2433714285714286,198.498,404.475,212.286,437.03,207.016,5,1.1221158536585363,4.7271469035305556,0.018436327776780725,-13.9217753440156,16.166007051332674,,,35.0,year_difference,NOT_PROVIDED,,,,,False,True,4.9985759227462205,Linao,0.0,Low,,Low,accreting,Low,Low,False,low,1.212183053462653,what-if: 30 m per date,False,25.68286761575789,vector_clean
S1-0100,S1,100,4975.0,352397.8238563636,2031413.1660267876,0.44051928902493787,0.8977431458925005,443.866,600,,"1990,2010,2025",,10.254000000000019,247.15200000000004,0.2929714285714291,303.914,517.026,318.056,551.066,314.168,5,1.193743902439026,4.883121465792422,0.01953167949210244,-14.346527964623629,16.73401576950168,,,35.0,year_difference,NOT_PROVIDED,,,,,True,True,4.932373800986348,Linao,0.0,Low,Low,Low,accreting,Low,Low,False,medium,1.212183053462653,what-if: 30 m per date,True,25.85088271849086,vector_clean
S2-0001,S2,1,25.0,352482.2309186292,2031496.3575069248,0.1819819266811196,0.9833018754998017,195.482,600,crossing,"1990,2010,2025",,10.585000000000008,265.43399999999997,0.30242857142857166,195.482,400.133,208.676,460.916,206.067,5,1.5371573170731707,5.016456445876554,0.030348481695877227,-14.42744596472331,17.50176059886965,,,35.0,year_difference,NOT_PROVIDED,,,,,False,True,4.97995024062378,Linao,0.0,Low,,Low,accreting,Low,Low,False,low,1.212183053462653,what-if: 30 m per date,False,33.458104900240926,vector_clean
S3-0001,S3,1,25.0,355352.4233156879,2030427.7720101683,-0.43215429716511133,0.9017996803291343,373.298,600,crossing,,,148.8,148.8,4.251428571428572,377.546,432.191,391.152,398.893,526.346,5,2.6066073170731707,1.8946011218397567,0.3868601131510794,-3.4228590231121307,8.636073657258471,,,35.0,year_difference,NOT_PROVIDED,,,,,False,True,8.041788307013322,Punta,0.0,Low,,Low,accreting,Low,Low,False,low,1.212183053462653,what-if: 30 m per date,False,86.18433694778373,vector_clean
S3-0002,S3,2,75.0,355268.48028837197,2030399.742241845,-0.07522189658326696,0.9971668196818505,373.298,600,crossing;sharp_bend,2020,,65.95799999999997,292.18999999999994,1.884514285714285,383.764,430.677,356.45,157.532,449.722,5,-2.29604268292683,4.517242611098361,0.07928937294957983,-16.671924740686936,12.079839374833277,,,35.0,year_difference,NOT_PROVIDED,,,,,False,True,7.9742049254876415,Punta,0.0,Low,,Medium,accreting,Low,Low,False,low,1.212183053462653,what-if: 30 m per date,False,95.62358759516813,vector_clean
S3-0003,S3,3,125.0,355241.10312364274,2030401.7134530342,0.13176863516884285,0.9912804985400149,373.298,600,crossing,2020,,44.747000000000014,275.046,1.2784857142857147,374.858,425.046,354.126,150.0,419.605,5,-2.7194024390243903,4.272651584470042,0.11896613534947265,-16.316886687785654,10.878081809736875,,,35.0,year_difference,NOT_PROVIDED,,,,,False,True,7.948045879368286,Punta,0.0,Low,,Medium,accreting,Low,Low,False,low,1.212183053462653,what-if: 30 m per date,False,63.28627477403567,vector_clean
S3-0004,S3,4,175.0,355235.1573853505,2030401.733004242,0.27795838356813324,0.9605931173000306,373.298,600,crossing;start_not_on_land,,,28.80400000000003,65.80899999999997,0.8229714285714295,377.563,432.496,366.687,427.26,406.367,5,0.6125097560975618,1.1268441961185187,0.0896566008751013,-2.973611392470208,4.198630904665332,,,35.0,year_difference,NOT_PROVIDED,,,,,False,True,7.9425160637660825,Punta,0.0,Low,,Low,accreting,Low,Low,False,low,1.212183053462653,what-if: 30 m per date,False,54.86027430455728,vector_clean
S3-0005,S3,5,225.0,355265.40451516275,2030391.8625465762,0.32439004602402544,0.9459234102402428,373.298,600,crossing,,,22.642999999999972,67.80599999999998,0.6469428571428564,376.081,443.887,381.692,438.647,398.724,5,0.5437451219512188,1.239830995159062,0.06024997359898232,-3.401950447768961,4.4894406916713985,,,35.0,year_difference,NOT_PROVIDED,,,,,False,True,7.974267563154548,Punta,0.0,Low,,Low,accreting,Low,Low,False,low,1.212183053462653,what-if: 30 m per date,False,51.23163858865013,vector_clean
S3-0006,S3,6,275.0,355312.3468078582,2030375.7386567595,0.3253166850113698,0.9456051260717727,373.298,600,crossing,,,21.254999999999995,84.625,0.6072857142857142,371.012,455.637,372.974,445.503,392.267,5,0.487582926829268,1.6030858411355204,0.02991386076857927,-4.614151685345094,5.5893175390036305,,,35.0,year_difference,NOT_PROVIDED,,,,,False,True,8.023842964515946,Punta,0.0,Low,,Low,accreting,Low,Low,False,low,1.212183053462653,what-if: 30 m per date,False,50.02791425186042,vector_clean
S3-0007,S3,7,325.0,355383.3256111866,2030353.2340702657,0.2626549170100283,0.9648898354581497,373.298,600,crossing,,,16.656000000000006,96.863,0.47588571428571447,368.301,465.164,382.627,448.01,384.957,5,0.3486024390243903,1.746452860043963,0.013106780242267968,-5.2093900127746835,5.906594890823465,,,35.0,year_difference,NOT_PROVIDED,,,,,False,True,8.098108274243495,Punta,0.0,Low,,Low,accreting,Low,Low,False,low,1.212183053462653,what-if: 30 m per date,False,50.279105857141765,vector_clean
S3-0008,S3,8,375.0,355469.7441298605,2030334.5496058557,0.16203692876552195,0.9867846947111801,373.298,600,crossing,,,2.6129999999999995,99.80599999999998,0.07465714285714284,369.855,469.661,388.71,446.075,372.468,5,0.0010109756097557603,1.8404099915155905,1.0058446053839987e-07,-5.855995002096256,5.858016953315767,,,35.0,year_difference,NOT_PROVIDED,,,,,False,True,8.185299040548125,Punta,0.0,Low,,Low,accreting,Low,Low,False,low,1.212183053462653,what-if: 30 m per date,False,51.11510314957058,vector_clean
S3-0009,S3,9,425.0,355534.1120575091,2030325.653944787,0.12230428711343015,0.9924926505287964,373.298,600,,,,-1.8489999999999895,100.53199999999998,-0.05282857142857113,372.527,471.21,391.969,440.304,370.678,5,-0.18627073170731695,1.793157008109082,0.003584033239396267,-5.892896626957652,5.520355163543018,,,35.0,year_difference,NOT_PROVIDED,,,,,True,False,8.24838174071578,Punta,0.0,Low,Low,Low,eroding,Low,Low,False,high,1.212183053462653,what-if: 30 m per date,True,50.821367041022086,vector_clean
S3-0010,S3,10,475.0,355581.614281778,2030319.6631569022,0.1279425621954915,0.9917815791689483,373.298,600,,,,-0.9780000000000086,92.154,-0.02794285714285739,377.581,468.757,379.417,433.638,376.603,5,-0.26557195121951277,1.688766737510393,0.008175954285571052,-5.639981415495484,5.108837513056459,,,35.0,year_difference,NOT_PROVIDED,,,,,True,False,8.294722809692914,Punta,0.0,Low,Low,Low,eroding,Low,Low,False,high,1.212183053462653,what-if: 30 m per date,True,50.31974689994233,vector_clean
S3-0011,S3,11,525.0,355634.30946041463,2030312.9114716866,0.11963221650985506,0.9928182778197323,373.298,600,,,,8.860000000000014,92.70999999999998,0.25314285714285756,373.769,466.479,375.785,427.191,382.629,5,-0.1255756097560974,1.6365222961566892,0.001958817365818377,-5.333719944674363,5.082568725162168,,,35.0,year_difference,NOT_PROVIDED,,,,,True,False,8.34616916299424,Punta,0.0,Low,Low,Low,accreting,Low,Low,False,high,1.212183053462653,what-if: 30 m per date,True,50.10011090439782,vector_clean
S3-0012,S3,12,575.0,355694.2953988349,2030306.3940244385,0.09208794503107556,0.9957508776696878,373.298,600,,,,18.676999999999964,92.03099999999995,0.5336285714285705,368.994,461.025,379.685,428.972,387.671,5,0.17195365853658454,1.552132576926767,0.004074467184703279,-4.767624926214485,5.111532243287654,,,35.0,year_difference,NOT_PROVIDED,,,,,True,False,8.404300594949314,Punta,0.0,Low,Low,Low,accreting,Low,Low,False,high,1.212183053462653,what-if: 30 m per date,True,49.63903361817067,vector_clean
S3-0013,S3,13,625.0,355770.5598282019,2030302.0292823901,0.021479453885667604,0.9997692899168156,373.298,600,,,,13.30800000000005,80.23900000000003,0.38022857142857286,369.756,449.995,378.079,442.133,383.064,5,0.3600573170731715,1.5281096774723302,0.01816976773977208,-4.503069680066924,5.223184314213267,,,35.0,year_difference,NOT_PROVIDED,,,,,True,False,8.476754356412382,Punta,6.813056958028528,Low,Low,Low,accreting,Low,Low,False,high,1.212183053462653,what-if: 30 m per date,True,49.83663349780309,vector_clean
S3-0014,S3,14,675.0,355847.09480917687,2030303.1136434425,-0.049646897505803554,0.9987668324328998,373.298,600,,,,1.6170000000000186,86.54700000000003,0.04620000000000053,372.996,435.247,348.7,405.84,374.613,5,-0.24073048780487813,1.345043637766092,0.010564661955814736,-4.521259643258936,4.039798667649179,,,35.0,year_difference,NOT_PROVIDED,,,,,True,False,8.54744046823777,Punta,3.4739381150522353,Low,Low,Low,accreting,Low,Low,False,high,1.212183053462653,what-if: 30 m per date,True,50.804604257150295,vector_clean
S3-0015,S3,15,725.0,355906.12852224585,2030307.3076361895,-0.0742052280258116,0.9972429915189364,373.298,600,crossing,,,-10.238999999999976,101.71499999999997,-0.29254285714285644,373.304,416.166,314.451,374.866,363.065,5,-0.7210402439024387,1.4055760566996953,0.08064412084948192,-5.194210572341627,3.75213008453675,,,35.0,year_difference,NOT_PROVIDED,,,,,False,True,8.600718753352385,Punta,1.6760247382823756,Low,,Low,eroding,Low,Low,False,low,1.212183053462653,what-if: 30 m per date,False,50.462124202434275,vector_clean
S3-0016,S3,16,775.0,355925.333022258,2030308.0724402685,0.008159874451714726,0.9999667076702765,373.298,600,crossing,,,-21.78800000000001,75.055,-0.622514285714286,375.464,397.658,322.603,360.679,353.676,5,-0.9315243902439032,0.9803731868906158,0.23132685983018142,-4.051509416663158,2.1884606361753507,,,35.0,year_difference,NOT_PROVIDED,,,,,False,True,8.61827307458882,Punta,10.00541907594344,Low,,Low,eroding,Low,Low,False,low,1.212183053462653,what-if: 30 m per date,False,48.94332919231361,vector_clean
S3-0017,S3,17,825.0,355942.0211808534,2030307.195576228,0.09716312816440927,0.9952684695725603,373.298,600,crossing,,,-33.053999999999974,35.75199999999995,-0.9443999999999992,381.82,384.518,351.477,354.064,348.766,5,-1.083908536585365,0.3267843904807664,0.7857414148759231,-2.1238823126952684,-0.04393476047546141,,,35.0,year_difference,NOT_PROVIDED,,,,,False,True,8.634098399993382,Punta,22.20934080721042,Low,,Low,eroding,Low,Medium,True,low,1.212183053462653,what-if: 30 m per date,False,48.02320254951469,vector_clean
S3-0018,S3,18,875.0,355958.5778414924,2030304.826400969,0.1853573705733035,0.9826711785608404,373.298,600,crossing,,,-29.800999999999988,30.833000000000027,-0.8514571428571425,375.311,376.343,374.96,351.848,345.51,5,-0.9079853658536583,0.29270752420353546,0.7623300107684569,-1.8395113447839413,0.023540613076624584,,,35.0,year_difference,NOT_PROVIDED,,,,,False,True,8.650354502160024,Punta,28.700132683819785,Low,,Low,eroding,Low,Medium,True,low,1.212183053462653,what-if: 30 m per date,False,47.76761250396246,vector_clean
S3-0019,S3,19,925.0,355977.9156212129,2030300.1974567012,0.2639250221293927,0.9645431989776299,373.298,600,crossing,,,-27.535000000000025,27.535000000000025,-0.7867142857142865,373.298,372.731,362.865,353.893,345.763,5,-0.8040792682926838,0.1311687035836744,0.9260688827917446,-1.2215166243814024,-0.3866419122039654,,,35.0,year_difference,NOT_PROVIDED,,,,,False,True,8.670031053629776,Punta,27.12896006650546,Low,,Low,eroding,Low,Low,False,low,1.212183053462653,what-if: 30 m per date,False,48.859807223996754,vector_clean
S3-0020,S3,20,975.0,356024.99912795116,2030287.1570943145,0.26687972705048013,0.9637298435191582,373.298,600,,,,-25.274,25.274,-0.7221142857142857,373.298,371.143,367.107,357.451,348.024,5,-0.6896304878048775,0.1474639286716259,0.8793757968925332,-1.1589265227685135,-0.22033445284124142,,,35.0,year_difference,NOT_PROVIDED,,,,,True,False,8.71859514172292,San Antonio,29.150343972119114,Low,Low,Low,eroding,Low,Low,False,high,1.212183053462653,what-if: 30 m per date,True,50.00905642228061,vector_clean
S3-0021,S3,21,1025.0,356073.1856201214,2030273.8131079632,0.26687972706551144,0.9637298435149958,373.298,600,,,,-23.00799999999998,25.33699999999999,-0.657371428571428,373.298,369.554,375.627,358.085,350.29,5,-0.6090804878048777,0.25649283852488974,0.6527359108138511,-1.4253551741001438,0.20719419849038834,,,35.0,year_difference,NOT_PROVIDED,,,,,True,False,8.768296209847428,San Antonio,31.793843977808496,Low,Low,Low,eroding,Low,Low,False,high,1.212183053462653,what-if: 30 m per date,True,50.051298586645345,vector_clean
S3-0022,S3,22,1075.0,356121.37211229984,2030260.4691216098,0.2668797270588716,0.9637298435168346,373.298,600,,,,-20.742999999999995,20.742999999999995,-0.5926571428571427,373.298,367.965,371.711,358.719,352.555,5,-0.5437158536585363,0.17400980370697205,0.764951039281687,-1.0974927105489327,0.01006100323186021,,,35.0,year_difference,NOT_PROVIDED,,,,,True,False,8.817997277980279,San Antonio,31.95017232719468,Low,Low,Low,eroding,Low,Low,False,high,1.212183053462653,what-if: 30 m per date,True,50.0512759568567,vector_clean
S3-0023,S3,23,1125.0,356169.5586044749,2030247.1251352574,0.2668797270613544,0.963729843516147,373.298,600,,,,-18.47800000000001,18.47800000000001,-0.5279428571428574,373.298,366.376,360.087,359.353,354.82,5,-0.4877512195121949,0.06637678862833098,0.9473650333577162,-0.6989917852390244,-0.2765106537853654,,,35.0,year_difference,NOT_PROVIDED,,,,,True,False,8.86769834610965,San Antonio,30.565042196094872,Low,Low,Low,eroding,Low,Low,False,high,1.212183053462653,what-if: 30 m per date,True,50.0909246208032,vector_clean
S3-0024,S3,24,1175.0,356217.74509665475,2030233.7811489035,0.2668797270505575,0.9637298435191368,373.298,600,,,,-20.716999999999985,20.716999999999985,-0.5919142857142853,373.298,364.787,359.298,359.556,352.581,5,-0.5122378048780485,0.09499633631799279,0.9064711296827125,-0.8145585444087331,-0.20991706534736382,,,35.0,year_difference,NOT_PROVIDED,,,,,True,False,8.917399414244024,San Antonio,30.359803740573426,Low,Low,Low,eroding,Low,Low,False,high,1.212183053462653,what-if: 30 m per date,True,50.14627936455381,vector_clean
S3-0025,S3,25,1225.0,356265.9315888266,2030220.4371625518,0.26687972706139307,0.9637298435161362,373.298,600,,,,-24.745000000000005,24.745000000000005,-0.7070000000000002,373.298,363.079,361.874,355.601,348.553,5,-0.6220000000000001,0.09416351027158489,0.9356679322528072,-0.9216703153563499,-0.3223296846436503,,,35.0,year_difference,NOT_PROVIDED,,,,,True,False,8.967100482370162,San Antonio,29.61441487525536,Low,Low,Low,eroding,Low,Low,False,high,1.212183053462653,what-if: 30 m per date,True,50.16202559969196,vector_clean
S3-0026,S3,26,1275.0,356314.11808100657,2030207.093176198,0.26687972705059615,0.9637298435191262,373.298,600,,,,-28.774,28.774,-0.8221142857142857,373.298,360.423,358.817,351.646,344.524,5,-0.7282463414634144,0.10539939417419043,0.9408747904183611,-1.063674254032208,-0.3928184288946209,,,35.0,year_difference,NOT_PROVIDED,,,,,True,False,9.016801550504647,San Antonio,27.552746855995295,Low,Low,Low,eroding,Low,Medium,True,medium,1.212183053462653,what-if: 30 m per date,True,50.16202559972134,vector_clean
S3-0027,S3,27,1325.0,356362.3045731834,2030193.7491898448,0.26687972704795865,0.9637298435198565,373.298,600,,,,-32.80200000000002,32.80200000000002,-0.9372000000000006,373.298,357.768,352.42,347.69,340.496,5,-0.8385707317073172,0.11773145703089896,0.9441688516559842,-1.2132447721509692,-0.46389669126366523,,,35.0,year_difference,NOT_PROVIDED,,,,,True,False,9.066502618635951,San Antonio,24.823340140687645,Low,Low,Low,eroding,Low,Medium,True,medium,1.212183053462653,what-if: 30 m per date,True,50.16202559939333,vector_clean
S3-0028,S3,28,1375.0,356410.49106535525,2030180.4052034933,0.26687972705875557,0.9637298435168666,373.298,600,,,,-36.83100000000002,36.83100000000002,-1.0523142857142862,373.298,355.112,346.022,343.735,336.467,5,-0.9488914634146346,0.16195885146914596,0.9196271554448351,-1.464316811880611,-0.4334661149486583,,,35.0,year_difference,NOT_PROVIDED,,,,,True,False,9.116203686762004,San Antonio,22.093533462325926,Low,Low,Low,eroding,Low,Medium,True,medium,1.212183053462653,what-if: 30 m per date,True,50.162065754751886,vector_clean
S3-0029,S3,29,1425.0,356458.6775575352,2030167.0612171395,0.26687972704791996,0.9637298435198672,373.298,600,,,,-40.860000000000014,40.860000000000014,-1.167428571428572,373.298,352.457,339.625,341.249,332.438,5,-1.0395158536585365,0.23119132346673757,0.8707849766525774,-1.775269826838906,-0.303761880478167,,,35.0,year_difference,NOT_PROVIDED,,,,,True,False,9.165904754896433,San Antonio,19.65789977631629,Low,Low,Low,eroding,Low,Medium,True,medium,1.212183053462653,what-if: 30 m per date,True,50.16202559983067,vector_clean
S3-0030,S3,30,1475.0,356506.86404971266,2030153.7172307863,0.26687972704387897,0.9637298435209862,373.298,600,,,,-44.88799999999998,44.88799999999998,-1.282514285714285,373.298,349.801,333.228,341.065,328.41,5,-1.0992292682926823,0.3264616824697242,0.7907565337465203,-2.138176043485159,-0.0602824931002055,,,35.0,year_difference,NOT_PROVIDED,,,,,True,False,9.215605823028334,San Antonio,17.682623825510248,Low,Low,Low,eroding,Low,Medium,True,medium,1.212183053462653,what-if: 30 m per date,True,50.135477654956304,vector_clean
S3-0031,S3,31,1525.0,356555.05054188194,2030140.3732444353,0.26687972706150914,0.9637298435161041,373.298,600,,,,-47.928999999999974,47.928999999999974,-1.3693999999999993,373.298,347.145,326.83,340.881,325.369,5,-1.1396853658536583,0.42600474444110764,0.7046420143354591,-2.4954225908335914,0.21605185912627478,,,35.0,year_difference,NOT_PROVIDED,,,,,True,False,9.265306891151836,San Antonio,15.904529771473706,Low,Low,Low,eroding,Low,Medium,True,medium,1.212183053462653,what-if: 30 m per date,True,50.063676919139084,vector_clean
S3-0032,S3,32,1575.0,356603.23703405634,2030127.029258083,0.26687972706551144,0.9637298435149958,373.298,600,,,,-49.285000000000025,49.285000000000025,-1.4081428571428578,373.298,344.49,346.87,340.697,324.013,5,-1.115032926829269,0.31246670477000643,0.8093311947786073,-2.109441436948751,-0.12062441670978685,,,35.0,year_difference,NOT_PROVIDED,,,,,True,False,9.315007959280525,San Antonio,19.75071936015585,Low,Low,Low,eroding,Low,Medium,True,medium,1.212183053462653,what-if: 30 m per date,True,50.01837042693533,vector_clean
S3-0033,S3,33,1625.0,356651.42352623877,2030113.6852717283,0.2668797270478426,0.9637298435198887,373.298,600,,,,-50.639999999999986,50.639999999999986,-1.4468571428571424,373.298,341.834,341.825,338.822,322.658,5,-1.1436256097560975,0.3356451258592726,0.7946517356544114,-2.2117982004334245,-0.07545301907877033,,,35.0,year_difference,NOT_PROVIDED,,,,,True,False,9.364709027417625,Maura,19.276160797516166,Low,Low,Low,eroding,Low,Medium,True,medium,1.212183053462653,what-if: 30 m per date,True,50.01835688032099,vector_clean
S3-0034,S3,34,1675.0,356699.61001841363,2030100.341285376,0.2668797270507509,0.9637298435190833,373.298,600,,,,-51.995000000000005,51.995000000000005,-1.4855714285714288,373.298,339.179,329.544,335.659,321.303,5,-1.198331707317073,0.40797683009274993,0.7419901475576223,-2.496696062887104,0.1000326482529581,,,35.0,year_difference,NOT_PROVIDED,,,,,True,False,9.414410095546748,Maura,19.807114417634402,Low,Low,Low,eroding,Low,Medium,True,medium,1.212183053462653,what-if: 30 m per date,True,50.01835687970878,vector_clean
S3-0035,S3,35,1725.0,356747.7965105869,2030086.9972990241,0.26687972705766155,0.9637298435171696,373.298,600,,,,-53.35000000000002,53.35000000000002,-1.524285714285715,373.298,336.523,330.771,332.495,319.948,5,-1.2365670731707323,0.40367508583409095,0.7577449488258649,-2.5212413586185187,0.04810721227705406,,,35.0,year_difference,NOT_PROVIDED,,,,,True,False,9.464111163674323,Maura,23.028757075329906,Low,Low,Low,eroding,Low,Medium,True,medium,1.212183053462653,what-if: 30 m per date,True,50.02976498826365,vector_clean
S3-0036,S3,36,1775.0,356795.9830027624,2030073.6533126712,0.2668797270586008,0.9637298435169095,373.298,600,,,,-55.360000000000014,55.360000000000014,-1.581714285714286,373.298,333.867,320.136,329.331,317.938,5,-1.302048780487805,0.5028374658803789,0.6908812202970779,-2.902302015937039,0.29820445496142933,,,35.0,year_difference,NOT_PROVIDED,,,,,True,False,9.513812231804298,Maura,23.756741011734857,Low,Low,Low,eroding,Low,Medium,True,medium,1.212183053462653,what-if: 30 m per date,True,49.55545044472506,vector_clean
S3-0037,S3,37,1825.0,356837.9709899175,2030061.7497094863,0.28325073491276076,0.9590458910664186,373.298,600,,,,-57.45600000000002,66.565,-1.6416000000000004,373.618,331.564,307.053,326.532,316.162,5,-1.37234268292683,0.6643882963567378,0.5871517661419667,-3.486722761941067,0.7420373960874072,,,35.0,year_difference,NOT_PROVIDED,,,,,True,False,9.557222275306982,Maura,23.873904360880285,Low,Low,Low,eroding,Low,Medium,True,medium,1.212183053462653,what-if: 30 m per date,True,48.87460023009753,vector_clean
S3-0038,S3,38,1875.0,356877.5368512479,2030049.5670167257,0.3052680899791277,0.9522664507586599,373.298,600,,,,-59.56900000000002,64.16700000000003,-1.7019714285714291,375.047,330.361,310.88,324.837,315.478,5,-1.4236670731707322,0.6252684478155969,0.6334411688721904,-3.4135503347319576,0.566216188390493,,,35.0,year_difference,NOT_PROVIDED,,,,,True,False,9.598485984507871,Maura,27.13345891454733,Low,Low,Low,eroding,Low,Medium,True,medium,1.212183053462653,what-if: 30 m per date,True,48.67637774285708,vector_clean
S3-0039,S3,39,1925.0,356916.8081150829,2030036.4769065839,0.3271323677158893,0.9449785256780157,373.298,600,,,,-58.293000000000006,58.293000000000006,-1.665514285714286,374.21,330.289,318.626,324.27,315.917,5,-1.393076829268293,0.5289788115539942,0.698050403897362,-3.0765234936716683,0.2903698351350825,,,35.0,year_difference,NOT_PROVIDED,,,,,True,False,9.639812270100434,Maura,30.27178395549814,Low,Low,Low,eroding,Low,Medium,True,medium,1.212183053462653,what-if: 30 m per date,True,48.697091220359056,vector_clean
S3-0040,S3,40,1975.0,356955.7769837284,2030022.4821851156,0.3487973691228249,0.9371981622330444,373.298,600,,,,-55.863,55.863,-1.5960857142857143,373.341,331.346,319.16,324.829,317.478,5,-1.3459341463414631,0.5115126711048056,0.6976917435167308,-2.973795756604752,0.2819274639218259,,,35.0,year_difference,NOT_PROVIDED,,,,,True,False,9.681192849692865,Maura,31.50839978889951,Low,Low,Low,eroding,Low,Medium,True,medium,1.212183053462653,what-if: 30 m per date,True,49.22690671553433,vector_clean
S3-0041,S3,41,2025.0,357000.49672518554,2030005.5778421361,0.35429417718061734,0.9351340203499761,373.298,600,,,,-53.403999999999996,53.403999999999996,-1.5258285714285713,373.298,333.243,320.527,326.22,319.894,5,-1.2982902439024384,0.49458572469690737,0.6966833487803494,-2.8722827561101765,0.2757022683052994,,,35.0,year_difference,NOT_PROVIDED,,,,,True,False,9.728993047419378,Maura,32.76880937849358,Low,Low,Low,eroding,Low,Medium,True,medium,1.212183053462653,what-if: 30 m per date,True,49.8970168702317,vector_clean
S3-0042,S3,42,2075.0,357047.25342620304,2029987.8631332773,0.35429417718061734,0.9351340203499761,373.298,600,,,,-50.93099999999998,51.353999999999985,-1.4551714285714281,373.298,335.191,321.944,327.661,322.367,5,-1.250358536585365,0.47828301542241997,0.6949477667957765,-2.772468551896396,0.27175147872566585,,,35.0,year_difference,NOT_PROVIDED,,,,,True,False,9.778985479854866,Maura,34.036672377989085,Low,Low,Low,eroding,Low,Medium,True,medium,1.212183053462653,what-if: 30 m per date,True,50.06114463560672,vector_clean
S3-0043,S3,43,2125.0,357094.01012722054,2029970.1484244182,0.35429417718061734,0.9351340203499761,373.298,600,,,,-48.456999999999994,49.93700000000001,-1.384485714285714,373.298,337.139,323.361,324.956,324.841,5,-1.2580243902439023,0.45008493214411155,0.7225429575054398,-2.6903955196097984,0.17434673912199372,,,35.0,year_difference,NOT_PROVIDED,,,,,True,False,9.82897791229044,Maura,34.47554123293995,Low,Low,Low,eroding,Low,Medium,True,medium,1.212183053462653,what-if: 30 m per date,True,50.0611446356621,vector_clean
S3-0044,S3,44,2175.0,357140.76682823803,2029952.433715559,0.35429417718061734,0.9351340203499761,373.298,600,,,,-45.98399999999998,51.264999999999986,-1.313828571428571,373.298,339.088,324.778,322.033,327.314,5,-1.2686451219512191,0.4365875281405114,0.7378491907980813,-2.6580614878149365,0.12077124391249816,,,35.0,year_difference,NOT_PROVIDED,,,,,True,False,9.878970344726014,Maura,34.87081039574763,Low,Low,Low,eroding,Low,Medium,True,medium,1.212183053462653,what-if: 30 m per date,True,50.061119932258876,vector_clean
S3-0045,S3,45,2225.0,357187.52352925553,2029934.7190067002,0.35429417718061734,0.9351340203499761,373.298,600,,,,-43.511000000000024,54.18900000000002,-1.2431714285714293,373.298,341.036,326.195,319.109,329.787,5,-1.2792682926829277,0.4402645227475008,0.7378305879414537,-2.6803864964482065,0.12184991108235099,,,35.0,year_difference,NOT_PROVIDED,,,,,True,False,9.928962777161503,Maura,35.265679561820725,Low,Low,Low,eroding,Low,Medium,True,medium,1.212183053462653,what-if: 30 m per date,True,50.06114463560672,vector_clean
S3-0046,S3,46,2275.0,357234.280230273,2029917.004297841,0.35429417718061734,0.9351340203499761,373.298,600,,,,-41.03699999999998,57.11200000000002,-1.1724857142857137,373.298,342.984,327.612,316.186,332.261,5,-1.2898585365853656,0.46070268369119144,0.7232134102189021,-2.7560200901326866,0.17630301696195527,,,35.0,year_difference,NOT_PROVIDED,,,,,True,False,9.978955209597078,Maura,35.66094872462846,Low,Low,Low,eroding,Low,Medium,True,medium,1.212183053462653,what-if: 30 m per date,True,50.06114463560672,vector_clean
S3-0047,S3,47,2325.0,357281.0369312905,2029899.289588982,0.35429417718061734,0.9351340203499761,373.298,600,,,,-38.56400000000002,60.035000000000025,-1.101828571428572,373.298,344.932,328.932,313.263,334.734,5,-1.3005865853658545,0.49650896660961963,0.6957892188505681,-2.8806997116928703,0.27952654096116136,,,35.0,year_difference,NOT_PROVIDED,,,,,True,False,10.028947642032652,Maura,36.036618026031604,Low,Low,Low,eroding,Low,Medium,True,medium,1.212183053462653,what-if: 30 m per date,True,50.06111993231426,vector_clean
S3-0048,S3,48,2375.0,357327.793632308,2029881.574880123,0.35429417718061734,0.9351340203499761,373.298,600,,,,-36.09100000000001,62.959,-1.0311714285714288,373.298,346.88,329.247,310.339,337.207,5,-1.3125536585365851,0.5502273689081072,0.6547951166951529,-3.0636227157841667,0.4385153987109962,,,35.0,year_difference,NOT_PROVIDED,,,,,True,False,10.078940074468226,Maura,36.21108874834429,Low,Low,Low,eroding,Low,Medium,True,medium,1.212183053462653,what-if: 30 m per date,True,50.06114463560672,vector_clean
S3-0049,S3,49,2425.0,357374.5503333255,2029863.860171264,0.35429417718061734,0.9351340203499761,373.298,600,,,,-33.61700000000002,65.882,-0.9604857142857148,373.298,348.828,329.561,307.416,339.681,5,-1.324489024390244,0.6111045014293082,0.6102625101369351,-3.2692962871061884,0.6203182383257,,,35.0,year_difference,NOT_PROVIDED,,,,,True,False,10.128932506903714,Maura,36.385759469688594,Low,Low,Low,eroding,Low,Medium,True,medium,1.212183053462653,what-if: 30 m per date,True,50.0611446356621,vector_clean
S3-0050,S3,50,2475.0,357421.307034343,2029846.145462405,0.35429417718061734,0.9351340203499761,373.298,600,,,,-31.144000000000005,68.29899999999998,-0.8898285714285716,373.298,350.776,329.876,304.999,342.154,5,-1.3296548780487805,0.6708493080551559,0.5670064969783948,-3.464596779871043,0.8052870237734822,,,35.0,year_difference,NOT_PROVIDED,,,,,True,False,10.17892493933929,Maura,36.6616294758981,Low,Low,Low,eroding,Low,Medium,True,medium,1.212183053462653,what-if: 30 m per date,True,50.061119932258876,vector_clean
S3-0051,S3,51,2525.0,357468.0637353605,2029828.4307535458,0.35429417718061734,0.9351340203499761,373.298,600,,,,-28.670999999999992,69.32,-0.8191714285714283,373.298,352.724,330.191,303.978,344.627,5,-1.316093902439024,0.7159335987881736,0.5297298372966392,-3.5945141387309154,0.9623263338528676,,,35.0,year_difference,NOT_PROVIDED,,,,,True,False,10.228917371774864,Maura,37.21669751008169,Low,Low,Low,eroding,Low,Medium,True,medium,1.212183053462653,what-if: 30 m per date,True,50.06114463560672,vector_clean
S3-0052,S3,52,2575.0,357514.820436378,2029810.7160446867,0.35429417718061734,0.9351340203499761,373.298,600,,,,-26.197000000000003,70.34199999999998,-0.7484857142857143,373.298,354.672,330.505,302.956,347.101,5,-1.302528048780488,0.762726043944838,0.49292909543350405,-3.7298627292763964,1.1248066317154206,,,35.0,year_difference,NOT_PROVIDED,,,,,True,False,10.278909804210437,Maura,37.7715655456697,Low,Low,Low,eroding,Low,Low,False,high,1.212183053462653,what-if: 30 m per date,True,50.0611446356621,vector_clean
S3-0053,S3,53,2625.0,357561.5771373955,2029793.0013358279,0.35429417718061734,0.9351340203499761,373.298,600,,,,-23.72399999999999,71.363,-0.6778285714285711,373.298,354.542,334.173,301.935,349.574,5,-1.2620707317073163,0.7943148668904803,0.4569682212594768,-3.7899351450748453,1.2657936816602129,,,35.0,year_difference,NOT_PROVIDED,,,,,True,False,10.328902236645927,Maura,38.581631778752026,Low,Low,Low,eroding,Low,Low,False,high,1.212183053462653,what-if: 30 m per date,True,50.05886205154014,vector_clean
S3-0054,S3,54,2675.0,357608.333838413,2029775.2866269688,0.35429417718061734,0.9351340203499761,373.298,600,,,,-21.677999999999997,72.38499999999999,-0.6193714285714285,373.298,353.733,338.29,300.913,351.62,5,-1.2219585365853656,0.8251462825202599,0.42230622189177247,-3.8479422747105536,1.4040252015398222,,,35.0,year_difference,NOT_PROVIDED,,,,,True,False,10.3788946690815,Maura,39.26009894126111,Low,Low,Low,eroding,Low,Low,False,high,1.212183053462653,what-if: 30 m per date,True,50.03829706747869,vector_clean
S3-0055,S3,55,2725.0,357655.0905394305,2029757.5719181097,0.35429417718061734,0.9351340203499761,373.298,600,,,,-23.091999999999985,73.406,-0.6597714285714281,373.298,352.925,342.408,299.892,350.206,5,-1.2493548780487804,0.8175767444970993,0.4376914180078224,-3.8512489678594557,1.352539211761895,,,35.0,year_difference,NOT_PROVIDED,,,,,True,False,10.428887101517075,Maura,39.24717098757722,Low,Low,Low,eroding,Low,Low,False,high,1.212183053462653,what-if: 30 m per date,True,50.01998996401419,vector_clean
S3-0056,S3,56,2775.0,357701.847240448,2029739.8572092506,0.35429417718061734,0.9351340203499761,373.298,600,,,,-24.50600000000003,74.17200000000003,-0.7001714285714294,373.298,352.117,343.628,299.126,348.792,5,-1.2768646341463425,0.8120721792418069,0.45178403286210067,-3.8612407405981193,1.3075114723054344,,,35.0,year_difference,NOT_PROVIDED,,,,,True,False,10.478879533952652,Maura,38.705646767192114,Low,Low,Low,eroding,Low,Low,False,high,1.212183053462653,what-if: 30 m per date,True,50.01998996390653,vector_clean
S3-0057,S3,57,2825.0,357748.6039414655,2029722.1425003917,0.35429417718061734,0.9351340203499761,373.298,600,,,,-25.920000000000016,72.35700000000003,-0.740571428571429,373.298,351.309,342.849,300.941,347.378,5,-1.272189024390245,0.7671868410403881,0.47824265888768014,-3.7137199521215076,1.1693419033410177,,,35.0,year_difference,NOT_PROVIDED,,,,,True,False,10.528871966388138,Maura,38.28052172509167,Low,Low,Low,eroding,Low,Low,False,high,1.212183053462653,what-if: 30 m per date,True,50.01998996390653,vector_clean
S3-0058,S3,58,2875.0,357795.36064248293,2029704.4277915326,0.35429417718061734,0.9351340203499761,373.298,600,,,,-27.334000000000003,70.54200000000003,-0.7809714285714286,373.298,350.5,342.069,302.756,345.964,5,-1.2675036585365858,0.7230335128097075,0.5060211609307859,-3.5685189899741396,1.0335116729009681,,,35.0,year_difference,NOT_PROVIDED,,,,,True,False,10.57886439882366,Maura,37.85499668556167,Low,Low,Low,eroding,Low,Low,False,high,1.212183053462653,what-if: 30 m per date,True,50.01998996401419,vector_clean
S3-0059,S3,59,2925.0,357842.11734350043,2029686.7130826735,0.35429417718061734,0.9351340203499761,373.298,600,,,,-28.74799999999999,68.72699999999998,-0.8213714285714283,373.298,349.692,340.044,304.571,344.55,5,-1.2643475609756094,0.6802169790556376,0.5352382472604292,-3.4291015727624687,0.9004064508112499,,,35.0,year_difference,NOT_PROVIDED,,,,,True,False,10.628856831259235,Maura,37.180673403329706,Low,Low,Low,eroding,Low,Medium,True,medium,1.212183053462653,what-if: 30 m per date,True,50.01998996401419,vector_clean
S3-0060,S3,60,2975.0,357888.8740445179,2029668.9983738144,0.35429417718061734,0.9351340203499761,373.298,600,,,,-30.161999999999978,66.911,-0.861771428571428,373.298,348.884,332.393,306.387,343.136,5,-1.2680390243902437,0.6574653905853658,0.5535580597533032,-3.3603873275105514,0.8243092787300637,,,35.0,year_difference,NOT_PROVIDED,,,,,True,False,10.678849263694808,Maura,35.381358067369234,Low,Low,Low,eroding,Low,Medium,True,medium,1.212183053462653,what-if: 30 m per date,True,50.019989963871744,vector_clean
S3-0061,S3,61,3025.0,357935.6307455354,2029651.2836649555,0.35429417718061734,0.9351340203499761,373.298,600,,,,-31.576000000000022,65.096,-0.9021714285714292,373.298,348.076,324.743,308.202,341.722,5,-1.2717426829268301,0.6661037757310259,0.5485425230222798,-3.3915821829375608,0.8480968170839007,,,35.0,year_difference,NOT_PROVIDED,,,,,True,False,10.728841696130297,Maura,33.58204273162673,Low,Low,Low,eroding,Low,Medium,True,medium,1.212183053462653,what-if: 30 m per date,True,50.01998996390653,vector_clean
S3-0062,S3,62,3075.0,357982.3874465529,2029633.5689560964,0.35429417718061734,0.9351340203499761,373.298,600,,,,-32.99000000000001,63.281000000000006,-0.9425714285714288,373.298,347.267,328.722,310.017,340.308,5,-1.2612536585365857,0.5992476897530772,0.5962250720955695,-3.1683272547410635,0.6458199376678924,,,35.0,year_difference,NOT_PROVIDED,,,,,True,False,10.778834128565872,Maura,34.10831096922112,Low,Low,Low,eroding,Low,Medium,True,medium,1.212183053462653,what-if: 30 m per date,True,50.01998996401419,vector_clean
S3-0063,S3,63,3125.0,358029.1441475704,2029615.8542472373,0.35429417718061734,0.9351340203499761,373.298,600,,,,-34.403999999999996,61.46600000000001,-0.9829714285714285,373.298,346.459,339.892,311.832,338.894,5,-1.2420060975609757,0.5174608048349701,0.6575705684633464,-2.88879732403716,0.4047851289152089,,,35.0,year_difference,NOT_PROVIDED,,,,,True,False,10.828826561001446,Maura,36.07296904674447,Low,Low,Low,eroding,Low,Medium,True,medium,1.212183053462653,what-if: 30 m per date,True,50.01998996396036,vector_clean
S3-0064,S3,64,3175.0,358075.9008485879,2029598.1395383782,0.35429417718061734,0.9351340203499761,373.298,600,,,,-35.817999999999984,57.846000000000004,-1.0233714285714282,373.298,345.651,346.944,315.452,337.48,5,-1.2035670731707315,0.4681558207308134,0.6878045554407757,-2.6934478351525706,0.2863136888111075,,,35.0,year_difference,NOT_PROVIDED,,,,,True,False,10.87881899343702,Maura,37.57503039198369,Low,Low,Low,eroding,Low,Medium,True,medium,1.212183053462653,what-if: 30 m per date,True,50.01998996401419,vector_clean
S3-0065,S3,65,3225.0,358122.6575496054,2029580.4248295194,0.35429417718061734,0.9351340203499761,373.298,600,,,,-37.23200000000003,49.851999999999975,-1.0637714285714293,373.298,344.843,334.85,323.446,336.066,5,-1.1298012195121956,0.38797502790247174,0.73867626044735,-2.3645109136027602,0.10490847457836905,,,35.0,year_difference,NOT_PROVIDED,,,,,True,False,10.928811425872508,Maura,36.12271260525658,Low,Low,Low,eroding,Low,Medium,True,medium,1.212183053462653,what-if: 30 m per date,True,50.01998996396036,vector_clean
S3-0066,S3,66,3275.0,358169.4142506229,2029562.7101206603,0.35429417718061734,0.9351340203499761,373.298,600,,,,-38.646000000000015,48.20800000000003,-1.104171428571429,373.298,344.034,325.09,331.441,334.652,5,-1.0531646341463419,0.46205043532750223,0.6339381999664724,-2.5236153349090804,0.41728606661639644,,,35.0,year_difference,NOT_PROVIDED,,,,,True,False,10.978803858308083,Maura,35.13719152109575,Low,Low,Low,eroding,Low,Medium,True,medium,1.212183053462653,what-if: 30 m per date,True,50.01998996401419,vector_clean
S3-0067,S3,67,3325.0,358216.1709516404,2029544.9954118012,0.35429417718061734,0.9351340203499761,373.298,600,,,,-40.06,43.182000000000016,-1.1445714285714286,373.298,343.226,333.87,330.116,333.238,5,-1.0789536585365855,0.35370384093056323,0.756200766510304,-2.204597140270713,0.04668982319754167,,,35.0,year_difference,NOT_PROVIDED,,,,,True,False,11.028796290743658,Maura,35.995857410944645,Low,Low,Low,eroding,Low,Medium,True,medium,1.212183053462653,what-if: 30 m per date,True,50.0199758303254,vector_clean
S3-0068,S3,68,3375.0,358262.9276526579,2029527.280702942,0.35429417718061734,0.9351340203499761,373.298,600,,,,-41.47300000000001,45.25,-1.1849428571428575,373.298,342.418,329.573,328.048,331.825,5,-1.1306378048780492,0.3927375380996141,0.7342276433288815,-2.3805039319493853,0.11922832219328705,,,35.0,year_difference,NOT_PROVIDED,,,,,True,False,11.078788723179233,Maura,34.09074282220982,Low,Low,Low,eroding,Low,Medium,True,medium,1.212183053462653,what-if: 30 m per date,True,50.01997583027158,vector_clean
S3-0069,S3,69,3425.0,358309.6843536754,2029509.5659940832,0.35429417718061734,0.9351340203499761,373.298,600,,,,-42.887,49.65899999999999,-1.225342857142857,373.298,341.61,323.639,325.981,330.411,5,-1.1843243902439027,0.4563187217482641,0.6918665646440028,-2.6365342203034503,0.2678854398156447,,,35.0,year_difference,NOT_PROVIDED,,,,,True,False,11.128781155614721,Maura,31.8582305463002,Low,Low,Low,eroding,Low,Medium,True,medium,1.212183053462653,what-if: 30 m per date,True,50.01998996390653,vector_clean
S3-0070,S3,70,3475.0,358356.4410546929,2029491.851285224,0.35429417718061734,0.9351340203499761,373.298,600,,,,-44.30099999999999,49.384000000000015,-1.2657428571428568,373.298,340.802,332.004,323.914,328.997,5,-1.2205731707317076,0.3669985460028358,0.7866456707182453,-2.3885263375029253,-0.052620003960489825,,,35.0,year_difference,NOT_PROVIDED,,,,,True,False,11.178773588050294,Maura,32.48549807040265,Low,Low,Low,eroding,Low,Medium,True,medium,1.212183053462653,what-if: 30 m per date,True,50.01998996401419,vector_clean
S3-0071,S3,71,3525.0,358403.1977557104,2029474.136576365,0.35429417718061734,0.9351340203499761,373.298,600,,,,-45.714999999999975,51.452,-1.3061428571428564,373.298,341.551,328.975,321.846,327.583,5,-1.287819512195121,0.3757947537503205,0.7965246146166476,-2.4837661378128293,-0.09187288657741277,,,35.0,year_difference,NOT_PROVIDED,,,,,True,False,11.228766020485871,Maura,31.145179492387754,Low,Low,Low,eroding,Low,Medium,True,medium,1.212183053462653,what-if: 30 m per date,True,50.01998996401419,vector_clean
S3-0072,S3,72,3575.0,358449.9544567279,2029456.4218675059,0.35429417718061734,0.9351340203499761,373.298,600,,,,-47.12900000000002,53.519000000000005,-1.3465428571428577,373.298,342.447,326.261,319.779,326.169,5,-1.3562817073170734,0.38586765061469025,0.8046167762079425,-2.5842847863442993,-0.12827862828984782,,,35.0,year_difference,NOT_PROVIDED,,,,,True,False,11.278758452921446,Maura,29.897460260235306,Low,Low,Low,eroding,Low,Medium,True,medium,1.212183053462653,what-if: 30 m per date,True,50.01998996396036,vector_clean
S3-0073,S3,73,3625.0,358496.7111577454,2029438.707158647,0.35429417718061734,0.9351340203499761,373.298,600,,,,-48.543000000000006,55.58600000000001,-1.3869428571428573,373.298,343.344,324.455,317.712,324.755,5,-1.42364756097561,0.39031432244140685,0.8159939189454557,-2.665801934328579,-0.1814931876226411,,,35.0,year_difference,NOT_PROVIDED,,,,,True,False,11.328750885356932,Maura,28.831539744364346,Low,Low,Low,eroding,Low,Medium,True,medium,1.212183053462653,what-if: 30 m per date,True,50.019989963871744,vector_clean
S3-0074,S3,74,3675.0,358543.4678587629,2029420.992449788,0.35429417718061734,0.9351340203499761,373.298,600,,,,-49.956999999999994,55.88100000000003,-1.427342857142857,373.298,344.24,322.775,317.417,323.341,5,-1.4670780487804882,0.3901151746781754,0.8249945465893178,-2.708598645070156,-0.2255574524908206,,,35.0,year_difference,NOT_PROVIDED,,,,,True,False,11.378743317792509,Maura,28.145016548395674,Low,Low,Low,eroding,Low,Medium,True,medium,1.212183053462653,what-if: 30 m per date,True,50.01998996396036,vector_clean
S3-0075,S3,75,3725.0,358590.2245597804,2029403.2777409288,0.35429417718061734,0.9351340203499761,373.298,600,,,,-51.37099999999998,57.52499999999998,-1.4677428571428566,373.298,345.137,323.213,315.773,321.927,5,-1.5260329268292674,0.3693721625073476,0.8505132049703364,-2.701540000675429,-0.3505258529831057,,,35.0,year_difference,NOT_PROVIDED,,,,,True,False,11.428735750228084,Maura,27.612492264620126,Low,Low,Low,eroding,Low,Medium,True,medium,1.212183053462653,what-if: 30 m per date,True,50.01776717060282,vector_clean
S3-0076,S3,76,3775.0,358636.9812607979,2029385.56303207,0.35429417718061734,0.9351340203499761,373.298,600,,,,-52.603999999999985,58.84500000000003,-1.5029714285714282,373.298,346.033,323.651,314.453,320.694,5,-1.5770987804878052,0.35073045078121867,0.8707983636704322,-2.693279607726984,-0.4609179532486265,,,35.0,year_difference,NOT_PROVIDED,,,,,True,False,11.47872818266357,Maura,27.180767268954625,Low,Low,Low,eroding,Low,Medium,True,medium,1.212183053462653,what-if: 30 m per date,True,50.01322127358069,vector_clean
S3-0077,S3,77,3825.0,358683.7379618154,2029367.8483232108,0.35429417718061734,0.9351340203499761,373.298,600,,,,-53.648000000000025,60.12299999999999,-1.5328000000000006,373.298,346.929,325.906,313.175,319.65,5,-1.6216975609756097,0.31496432253441375,0.8983410757867488,-2.624054605521441,-0.6193405164297785,,,35.0,year_difference,NOT_PROVIDED,,,,,True,False,11.528720615099147,Maura,27.158639380106397,Low,Low,Low,eroding,Low,Medium,True,medium,1.212183053462653,what-if: 30 m per date,True,50.01088773715543,vector_clean
S3-0078,S3,78,3875.0,358730.4946628329,2029350.1336143517,0.35429417718061734,0.9351340203499761,373.298,600,,,,-54.690999999999974,59.648000000000025,-1.5625999999999993,373.298,347.826,331.342,313.65,318.607,5,-1.6388926829268293,0.24509404347057645,0.9371242861719489,-2.41889131601681,-0.8588940498368488,,,35.0,year_difference,NOT_PROVIDED,,,,,True,False,11.57871304753472,Maura,28.12370451827804,Low,Low,Low,eroding,Low,Medium,True,medium,1.212183053462653,what-if: 30 m per date,True,50.01088773701443,vector_clean
S3-0079,S3,79,3925.0,358777.2513638504,2029332.4189054926,0.35429417718061734,0.9351340203499761,373.298,600,,,,-55.735000000000014,60.92500000000001,-1.5924285714285717,373.298,348.722,335.751,312.373,317.563,5,-1.6808512195121954,0.22325815660659054,0.9497334464692107,-2.391358315129291,-0.9703441238950999,,,35.0,year_difference,NOT_PROVIDED,,,,,True,False,11.628705479970295,Maura,28.532573585127498,Low,Low,Low,eroding,Low,Medium,True,medium,1.212183053462653,what-if: 30 m per date,True,50.010887737047454,vector_clean
S3-0080,S3,80,3975.0,358824.00806486787,2029314.7041966338,0.35429417718061734,0.9351340203499761,373.298,600,,,,-56.77800000000002,66.42500000000001,-1.622228571428572,373.298,349.619,338.266,306.873,316.52,5,-1.7817609756097568,0.28668707051929143,0.9279301113862887,-2.6941271839564855,-0.869394767263028,,,35.0,year_difference,NOT_PROVIDED,,,,,True,False,11.678697912405783,Maura,27.71845129055134,Low,Low,Low,eroding,Low,Medium,True,medium,1.212183053462653,what-if: 30 m per date,True,50.01088773701443,vector_clean
S3-0081,S3,81,4025.0,358870.76476588537,2029296.9894877747,0.35429417718061734,0.9351340203499761,373.298,600,,,,-57.822,64.51499999999999,-1.652057142857143,373.298,350.515,320.523,308.783,315.476,5,-1.8079817073170728,0.3474261796338337,0.9002689185012931,-2.9136468690516004,-0.7023165455825449,,,35.0,year_difference,NOT_PROVIDED,,,,,True,False,11.728690344841358,Maura,24.334347148534714,Low,Low,Low,eroding,Low,Medium,True,medium,1.212183053462653,what-if: 30 m per date,True,50.01088773715543,vector_clean
S3-0082,S3,82,4075.0,358917.52146690286,2029279.2747789156,0.35429417718061734,0.9351340203499761,373.298,600,,,,-58.86500000000001,84.04599999999999,-1.6818571428571432,373.298,351.411,325.361,289.252,314.433,5,-2.094268292682927,0.5172205639557448,0.8453214549038746,-3.7402949654606426,-0.44824161990521105,,,35.0,year_difference,NOT_PROVIDED,,,,,True,False,11.778682777276932,Maura,21.178441394701387,Low,Low,Medium,eroding,Low,Medium,True,medium,1.212183053462653,what-if: 30 m per date,False,50.01088773710145,vector_clean
S3-0083,S3,83,4125.0,358964.27816792036,2029261.5600700565,0.35429417718061734,0.9351340203499761,373.298,600,,,,-59.90899999999999,74.33499999999998,-1.711685714285714,373.298,352.308,312.964,298.963,313.389,5,-2.0093329268292677,0.49012865919617293,0.8485364443511045,-3.5691410674017856,-0.4495247862567495,,,35.0,year_difference,NOT_PROVIDED,,,,,True,False,11.828675209712506,Maura,20.423918678918724,Low,Low,Medium,eroding,Low,Medium,True,medium,1.212183053462653,what-if: 30 m per date,False,50.01089817001667,vector_clean
S3-0084,S3,84,4175.0,359011.03486893786,2029243.8453611976,0.35429417718061734,0.9351340203499761,373.298,600,,,,-60.952999999999975,65.97800000000001,-1.741514285714285,373.298,353.204,313.551,307.32,312.345,5,-1.9267158536585363,0.4262111756602416,0.8719891811107863,-3.2831100349090976,-0.5703216724079752,,,35.0,year_difference,NOT_PROVIDED,,,,,True,False,11.878667642147995,Maura,21.99517953550441,Low,Low,Low,eroding,Low,Medium,True,medium,1.212183053462653,what-if: 30 m per date,True,50.01088773701443,vector_clean
S3-0085,S3,85,4225.0,359057.79156995536,2029226.1306523385,0.35429417718061734,0.9351340203499761,373.298,600,,,,-61.99599999999998,66.67000000000002,-1.7713142857142852,373.298,354.101,316.208,306.628,311.302,5,-1.96295487804878,0.38010592422412676,0.8988853253738182,-3.172621572212301,-0.7532881838852588,,,35.0,year_difference,NOT_PROVIDED,,,,,True,False,11.92866007458357,Maura,22.17105024814261,Low,Low,Low,eroding,Low,Medium,True,medium,1.212183053462653,what-if: 30 m per date,True,50.01088773710145,vector_clean
S3-0086,S3,86,4275.0,359104.54827097285,2029208.4159434794,0.35429417718061734,0.9351340203499761,373.298,600,,,,-63.04000000000002,72.101,-1.8011428571428578,373.298,354.997,311.487,301.197,310.258,5,-2.071771951219513,0.46926483177346473,0.8666169745702249,-3.5651820812965562,-0.5783618211424695,,,35.0,year_difference,NOT_PROVIDED,,,,,True,False,11.978652507019143,Maura,19.923138080694894,Low,Low,Medium,eroding,Low,Medium,True,medium,1.212183053462653,what-if: 30 m per date,False,50.01088773701443,vector_clean
S3-0087,S3,87,4325.0,359151.30497199035,2029190.7012346203,0.35429417718061734,0.9351340203499761,373.298,600,,,,-64.08300000000003,71.95999999999998,-1.8309428571428579,373.298,355.893,313.272,301.338,309.215,5,-2.0978890243902444,0.4360595919879663,0.8852590838816272,-3.4856252617958687,-0.71015278698462,,,35.0,year_difference,NOT_PROVIDED,,,,,True,False,12.028644939454718,Maura,20.091008849681028,Low,Low,Medium,eroding,Low,Medium,True,medium,1.212183053462653,what-if: 30 m per date,False,50.01088773710145,vector_clean
S3-0088,S3,88,4375.0,359198.06167300785,2029172.9865257614,0.35429417718061734,0.9351340203499761,373.298,600,,,,-65.12700000000001,65.12700000000001,-1.8607714285714287,373.298,356.79,315.2,309.678,308.171,5,-2.013875609756098,0.3721852620858371,0.907058512794831,-3.1983352219622185,-0.8294159975499775,,,35.0,year_difference,NOT_PROVIDED,,,,,True,False,12.078637371890206,Maura,21.92726783465079,Low,Low,Medium,eroding,Low,Medium,True,medium,1.212183053462653,what-if: 30 m per date,False,50.01088773710145,vector_clean
S3-0089,S3,89,4425.0,359244.81837402534,2029155.2718169023,0.35429417718061734,0.9351340203499761,373.298,600,,,,-66.17000000000002,66.17000000000002,-1.890571428571429,373.298,357.686,325.992,315.745,307.128,5,-1.9495134146341462,0.19014566373165148,0.9722526951175813,-2.5546417796426586,-1.3443850496256338,,,35.0,year_difference,NOT_PROVIDED,,,,,True,False,12.128629804325781,Maura,25.081717508371597,Low,Low,Low,eroding,Low,Medium,True,medium,1.212183053462653,what-if: 30 m per date,True,50.01088773701443,vector_clean
S3-0090,S3,90,4475.0,359291.57507504284,2029137.5571080432,0.35429417718061734,0.9351340203499761,373.298,600,,,,-67.214,67.214,-1.9203999999999999,373.298,358.582,336.076,315.697,306.084,5,-1.968064634146341,0.07331312667206819,0.9958542624000997,-2.201379723252661,-1.7347495450400212,,,35.0,year_difference,NOT_PROVIDED,,,,,True,False,12.178622236761356,Maura,26.87137682221004,Low,Low,Low,eroding,Low,Medium,True,medium,1.212183053462653,what-if: 30 m per date,True,50.01874552651181,vector_clean
S3-0091,S3,91,4525.0,359338.33177606034,2029119.8423991841,0.35429417718061734,0.9351340203499761,373.298,600,,,,-66.02199999999999,66.02199999999999,-1.8863428571428569,373.298,359.479,348.9,324.784,307.276,5,-1.8171134146341463,0.22495265143396312,0.9560440837947635,-2.533013149053936,-1.1012136802143566,,,35.0,year_difference,NOT_PROVIDED,,,,,True,False,12.22861466919693,Maura,31.48341620048899,Low,Low,Low,eroding,Low,Medium,True,medium,1.212183053462653,what-if: 30 m per date,True,50.02855183162185,vector_clean
S3-0092,S3,92,4575.0,359385.08847707784,2029102.1276903253,0.35429417718061734,0.9351340203499761,373.298,600,,,,-64.27499999999998,64.27499999999998,-1.8364285714285709,373.298,360.375,346.317,336.649,309.023,5,-1.6368451219512192,0.28931036414378786,0.9143104711065392,-2.557559821400901,-0.7161304225015375,,,35.0,year_difference,NOT_PROVIDED,,,,,True,False,12.278607101632419,Maura,33.680472636913684,Low,Low,Low,eroding,Low,Medium,True,medium,1.212183053462653,what-if: 30 m per date,True,50.0305107802803,vector_clean
S3-0093,S3,93,4625.0,359431.84517809533,2029084.4129814662,0.35429417718061734,0.9351340203499761,373.298,600,,,,-62.52800000000002,62.52800000000002,-1.7865142857142864,373.298,361.272,342.083,319.963,310.77,5,-1.8416024390243904,0.10955883669154139,0.9894939979685023,-2.1902675540645675,-1.4929373239842134,,,35.0,year_difference,NOT_PROVIDED,,,,,True,False,12.328599534067992,Maura,29.83737173697187,Low,Low,Low,eroding,Low,Medium,True,medium,1.212183053462653,what-if: 30 m per date,True,50.03049332343033,vector_clean
S3-0094,S3,94,4675.0,359478.60187911283,2029066.698272607,0.35429417718061734,0.9351340203499761,373.298,600,,,,-60.78199999999998,60.78199999999998,-1.736628571428571,373.298,362.168,341.584,323.608,312.516,5,-1.7690804878048778,0.10227814675670317,0.9900720728743585,-2.094575198062013,-1.443585777547743,,,35.0,year_difference,NOT_PROVIDED,,,,,True,False,12.378591966503567,Maura,30.807036842616625,Low,Low,Low,eroding,Low,Medium,True,medium,1.212183053462653,what-if: 30 m per date,True,50.030493323560286,vector_clean
S3-0095,S3,95,4725.0,359525.3585801303,2029048.983563748,0.35429417718061734,0.9351340203499761,373.298,600,,,,-59.035000000000025,59.035000000000025,-1.6867142857142865,373.298,361.646,343.555,326.583,314.263,5,-1.6869512195121954,0.09866543626069106,0.9898419084202675,-2.000948672599237,-1.3729537664251539,,,35.0,year_difference,NOT_PROVIDED,,,,,True,False,12.428584398939144,Maura,31.853301407275673,Low,Low,Low,eroding,Low,Medium,True,medium,1.212183053462653,what-if: 30 m per date,True,50.03051078020546,vector_clean
S3-0096,S3,96,4775.0,359572.1152811478,2029031.268854889,0.35429417718061734,0.9351340203499761,373.298,600,,,,-57.28800000000001,57.28800000000001,-1.6368000000000003,373.298,360.737,348.352,327.216,316.01,5,-1.62854512195122,0.12990134394507005,0.9812700128931849,-2.0419491740405964,-1.2151410698618437,,,35.0,year_difference,NOT_PROVIDED,,,,,True,False,12.47857683137463,Maura,32.91896583498222,Low,Low,Low,eroding,Low,Medium,True,medium,1.212183053462653,what-if: 30 m per date,True,50.0305107802803,vector_clean
S3-0097,S3,97,4825.0,359618.8719821653,2029013.55414603,0.35429417718061734,0.9351340203499761,373.298,600,,,,-55.541,55.541,-1.5868857142857142,373.298,359.829,339.52,326.659,317.757,5,-1.6027341463414637,0.06470713021586462,0.9951338660469679,-1.8086611138224538,-1.3968071788604737,,,35.0,year_difference,NOT_PROVIDED,,,,,True,False,12.528569263810205,Maura,31.021051195558186,Low,Low,Low,eroding,Low,Medium,True,medium,1.212183053462653,what-if: 30 m per date,True,50.03049332343033,vector_clean
S3-0098,S3,98,4875.0,359665.62868318276,2028995.839437171,0.35429417718061734,0.9351340203499761,373.298,600,,,,-53.795000000000016,53.795000000000016,-1.5370000000000004,373.298,358.921,339.696,326.102,319.503,5,-1.565957317073171,0.05674967320594881,0.9960755353873147,-1.7465601048935007,-1.3853545292528415,,,35.0,year_difference,NOT_PROVIDED,,,,,True,False,12.578561696245727,Maura,30.92452383210365,Low,Low,Low,eroding,Low,Medium,True,medium,1.212183053462653,what-if: 30 m per date,True,50.030493323560286,vector_clean
S3-0099,S3,99,4925.0,359712.38538420026,2028978.1247283118,0.35429417718061734,0.9351340203499761,373.298,600,,,,-52.048,52.048,-1.4870857142857143,373.298,358.012,341.876,325.545,321.25,5,-1.5267060975609754,0.04974708378720076,0.9968248482670493,-1.6850235205581916,-1.3683886745637592,,,35.0,year_difference,NOT_PROVIDED,,,,,True,False,12.6285541286813,Maura,31.228793637711302,Low,Low,Low,eroding,Low,Medium,True,medium,1.212183053462653,what-if: 30 m per date,True,50.03051078020546,vector_clean
S3-0100,S3,100,4975.0,359759.14208521775,2028960.410019453,0.35429417718061734,0.9351340203499761,373.298,600,,,,-50.30099999999999,50.30099999999999,-1.4371714285714283,373.298,357.104,340.88,323.53,322.997,5,-1.51089756097561,0.10496505844304782,0.9857275797105376,-1.844943223401576,-1.176851898549644,,,35.0,year_difference,NOT_PROVIDED,,,,,True,False,12.67854656111679,Maura,30.60646998844548,Low,Low,Low,eroding,Low,Medium,True,medium,1.212183053462653,what-if: 30 m per date,True,50.02349438520821,vector_clean
S3-0101,S3,101,5025.0,359805.89878623525,2028942.6953105938,0.35429417718061734,0.9351340203499761,373.298,600,,,,-49.148000000000025,50.738,-1.404228571428572,373.298,356.196,340.099,322.56,324.15,5,-1.4923987804878058,0.13814564718767944,0.9749387219927912,-1.932039884971263,-1.0527576760043487,,,35.0,year_difference,NOT_PROVIDED,,,,,True,False,12.728538993552364,Maura,30.11734539821734,Low,Low,Low,eroding,Low,Medium,True,medium,1.212183053462653,what-if: 30 m per date,True,50.01013004843051,vector_clean
S3-0102,S3,102,5075.0,359852.65548725275,2028924.9806017347,0.35429417718061734,0.9351340203499761,373.298,600,,,,-48.533000000000015,48.533000000000015,-1.3866571428571433,373.298,355.287,341.143,324.792,324.765,5,-1.4392073170731712,0.11804875449337612,0.9802157749262841,-1.8148911396539595,-1.0635234944923828,,,35.0,year_difference,NOT_PROVIDED,,,,,True,False,12.778531425987937,Maura,30.525814467698687,Low,Low,Low,eroding,Low,Medium,True,medium,1.212183053462653,what-if: 30 m per date,True,50.00378210649543,vector_clean
S3-0103,S3,103,5125.0,359899.41218827025,2028907.2658928758,0.35429417718061734,0.9351340203499761,373.298,600,,,,-47.918000000000006,49.822,-1.3690857142857145,373.298,354.379,350.265,323.476,325.38,5,-1.4237707317073174,0.20342808611035104,0.9422904423641001,-2.07116969274014,-0.7763717706744948,,,35.0,year_difference,NOT_PROVIDED,,,,,True,False,12.828523858423427,Maura,31.840477136920942,Low,Low,Low,eroding,Low,Medium,True,medium,1.212183053462653,what-if: 30 m per date,True,50.00378210649543,vector_clean
S3-0104,S3,104,5175.0,359946.16888928774,2028889.5511840167,0.35429417718061734,0.9351340203499761,373.298,600,,,,-47.303,50.509000000000015,-1.3515142857142857,373.298,353.471,348.359,322.789,325.995,5,-1.4133451219512199,0.20173322915202005,0.9424009398115566,-2.0553502917190176,-0.7713399521834221,,,35.0,year_difference,NOT_PROVIDED,,,,,True,False,12.878516290859,Maura,31.075354496084362,Low,Low,Low,eroding,Low,Medium,True,medium,1.212183053462653,what-if: 30 m per date,True,50.003788258189765,vector_clean
S3-0105,S3,105,5225.0,359992.92559030524,2028871.8364751576,0.35429417718061734,0.9351340203499761,373.298,600,,,,-46.68700000000001,51.067999999999984,-1.333914285714286,373.298,352.562,333.836,322.23,326.611,5,-1.4165585365853661,0.23819652625087862,0.9218078005174203,-2.1746061914838886,-0.6585108816868438,,,35.0,year_difference,NOT_PROVIDED,,,,,True,False,12.928508723294575,Maura,27.81244949796441,Low,Low,Low,eroding,Low,Medium,True,medium,1.212183053462653,what-if: 30 m per date,True,50.003788258109964,vector_clean
S3-0106,S3,106,5275.0,360039.68229132274,2028854.1217662985,0.35429417718061734,0.9351340203499761,373.298,600,,,,-46.072,51.62700000000001,-1.3163428571428573,373.298,351.654,332.533,321.671,327.226,5,-1.403680487804878,0.2672111566361206,0.9019441418551309,-2.2540656459720863,-0.5532953296376699,,,35.0,year_difference,NOT_PROVIDED,,,,,True,False,12.97850115573015,Maura,27.193525824441625,Low,Low,Low,eroding,Low,Medium,True,medium,1.212183053462653,what-if: 30 m per date,True,50.00378210649543,vector_clean
S3-0107,S3,107,5325.0,360086.43899234023,2028836.4070574397,0.35429417718061734,0.9351340203499761,373.298,600,,,,-45.456999999999994,49.593999999999994,-1.2987714285714285,373.298,350.746,333.259,323.704,327.841,5,-1.3535573170731703,0.25904891752166437,0.9009956635565696,-2.177966587527735,-0.5291480466186056,,,35.0,year_difference,NOT_PROVIDED,,,,,True,False,13.028493588165638,Maura,27.49879562320419,Low,Low,Low,eroding,Low,Medium,True,medium,1.212183053462653,what-if: 30 m per date,True,50.00378210649543,vector_clean
S3-0108,S3,108,5375.0,360133.19569335773,2028818.6923485806,0.35429417718061734,0.9351340203499761,373.298,600,,,,-44.841999999999985,44.841999999999985,-1.2811999999999995,373.298,349.837,329.91,331.266,328.456,5,-1.2342231707317066,0.3091867791059084,0.8415612448448871,-2.2181934935398746,-0.2502528479235385,,,35.0,year_difference,NOT_PROVIDED,,,,,True,False,13.078486020601213,Maura,28.094663369118056,Low,Low,Low,eroding,Low,Medium,True,medium,1.212183053462653,what-if: 30 m per date,True,50.00378210662991,vector_clean
S3-0109,S3,109,5425.0,360179.9523943752,2028800.9776397215,0.35429417718061734,0.9351340203499761,373.298,600,,,,-44.226999999999975,44.226999999999975,-1.2636285714285707,373.298,348.929,340.018,329.781,329.071,5,-1.2198512195121942,0.20476851003696533,0.9220545976025053,-1.8715160077177844,-0.5681864313066041,,,35.0,year_difference,NOT_PROVIDED,,,,,True,False,13.128478453036786,Maura,29.57272488383675,Low,Low,Low,eroding,Low,Medium,True,medium,1.212183053462653,what-if: 30 m per date,True,50.003788258109964,vector_clean
S3-0110,S3,110,5475.0,360226.7090953927,2028783.2629308624,0.35429417718061734,0.9351340203499761,373.298,600,,,,-43.61099999999999,46.910000000000025,-1.246028571428571,373.298,350.413,345.528,326.388,329.687,5,-1.2629158536585368,0.20498528501015095,0.9267542573840889,-1.9152705165766195,-0.610561190740454,,,35.0,year_difference,NOT_PROVIDED,,,,,True,False,13.178470885472363,Maura,30.22819220876224,Low,Low,Low,eroding,Low,Medium,True,medium,1.212183053462653,what-if: 30 m per date,True,50.00378825805528,vector_clean
S3-0111,S3,111,5525.0,360273.4657964102,2028765.5482220035,0.35429417718061734,0.9351340203499761,373.298,600,,,,-42.99599999999998,42.99599999999998,-1.2284571428571422,373.298,351.963,349.017,333.929,330.302,5,-1.1625134146341465,0.15528284009451737,0.9491926430247917,-1.656692715366904,-0.6683341139013889,,,35.0,year_difference,NOT_PROVIDED,,,,,True,False,13.22846331790785,Maura,32.679246851128546,Low,Low,Low,eroding,Low,Medium,True,medium,1.212183053462653,what-if: 30 m per date,True,50.003782106550105,vector_clean
S3-0112,S3,112,5575.0,360320.2224974277,2028747.8335131444,0.35429417718061734,0.9351340203499761,373.298,600,,,,-42.38100000000003,42.38100000000003,-1.210885714285715,373.298,352.653,342.749,335.614,330.917,5,-1.143126829268294,0.15405031594048765,0.9483324106380374,-1.6333836880608867,-0.6528699704757011,,,35.0,year_difference,NOT_PROVIDED,,,,,True,False,13.278455750343424,Maura,31.835724763999206,Low,Low,Low,eroding,Low,Medium,True,medium,1.212183053462653,what-if: 30 m per date,True,50.00378210662991,vector_clean
S3-0113,S3,113,5625.0,360366.9791984452,2028730.1188042853,0.35429417718061734,0.9351340203499761,373.298,600,,,,-41.76600000000002,41.76600000000002,-1.1933142857142862,373.298,353.342,340.993,337.299,331.532,5,-1.118226829268293,0.17516074453692418,0.9314371944676678,-1.6756664935505707,-0.5607871649860153,,,35.0,year_difference,NOT_PROVIDED,,,,,True,False,13.328448182779,Maura,31.894396304467783,Low,Low,Low,eroding,Low,Medium,True,medium,1.212183053462653,what-if: 30 m per date,True,50.003782106550105,vector_clean
S3-0114,S3,114,5675.0,360413.7358994627,2028712.4040954262,0.35429417718061734,0.9351340203499761,373.298,600,,,,-41.15100000000001,41.15100000000001,-1.1757428571428574,373.298,354.032,342.527,338.984,332.147,5,-1.0893256097560977,0.16342542649564398,0.9367488740740408,-1.609418254496574,-0.5692329650156214,,,35.0,year_difference,NOT_PROVIDED,,,,,True,False,13.378440615214576,Maura,32.61126319566274,Low,Low,Low,eroding,Low,Medium,True,medium,1.212183053462653,what-if: 30 m per date,True,50.0037882580006,vector_clean
S3-0115,S3,115,5725.0,360460.4926004802,2028694.6893865673,0.35429417718061734,0.9351340203499761,373.298,600,,,,-40.535000000000025,40.535000000000025,-1.1581428571428578,373.298,356.395,348.674,340.668,332.763,5,-1.0731548780487807,0.10008653883662338,0.9745691744340418,-1.391674913778027,-0.7546348423195344,,,35.0,year_difference,NOT_PROVIDED,,,,,True,False,13.428433047650062,Maura,34.58532120738202,Low,Low,Low,eroding,Low,Medium,True,medium,1.212183053462653,what-if: 30 m per date,True,50.00378825813509,vector_clean
S3-0116,S3,116,5775.0,360507.2493014977,2028676.9746777082,0.35429417718061734,0.9351340203499761,373.298,600,,,,-39.920000000000016,39.920000000000016,-1.140571428571429,373.298,360.989,341.59,342.353,333.378,5,-1.0976121951219513,0.1810496831129663,0.9245355259883072,-1.6737930902175968,-0.5214313000263057,,,35.0,year_difference,NOT_PROVIDED,,,,,True,False,13.478425480085638,Maura,34.35939475782358,Low,Low,Low,eroding,Low,Medium,True,medium,1.212183053462653,what-if: 30 m per date,True,50.00378210660479,vector_clean
S3-0117,S3,117,5825.0,360554.0060025152,2028659.2599688491,0.35429417718061734,0.9351340203499761,373.298,600,,,,-39.30500000000001,40.07900000000001,-1.1230000000000002,373.298,364.434,333.219,344.038,333.993,5,-1.111028048780488,0.3561920456667844,0.7643232616629053,-2.244590108484192,0.02253401092321572,,,35.0,year_difference,NOT_PROVIDED,,,,,True,False,13.528417912521212,Maura,33.64627174973511,Low,Low,Low,eroding,Low,Medium,True,medium,1.212183053462653,what-if: 30 m per date,True,50.003782106550105,vector_clean
S3-0118,S3,118,5875.0,360600.7627035327,2028641.54525999,0.35429417718061734,0.9351340203499761,373.298,600,,,,-38.69,44.08699999999999,-1.1054285714285714,373.298,364.004,329.211,340.842,334.608,5,-1.1420695121951223,0.4079547556004143,0.7231757953965474,-2.440363616878579,0.1562245924883341,,,35.0,year_difference,NOT_PROVIDED,,,,,True,False,13.578410344956787,Maura,32.054554947378115,Low,Low,Low,eroding,Low,Medium,True,medium,1.212183053462653,what-if: 30 m per date,True,50.00378210649543,vector_clean
S3-0119,S3,119,5925.0,360647.5194045502,2028623.8305511312,0.35429417718061734,0.9351340203499761,373.298,600,,,,-38.07499999999999,40.73599999999999,-1.0878571428571426,373.298,363.575,332.562,341.343,335.223,5,-1.1145536585365847,0.3507470351960041,0.7709486886115685,-2.230787264785323,0.0016799477121531847,,,35.0,year_difference,NOT_PROVIDED,,,,,True,False,13.628402777392274,Maura,32.6742225254351,Low,Low,Low,eroding,Low,Medium,True,medium,1.212183053462653,what-if: 30 m per date,True,50.00378825813509,vector_clean
S3-0120,S3,120,5975.0,360694.2761055677,2028606.115842272,0.35429417718061734,0.9351340203499761,373.298,600,,,,-37.459,37.459,-1.070257142857143,373.298,363.509,338.138,341.844,335.839,5,-1.0882890243902443,0.2554161666207337,0.8581882867110286,-1.9011372601621261,-0.2754407886183625,,,35.0,year_difference,NOT_PROVIDED,,,,,True,False,13.67839520982785,Maura,33.81168644588988,Low,Low,Low,eroding,Low,Medium,True,medium,1.212183053462653,what-if: 30 m per date,True,50.00582616777376,vector_clean
S3-0121,S3,121,6025.0,360741.0328065852,2028588.401133413,0.35429417718061734,0.9351340203499761,373.298,600,,,,-38.28399999999999,38.28399999999999,-1.0938285714285712,373.298,366.868,339.497,342.345,335.014,5,-1.132875609756097,0.25388277535674575,0.8690598165081734,-1.940843910165346,-0.324907309346848,,,35.0,year_difference,NOT_PROVIDED,,,,,True,False,13.728387642263424,Maura,34.502553520928586,Low,Low,Low,eroding,Low,Medium,True,medium,1.212183053462653,what-if: 30 m per date,True,50.01466197108384,vector_clean
S3-0122,S3,122,6075.0,360787.9093543724,2028570.642911406,0.3539747877866057,0.9352549650290168,373.298,600,,,,-39.18299999999999,39.18299999999999,-1.1195142857142855,373.296,367.667,353.689,345.243,334.113,5,-1.1029963414634143,0.1114783678549532,0.9702665453706225,-1.4577702613624681,-0.7482224215643605,,,35.0,year_difference,NOT_PROVIDED,,,,,True,False,13.778507513849192,Maura,37.713528749808255,Low,Low,Low,eroding,Low,Medium,True,medium,1.212183053462653,what-if: 30 m per date,True,50.050884364946924,vector_clean
S3-0123,S3,123,6125.0,360835.3136731848,2028552.7495191335,0.35229821486410046,0.9358877965886553,373.298,600,,,,-40.08300000000003,40.08300000000003,-1.1452285714285722,373.235,363.163,358.865,346.495,333.152,5,-1.0477926829268298,0.16066874061184244,0.9341083241346441,-1.5591123228615742,-0.5364730429920854,,,35.0,year_difference,NOT_PROVIDED,,,,,True,False,13.829167676148135,Maura,37.76744437731728,Low,Low,Low,eroding,Low,Medium,True,medium,1.212183053462653,what-if: 30 m per date,True,50.08239901254914,vector_clean
S3-0124,S3,124,6175.0,360882.7551023012,2028534.939932653,0.3506074487751849,0.9365225127370703,373.298,600,,,,-41.04899999999998,41.04899999999998,-1.1728285714285709,373.149,358.566,351.808,344.609,332.1,5,-1.0497780487804873,0.123281185643596,0.9602704672286164,-1.4421138025429443,-0.6574422950180303,,,35.0,year_difference,NOT_PROVIDED,,,,,True,False,13.879831256697136,Maura,34.79571839695752,Low,Low,Low,eroding,Low,Medium,True,medium,1.212183053462653,what-if: 30 m per date,True,50.0864830371962,vector_clean
S3-0125,S3,125,6225.0,360930.2286166111,2028517.2160537408,0.3489155422068057,0.9371541732322013,373.298,600,,,,-42.31099999999998,42.31099999999998,-1.2088857142857137,373.268,353.877,349.627,340.416,330.957,5,-1.0822804878048777,0.14239433036552415,0.9506326604288076,-1.5354427983699876,-0.6291181772397677,,,35.0,year_difference,NOT_PROVIDED,,,,,True,False,13.930492883403247,Maura,32.43256147014733,Low,Low,Low,eroding,Low,Medium,True,medium,1.212183053462653,what-if: 30 m per date,True,50.08312328967469,vector_clean
S3-0126,S3,126,6275.0,360977.6131603142,2028499.6208463854,0.3475447306002839,0.9376634045498289,373.298,600,,,,-43.572,43.572,-1.2449142857142859,373.298,349.099,345.588,331.114,329.726,5,-1.1842621951219512,0.19242060935801933,0.9266117553221301,-1.7966304524338195,-0.5718939378100829,,,35.0,year_difference,NOT_PROVIDED,,,,,True,False,13.981024197603052,Maura,28.71140902314411,Low,Low,Low,eroding,Low,Medium,True,medium,1.212183053462653,what-if: 30 m per date,True,50.04711671646191,vector_clean
S3-0127,S3,127,6325.0,361024.50125762937,2028482.2424987683,0.347532156049048,0.9376680652085259,373.298,600,,,,-44.831999999999994,53.091999999999985,-1.2809142857142854,373.298,344.294,320.206,328.4,328.466,5,-1.223470731707317,0.4743219958326998,0.6892271887105176,-2.732975014859887,0.2860335514452528,,,35.0,year_difference,NOT_PROVIDED,,,,,True,False,14.031014049563835,Maura,22.05238655847288,Low,Low,Low,eroding,Low,Medium,True,medium,1.212183053462653,what-if: 30 m per date,True,50.016165548302446,vector_clean
S3-0128,S3,128,6375.0,361071.3846608897,2028464.8658909656,0.3475321560490463,0.9376680652085263,373.298,600,,,,-46.091999999999985,46.091999999999985,-1.3169142857142853,373.298,339.488,337.964,329.394,327.206,5,-1.1603170731707315,0.33406715986641444,0.8008476759616084,-2.223467871804224,-0.09716627453723903,,,35.0,year_difference,NOT_PROVIDED,,,,,True,False,14.080998896934142,Maura,24.76270664625076,Low,Low,Low,eroding,Low,Medium,True,medium,1.212183053462653,what-if: 30 m per date,True,50.015860885639405,vector_clean
S3-0129,S3,129,6425.0,361118.26806415,2028447.4892831626,0.34753215604904464,0.9376680652085271,373.298,600,,,,-47.351,47.351,-1.3528857142857142,373.298,339.559,331.612,330.388,325.947,5,-1.180074390243903,0.3646726643705317,0.7773090260571615,-2.340625563607867,-0.019523216879938854,,,35.0,year_difference,NOT_PROVIDED,,,,,True,False,14.130983744304537,Maura,23.626649793657325,Low,Low,Low,eroding,Low,Medium,True,medium,1.212183053462653,what-if: 30 m per date,True,50.01586088549897,vector_clean
S3-0130,S3,130,6475.0,361165.15146741027,2028430.11267536,0.3475321560490429,0.9376680652085277,373.298,600,,,,-48.61099999999999,54.18799999999999,-1.388885714285714,373.298,339.662,331.211,319.11,324.687,5,-1.3575695121951212,0.35885315815952135,0.8267065901350544,-2.49960041951928,-0.21553860487096244,,,35.0,year_difference,NOT_PROVIDED,,,,,True,False,14.180968591674787,Maura,21.23260048334826,Low,Low,Low,eroding,Low,Medium,True,medium,1.212183053462653,what-if: 30 m per date,True,50.015873480052385,vector_clean
S3-0131,S3,131,6525.0,361212.0348706706,2028412.7360675572,0.34753215604904125,0.9376680652085283,373.298,600,,,,-49.87099999999998,61.785000000000025,-1.4248857142857136,373.298,339.922,342.966,311.513,323.427,5,-1.4725841463414637,0.408153999607859,0.8126994360048916,-2.7715123343802626,-0.17365595830266511,,,35.0,year_difference,NOT_PROVIDED,,,,,True,False,14.230953439045095,Maura,22.037331995599622,Low,Low,Low,eroding,Low,Medium,True,medium,1.212183053462653,what-if: 30 m per date,True,50.01587348013877,vector_clean
S3-0132,S3,132,6575.0,361258.9182739309,2028395.3594597543,0.34753215604903953,0.937668065208529,373.298,600,,,,-51.13100000000003,51.649,-1.460885714285715,373.298,340.486,342.826,321.649,322.167,5,-1.3675597560975614,0.31113346930265784,0.8655892651337982,-2.3577253159299065,-0.3773941962652161,,,35.0,year_difference,NOT_PROVIDED,,,,,True,False,14.280938286415488,Maura,24.070456142984394,Low,Low,Low,eroding,Low,Medium,True,medium,1.212183053462653,what-if: 30 m per date,True,50.015873480106436,vector_clean
S3-0133,S3,133,6625.0,361305.8016771912,2028377.9828519516,0.34753215604903787,0.9376680652085296,373.298,600,,,,-52.39100000000002,52.39100000000002,-1.4968857142857148,373.298,341.05,331.372,330.863,320.907,5,-1.2887012195121959,0.3308362174305209,0.8349221347459297,-2.341569717327994,-0.23583272169639735,,,35.0,year_difference,NOT_PROVIDED,,,,,True,False,14.330923133785795,Maura,23.656394962290282,Low,Low,Low,eroding,Low,Medium,True,medium,1.212183053462653,what-if: 30 m per date,True,50.01587348019282,vector_clean
S3-0134,S3,134,6675.0,361352.6850804515,2028360.606244149,0.34753215604903614,0.9376680652085302,373.298,600,,,,-53.65100000000001,53.65100000000001,-1.5328857142857146,373.298,341.614,335.519,330.964,319.647,5,-1.3130646341463414,0.2944777323799516,0.8688944728321177,-2.250224205547243,-0.37590506274544,,,35.0,year_difference,NOT_PROVIDED,,,,,True,False,14.380907981156046,Maura,24.53992600198139,Low,Low,Low,eroding,Low,Medium,True,medium,1.212183053462653,what-if: 30 m per date,True,50.015873480052385,vector_clean
S3-0135,S3,135,6725.0,361399.5684837118,2028343.229636346,0.3475321560490345,0.9376680652085309,373.298,600,,,,-54.911,54.911,-1.5688857142857142,373.298,342.178,337.628,331.066,318.387,5,-1.3399000000000003,0.27979747248636094,0.8843164144468781,-2.2303404325419396,-0.44945956745806104,,,35.0,year_difference,NOT_PROVIDED,,,,,True,False,14.430892828526439,Maura,25.016059483936274,Low,Low,Low,eroding,Low,Medium,True,medium,1.212183053462653,what-if: 30 m per date,True,50.015860885639405,vector_clean
S3-0136,S3,136,6775.0,361446.4518869721,2028325.8530285433,0.34753215604903276,0.9376680652085315,373.298,600,,,,-56.170000000000016,56.170000000000016,-1.6048571428571432,373.298,342.742,335.218,331.168,317.128,5,-1.372226829268293,0.28238992431310017,0.8872736556801178,-2.2709176005478646,-0.47353605798872156,,,35.0,year_difference,NOT_PROVIDED,,,,,True,False,14.480877675896746,Maura,24.588598383422145,Low,Low,Low,eroding,Low,Medium,True,medium,1.212183053462653,what-if: 30 m per date,True,50.01586088555302,vector_clean
S3-0137,S3,137,6825.0,361493.33529023244,2028308.4764207406,0.34753215604903104,0.9376680652085321,373.298,600,,,,-57.43000000000001,57.43000000000001,-1.640857142857143,373.298,343.306,339.915,330.45,315.868,5,-1.4069060975609757,0.261751733339639,0.9059273192662689,-2.239916934229316,-0.5738952608926352,,,35.0,year_difference,NOT_PROVIDED,,,,,True,False,14.530862523267054,Maura,25.418329745813608,Low,Low,Low,eroding,Low,Medium,True,medium,1.212183053462653,what-if: 30 m per date,True,50.01587348019282,vector_clean
S3-0138,S3,138,6875.0,361540.2186934927,2028291.0998129377,0.3475321560490294,0.9376680652085327,373.298,600,,,,-58.69,58.69,-1.6768571428571428,373.298,346.583,339.281,328.726,314.608,5,-1.491358536585366,0.2010310389316,0.9483069346259972,-2.1311290236805815,-0.8515880494901505,,,35.0,year_difference,NOT_PROVIDED,,,,,True,False,14.580847370637391,Maura,25.52326545336453,Low,Low,Low,eroding,Low,Medium,True,medium,1.212183053462653,what-if: 30 m per date,True,50.015873480052385,vector_clean
S3-0139,S3,139,6925.0,361587.102096753,2028273.723205135,0.34753215604902765,0.9376680652085334,373.298,600,,,,-59.94999999999999,59.94999999999999,-1.7128571428571426,373.298,346.769,339.201,329.464,313.348,5,-1.5081829268292681,0.21194106651424183,0.9440696567556253,-2.1826739908954056,-0.8336918627631307,,,35.0,year_difference,NOT_PROVIDED,,,,,True,False,14.630832218007697,Maura,25.613201250903302,Low,Low,Low,eroding,Low,Medium,True,medium,1.212183053462653,what-if: 30 m per date,True,50.01587348013877,vector_clean
S3-0140,S3,140,6975.0,361633.98550001334,2028256.3465973323,0.347532156049026,0.937668065208534,373.298,600,,,,-61.20999999999998,61.20999999999998,-1.7488571428571422,373.298,346.222,345.694,325.166,312.088,5,-1.5765024390243896,0.23839373405574693,0.9358041989136175,-2.335177697172888,-0.8178271808758909,,,35.0,year_difference,NOT_PROVIDED,,,,,True,False,14.680817065378005,Maura,25.8639360844217,Low,Low,Low,eroding,Low,Medium,True,medium,1.212183053462653,what-if: 30 m per date,True,50.015873480106436,vector_clean
S3-0141,S3,141,7025.0,361680.86890327366,2028238.9699895293,0.34753215604902427,0.9376680652085346,373.298,600,,,,-62.47000000000003,62.47000000000003,-1.7848571428571436,373.298,345.109,338.201,313.815,310.828,5,-1.7502792682926833,0.19380479120110383,0.9645228994299182,-2.3670526099969167,-1.13350592658845,,,35.0,year_difference,NOT_PROVIDED,,,,,True,False,14.730801912748397,Maura,21.793696822890595,Low,Low,Low,eroding,Low,Medium,True,medium,1.212183053462653,what-if: 30 m per date,True,50.015873480052385,vector_clean
S3-0142,S3,142,7075.0,361727.7523065339,2028221.5933817266,0.3475321560490226,0.9376680652085353,373.298,600,,,,-63.73000000000002,63.73000000000002,-1.8208571428571434,373.298,343.635,330.709,310.264,309.568,5,-1.8154585365853662,0.20601853100628104,0.9628037687004611,-2.471101449406282,-1.1598156237644501,,,35.0,year_difference,NOT_PROVIDED,,,,,True,False,14.78078676011865,Maura,19.2114486407837,Low,Low,Low,eroding,Low,Medium,True,medium,1.212183053462653,what-if: 30 m per date,True,50.015860885639405,vector_clean
S3-0143,S3,143,7125.0,361774.63570979424,2028204.2167739237,0.3475321560490209,0.9376680652085359,373.298,600,,,,-64.98899999999998,64.98899999999998,-1.8568285714285708,373.298,342.162,327.224,310.473,308.309,5,-1.8253036585365845,0.2243556058620298,0.9566415167160506,-2.539303327481889,-1.11130398959128,,,35.0,year_difference,NOT_PROVIDED,,,,,True,False,14.830771607489043,Maura,18.182991143246234,Low,Low,Low,eroding,Low,Medium,True,medium,1.212183053462653,what-if: 30 m per date,True,50.015860885639405,vector_clean
S3-0144,S3,144,7175.0,361821.51911305456,2028186.840166121,0.34753215604901916,0.9376680652085365,373.298,600,,,,-66.24900000000002,66.24900000000002,-1.8928285714285722,373.298,340.689,331.09,308.948,307.049,5,-1.8494646341463425,0.2305367541851818,0.9554627594303754,-2.5831354757350726,-1.1157937925576125,,,35.0,year_difference,NOT_PROVIDED,,,,,True,False,14.880756454859348,Maura,18.27772691207696,Low,Low,Low,eroding,Low,Medium,True,medium,1.212183053462653,what-if: 30 m per date,True,50.015873480052385,vector_clean
S3-0145,S3,145,7225.0,361868.4025163148,2028169.4635583183,0.3475321560490175,0.9376680652085372,373.298,600,,,,-67.50900000000001,67.50900000000001,-1.9288285714285718,373.298,339.216,334.957,306.626,305.789,5,-1.8843158536585374,0.2747232110332977,0.9400543696851622,-2.758607721587132,-1.0100239857299427,,,35.0,year_difference,NOT_PROVIDED,,,,,True,False,14.930741302229602,Maura,18.213263635317055,Low,Low,Low,eroding,Low,Medium,True,medium,1.212183053462653,what-if: 30 m per date,True,50.015873480106436,vector_clean
S3-0146,S3,146,7275.0,361915.28591957514,2028152.0869505154,0.3475321560490158,0.9376680652085377,373.298,600,,,,-68.769,68.769,-1.9648285714285716,373.298,337.778,338.502,316.16,304.529,5,-1.7609000000000001,0.3011055854301543,0.9193558045509063,-2.7191523578524825,-0.8026476421475177,,,35.0,year_difference,NOT_PROVIDED,,,,,True,False,14.980726149599995,Maura,20.46258648665069,Low,Low,Low,eroding,Low,Medium,True,medium,1.212183053462653,what-if: 30 m per date,True,50.01587348019282,vector_clean
S3-0147,S3,147,7325.0,361962.16932283546,2028134.7103427127,0.3475321560490141,0.9376680652085384,373.298,600,,,,-70.029,70.029,-2.0008285714285714,373.298,336.649,333.737,327.28,303.269,5,-1.6297341463414634,0.382248854392672,0.8583421770827534,-2.8462206007023525,-0.41324769198057454,,,35.0,year_difference,NOT_PROVIDED,,,,,True,False,15.030710996970301,Maura,21.428917030127955,Medium,Medium,Low,eroding,Low,Medium,True,medium,1.212183053462653,what-if: 30 m per date,False,50.015873480052385,vector_clean
S3-0148,S3,148,7375.0,362009.05272609583,2028117.33373491,0.3475321560490124,0.9376680652085391,373.298,600,,,,-71.28899999999999,71.28899999999999,-2.036828571428571,373.298,335.519,328.972,335.529,302.009,5,-1.537070731707317,0.5158805752553937,0.7474210190997805,-3.178832962396478,0.10469149898184438,,,35.0,year_difference,NOT_PROVIDED,,,,,True,False,15.080695844340662,Maura,21.820851017173307,Medium,Medium,Low,eroding,Low,Medium,True,medium,1.212183053462653,what-if: 30 m per date,False,50.01587348019282,vector_clean
S3-0149,S3,149,7425.0,362055.9361293561,2028099.957127107,0.3475321560490107,0.9376680652085396,373.298,600,,,,-72.54899999999998,72.54899999999998,-2.072828571428571,373.298,334.39,324.553,330.8,300.749,5,-1.6180914634146337,0.4917806153502199,0.7830156639786495,-3.1831568657460894,-0.05302606108317809,,,35.0,year_difference,NOT_PROVIDED,,,,,True,False,15.130680691711001,Maura,19.686600148955993,Medium,Medium,Low,eroding,Low,Medium,True,medium,1.212183053462653,what-if: 30 m per date,False,50.01586088555302,vector_clean
S3-0150,S3,150,7475.0,362102.8195326164,2028082.5805193044,0.347532156049009,0.9376680652085403,373.298,600,,,,-73.80799999999999,73.80799999999999,-2.1088,373.298,333.261,326.173,326.071,299.49,5,-1.6917280487804873,0.4443618410192491,0.828512413090914,-3.105885747941263,-0.2775703496197117,,,35.0,year_difference,NOT_PROVIDED,,,,,True,False,15.180665539081309,Dodan,11.877868859076163,Medium,Medium,Low,eroding,Low,Medium,True,medium,1.212183053462653,what-if: 30 m per date,False,50.015860885585354,vector_clean
S3-0151,S3,151,7525.0,362149.70293587673,2028065.2039115017,0.34753215604900733,0.937668065208541,373.298,600,,,,-75.06799999999998,75.06799999999998,-2.1447999999999996,373.298,332.342,327.794,326.475,298.23,5,-1.6988304878048772,0.4628638069186254,0.8178595733603522,-3.171869699982608,-0.2257912756271463,,,35.0,year_difference,NOT_PROVIDED,,,,,True,False,15.230650386451615,Dodan,12.118692618277846,Medium,Medium,Low,eroding,Low,Medium,True,medium,1.212183053462653,what-if: 30 m per date,False,50.015873480106436,vector_clean
S3-0152,S3,152,7575.0,362196.58633913705,2028047.8273036988,0.3475321560490056,0.9376680652085415,373.298,600,,,,-76.32799999999997,76.32799999999997,-2.180799999999999,373.298,332.732,329.415,338.997,296.97,5,-1.5577414634146338,0.6289031199675944,0.6715971904341328,-3.559191873936901,0.4437089471076332,,,35.0,year_difference,NOT_PROVIDED,,,,,True,False,15.280635233822007,Dodan,15.044876751708593,Medium,Medium,Low,eroding,Low,Medium,True,medium,1.212183053462653,what-if: 30 m per date,False,50.01499513912986,vector_clean
S3-0153,S3,153,7625.0,362243.4697423973,2028030.450695896,0.3475321560490039,0.9376680652085422,373.298,600,,,,-77.37900000000002,77.37900000000002,-2.210828571428572,373.298,333.123,332.619,334.32,295.919,5,-1.6413731707317079,0.5659739646866722,0.7370842368672244,-3.4425549235355795,0.15980858207216375,,,35.0,year_difference,NOT_PROVIDED,,,,,True,False,15.33062008119226,Dodan,14.889906351163448,Medium,Medium,Low,eroding,Low,Medium,True,medium,1.212183053462653,what-if: 30 m per date,False,50.007932003169685,vector_clean
S3-0154,S3,154,7675.0,362290.35314565763,2028013.0740880934,0.3475321560490022,0.9376680652085428,373.298,600,,,,-76.96100000000001,76.96100000000001,-2.1988857142857148,373.298,333.513,336.742,329.643,296.337,5,-1.6952097560975614,0.5072908761020642,0.7882388420853632,-3.309635730452711,-0.08078378174241196,,,35.0,year_difference,NOT_PROVIDED,,,,,True,False,15.380604928562567,Dodan,15.21232890630452,Medium,Medium,Low,eroding,Low,Medium,True,medium,1.212183053462653,what-if: 30 m per date,False,50.001743031688214,vector_clean
S3-0155,S3,155,7725.0,362337.23654891795,2027995.6974802904,0.3475321560490005,0.9376680652085434,373.298,600,,,,-76.54399999999998,76.54399999999998,-2.186971428571428,373.298,333.904,340.865,324.966,296.754,5,-1.7490768292682923,0.47358589006450524,0.8197135439476924,-3.2562384953385735,-0.24191516319801143,,,35.0,year_difference,NOT_PROVIDED,,,,,True,False,15.430589775932958,Dodan,15.534751461030371,Medium,Medium,Low,eroding,Low,Medium,True,medium,1.212183053462653,what-if: 30 m per date,False,50.00174303174296,vector_clean
S3-0156,S3,156,7775.0,362384.11995217827,2027978.3208724877,0.34753215604899884,0.9376680652085441,373.298,600,,,,-76.12599999999998,76.12599999999998,-2.175028571428571,373.298,334.294,334.527,327.715,297.172,5,-1.716053658536585,0.46150075110220296,0.8217113697809765,-3.184755018767447,-0.24735229830572325,,,35.0,year_difference,NOT_PROVIDED,,,,,True,False,15.480574623303266,Dodan,15.250182972913276,Medium,Medium,Low,eroding,Low,Medium,True,medium,1.212183053462653,what-if: 30 m per date,False,50.001747208449686,vector_clean
S3-0157,S3,157,7825.0,362431.00335543853,2027960.944264685,0.3475321560489971,0.9376680652085447,373.298,600,,,,-75.70800000000003,75.70800000000003,-2.163085714285715,373.298,334.684,328.832,329.265,297.59,5,-1.6983304878048793,0.4713124777922669,0.8123186416660375,-3.1982571413889884,-0.1984038342207699,,,35.0,year_difference,NOT_PROVIDED,,,,,True,False,15.530559470673518,Dodan,14.854416125791001,Medium,Medium,Low,eroding,Low,Medium,True,medium,1.212183053462653,what-if: 30 m per date,False,50.00174303182205,vector_clean
S3-0158,S3,158,7875.0,362477.88675869885,2027943.567656882,0.34753215604899546,0.9376680652085453,373.298,600,,,,-75.291,75.291,-2.1511714285714283,373.298,335.075,329.255,318.355,298.007,5,-1.840323170731707,0.3372739968137591,0.9084612089240258,-2.9136795557599235,-0.7669667857034903,,,35.0,year_difference,NOT_PROVIDED,,,,,True,False,15.580544318043911,Dodan,13.190267994886838,Medium,Medium,Low,eroding,Low,Medium,True,medium,1.212183053462653,what-if: 30 m per date,False,49.91315337110808,vector_clean
S3-0159,S3,159,7925.0,362523.9283962938,2027926.4625095825,0.34975066892961104,0.9368428201055338,373.298,600,,,,-74.875,74.875,-2.1392857142857142,373.337,335.503,329.716,308.854,298.462,5,-1.9639365853658535,0.2735430361812704,0.9450015822470956,-2.8344726101970252,-1.093400560534682,,,35.0,year_difference,NOT_PROVIDED,,,,,True,False,15.629646730644613,Dodan,11.798825339654236,Medium,Medium,Low,eroding,Low,Medium,True,medium,1.212183053462653,what-if: 30 m per date,False,49.78171909984216,vector_clean
S3-0160,S3,160,7975.0,362569.4966540296,2027909.3581921419,0.353079632747263,0.9355932732438054,373.298,600,,,,-74.45999999999998,74.45999999999998,-2.127428571428571,373.544,336.099,327.333,310.806,299.084,5,-1.9398585365853656,0.2681864646723102,0.945769908567803,-2.7933475602088587,-1.0863695129618722,,,35.0,year_difference,NOT_PROVIDED,,,,,True,False,15.678309147029413,Dodan,12.061808058634835,Medium,Medium,Low,eroding,Low,Medium,True,medium,1.212183053462653,what-if: 30 m per date,False,49.741386920003016,vector_clean
S3-0161,S3,161,8025.0,362615.00378884544,2027892.0919581624,0.35640417448523254,0.9343318812978073,373.298,600,,,,-73.57400000000001,73.57400000000001,-2.1021142857142863,373.456,336.798,321.084,310.802,299.882,5,-1.9375951219512195,0.284100237649883,0.9394109684889216,-2.841728873590313,-1.033461370312126,,,35.0,year_difference,NOT_PROVIDED,,,,,True,False,15.726974782351599,Dodan,10.979965942313086,Medium,Medium,Low,eroding,Low,Medium,True,medium,1.212183053462653,what-if: 30 m per date,False,49.747070441273046,vector_clean
S3-0162,S3,162,8075.0,362660.44927274814,2027874.6640088984,0.35972412610441834,0.9330587082806808,373.298,600,,,,-72.44900000000001,72.44900000000001,-2.069971428571429,373.307,337.597,330.471,311.443,300.858,5,-1.9038219512195125,0.24875882041384817,0.9512771549873836,-2.695483540152297,-1.112160362286728,,,35.0,year_difference,NOT_PROVIDED,,,,,True,False,15.775643071629291,Dodan,13.020437272277249,Medium,Medium,Low,eroding,Low,Medium,True,medium,1.212183053462653,what-if: 30 m per date,False,49.83861368967208,vector_clean
S3-0163,S3,163,8125.0,362706.6722685004,2027856.7905931359,0.3608279153781979,0.9326324117699449,373.298,600,,,,-71.32299999999998,71.32299999999998,-2.0377999999999994,373.298,338.535,337.364,313.144,301.975,5,-1.8608890243902438,0.27845595373636195,0.9370553848194424,-2.74706014554278,-0.9747179032377077,,,35.0,year_difference,NOT_PROVIDED,,,,,True,False,15.825198585809654,Dodan,14.719002456775787,Medium,Medium,Low,eroding,Low,Medium,True,medium,1.212183053462653,what-if: 30 m per date,False,49.969867404559956,vector_clean
S3-0164,S3,164,8175.0,362753.30388908886,2027838.7491973669,0.36082791537819614,0.9326324117699456,373.298,600,,,,-70.19400000000002,70.19400000000002,-2.0055428571428577,373.298,339.483,337.902,314.6,303.104,5,-1.8290768292682928,0.26800685614922326,0.9394881443692692,-2.6819942584110903,-0.9761594001254952,,,35.0,year_difference,NOT_PROVIDED,,,,,True,False,15.875195880645203,Dodan,15.0939243589276,Medium,Medium,Low,eroding,Low,Medium,True,medium,1.212183053462653,what-if: 30 m per date,False,50.01274478492362,vector_clean
S3-0165,S3,165,8225.0,362799.93550967734,2027820.7078015981,0.36082791537819436,0.9326324117699463,373.298,600,,,,-69.065,69.065,-1.9732857142857143,373.298,340.432,333.702,316.021,304.233,5,-1.8035231707317072,0.2270609892279366,0.9546071414808157,-2.526132576974218,-1.0809137644891966,,,35.0,year_difference,NOT_PROVIDED,,,,,True,False,15.925193175480667,Dodan,14.514483090048024,Low,Low,Low,eroding,Low,Medium,True,medium,1.212183053462653,what-if: 30 m per date,True,50.01274478503311,vector_clean
S3-0166,S3,166,8275.0,362846.5671302658,2027802.6664058291,0.3608279153781926,0.9326324117699469,373.298,600,,,,-67.93599999999998,67.93599999999998,-1.9410285714285709,373.298,341.38,325.055,317.443,305.362,5,-1.7833682926829264,0.2502139003433703,0.944237373120387,-2.579660595361311,-0.9870759900045417,,,35.0,year_difference,NOT_PROVIDED,,,,,True,False,15.975190470316214,Dodan,13.045676141245554,Low,Low,Low,eroding,Low,Medium,True,medium,1.212183053462653,what-if: 30 m per date,True,50.01273350049635,vector_clean
S3-0167,S3,167,8325.0,362893.1987508543,2027784.6250100601,0.3608279153781908,0.9326324117699476,373.298,600,,,,-66.80799999999999,66.80799999999999,-1.9087999999999998,373.298,342.329,327.514,318.864,306.49,5,-1.7497134146341466,0.2305800961770635,0.9504807163011934,-2.4835221897848045,-1.015904639483489,,,35.0,year_difference,NOT_PROVIDED,,,,,True,False,16.025187765151763,Dodan,13.797783488125232,Low,Low,Low,eroding,Low,Medium,True,medium,1.212183053462653,what-if: 30 m per date,True,50.012733500472,vector_clean
S3-0168,S3,168,8375.0,362939.8303714428,2027766.5836142912,0.3608279153781891,0.9326324117699483,373.298,600,,,,-65.67899999999997,65.67899999999997,-1.8765428571428564,373.298,351.587,331.252,320.286,307.619,5,-1.8056621951219505,0.11448220585993327,0.9880843363296217,-2.169995668181624,-1.441328722062277,,,35.0,year_difference,NOT_PROVIDED,,,,,True,False,16.075185059987312,Dodan,16.467816822385434,Low,Low,Low,eroding,Low,Medium,True,medium,1.212183053462653,what-if: 30 m per date,True,50.012744785112204,vector_clean
S3-0169,S3,169,8425.0,362986.46199203125,2027748.542218522,0.36082791537818737,0.932632411769949,373.298,600,,,,-64.55000000000001,64.55000000000001,-1.8442857142857145,373.298,354.435,334.99,321.708,308.748,5,-1.7912573170731707,0.07311704756590738,0.9950263277316879,-2.0239483949525456,-1.5585662391937956,,,35.0,year_difference,NOT_PROVIDED,,,,,True,False,16.125182354822947,Dodan,17.85589962687203,Low,Low,Low,eroding,Low,Medium,True,medium,1.212183053462653,what-if: 30 m per date,True,50.012744784978366,vector_clean
S3-0170,S3,170,8475.0,363033.09361261973,2027730.5008227532,0.36082791537818565,0.9326324117699497,373.298,600,,,,-63.42099999999999,63.42099999999999,-1.812028571428571,373.298,354.959,343.494,323.129,309.877,5,-1.7455463414634143,0.11713416746020112,0.986670985632816,-2.1183195399196144,-1.372773143007214,,,35.0,year_difference,NOT_PROVIDED,,,,,True,False,16.17517964965841,Dodan,19.73216359267361,Low,Low,Low,eroding,Low,Medium,True,medium,1.212183053462653,what-if: 30 m per date,True,50.00878423780213,vector_clean
S3-0171,S3,171,8525.0,363079.7252332082,2027712.4594269842,0.36082791537818387,0.9326324117699504,373.298,600,,,,-62.952999999999975,62.952999999999975,-1.798657142857142,373.298,355.483,361.505,324.551,310.345,5,-1.7011256097560974,0.4177319132243735,0.8468101908166129,-3.030534993596099,-0.37171622591609554,,,35.0,year_difference,NOT_PROVIDED,,,,,True,False,16.22517694449396,Dodan,23.377759280539543,Low,Low,Low,eroding,Low,Medium,True,medium,1.212183053462653,what-if: 30 m per date,True,50.002435649979404,vector_clean
S3-0172,S3,172,8575.0,363126.3568537967,2027694.4180312152,0.36082791537818215,0.932632411769951,373.298,600,,,,-62.884000000000015,62.884000000000015,-1.7966857142857147,373.298,356.007,356.717,321.418,310.414,5,-1.7533975609756098,0.3375530871799021,0.8999404801916853,-2.8276421361083983,-0.6791529858428211,,,35.0,year_difference,NOT_PROVIDED,,,,,True,False,16.27517423932951,Dodan,21.472969156141712,Low,Low,Low,eroding,Low,Medium,True,medium,1.212183053462653,what-if: 30 m per date,True,50.00004760969845,vector_clean
S3-0173,S3,173,8625.0,363172.9884743852,2027676.3766354462,0.3608279153781804,0.9326324117699517,373.298,600,,,,-62.815,62.815,-1.7947142857142857,373.298,356.531,351.323,318.223,310.483,5,-1.8072402439024389,0.2534957977169322,0.9442653765834836,-2.613977008751636,-1.0005034790532417,,,35.0,year_difference,NOT_PROVIDED,,,,,True,False,16.325171534165058,Dodan,19.434584187453666,Low,Low,Low,eroding,Low,Medium,True,medium,1.212183053462653,what-if: 30 m per date,True,50.000047609644135,vector_clean
S3-0174,S3,174,8675.0,363219.62009497365,2027658.3352396772,0.3608279153781786,0.9326324117699524,373.298,600,,,,-62.74599999999998,62.74599999999998,-1.7927428571428565,373.298,357.055,351.612,314.662,310.552,5,-1.8590621951219513,0.2846675936477364,0.9342815588975952,-2.765001526760194,-0.9531228634837087,,,35.0,year_difference,NOT_PROVIDED,,,,,True,False,16.375168829000607,Dodan,18.45955818364657,Low,Low,Low,eroding,Low,Medium,True,medium,1.212183053462653,what-if: 30 m per date,True,50.00004692142709,vector_clean
S3-0175,S3,175,8725.0,363266.25171556213,2027640.2938439085,0.3608279153781768,0.932632411769953,373.298,600,,,,-62.678,62.678,-1.7908,373.298,357.579,346.058,312.979,310.62,5,-1.892836585365854,0.2112855934342438,0.9639672777037412,-2.5652416415503385,-1.2204315291813692,,,35.0,year_difference,NOT_PROVIDED,,,,,True,False,16.42516612383607,Dodan,16.691362788595075,Low,Low,Low,eroding,Low,Medium,True,medium,1.212183053462653,what-if: 30 m per date,True,50.00004692139769,vector_clean
S3-0176,S3,176,8775.0,363312.8833361506,2027622.2524481395,0.36082791537817505,0.9326324117699537,373.298,600,,,,-62.60899999999998,62.60899999999998,-1.7888285714285708,373.298,356.892,345.258,324.521,310.689,5,-1.730093902439024,0.1326928324834609,0.9826587829789873,-2.152381716913644,-1.307806087964404,,,35.0,year_difference,NOT_PROVIDED,,,,,True,False,16.475163418671617,Dodan,18.276837975815347,Low,Low,Low,eroding,Low,Medium,True,medium,1.212183053462653,what-if: 30 m per date,True,50.00004760969845,vector_clean
S3-0177,S3,177,8825.0,363359.5149567391,2027604.2110523705,0.3608279153781733,0.9326324117699544,373.298,600,,,,-62.54000000000002,62.54000000000002,-1.7868571428571434,373.298,353.112,346.243,323.22,310.758,5,-1.7035109756097562,0.16616993542612016,0.9722468160382531,-2.2323378726558447,-1.1746840785636676,,,35.0,year_difference,NOT_PROVIDED,,,,,True,False,16.52516071350717,Dodan,17.032222375606494,Low,Low,Low,eroding,Low,Medium,True,medium,1.212183053462653,what-if: 30 m per date,True,50.00004760969845,vector_clean
S3-0178,S3,178,8875.0,363406.14657732757,2027586.1696566015,0.36082791537817155,0.932632411769955,373.298,600,,,,-62.471000000000004,62.471000000000004,-1.7848857142857144,373.298,351.452,344.436,318.42,310.827,5,-1.750539024390244,0.16010057427320634,0.9755206485862511,-2.2600505054598092,-1.2410275433206786,,,35.0,year_difference,NOT_PROVIDED,,,,,True,False,16.57515800834272,Dodan,14.95343896557642,Low,Low,Low,eroding,Low,Medium,True,medium,1.212183053462653,what-if: 30 m per date,True,50.000047609644135,vector_clean
S3-0179,S3,179,8925.0,363452.77819791605,2027568.1282608327,0.36082791537816983,0.9326324117699557,373.298,600,,,,-62.40199999999999,62.40199999999999,-1.7829142857142852,373.298,351.265,339.605,320.65,310.896,5,-1.723117073170732,0.08768894480518998,0.9922906058214944,-2.002182431580236,-1.4440517147612282,,,35.0,year_difference,NOT_PROVIDED,,,,,True,False,16.62515530317818,Dodan,13.970413270859652,Low,Low,Low,eroding,Low,Medium,True,medium,1.212183053462653,what-if: 30 m per date,True,50.000047609644135,vector_clean
S3-0180,S3,180,8975.0,363499.4098185046,2027550.0868650638,0.3608279153781681,0.9326324117699565,373.298,600,,,,-62.33300000000003,62.33300000000003,-1.7809428571428578,373.298,351.078,340.003,341.467,310.965,5,-1.4399804878048785,0.36057448881876597,0.8416771588863766,-2.587489437525722,-0.29247153808403525,,,35.0,year_difference,NOT_PROVIDED,,,,,True,False,16.675152598013785,Dodan,17.75040377245542,Low,Low,Low,eroding,Low,Medium,True,medium,1.212183053462653,what-if: 30 m per date,True,50.000046921481406,vector_clean
S3-0181,S3,181,9025.0,363546.04143909307,2027532.0454692948,0.3608279153781664,0.9326324117699571,373.298,600,,,,-62.264999999999986,62.264999999999986,-1.7789999999999997,373.298,350.892,342.834,359.973,311.033,5,-1.1849085365853655,0.6479764954648376,0.52710355530908,-3.2470589404881234,0.8772418673173923,,,35.0,year_difference,NOT_PROVIDED,,,,,True,False,16.725149892849334,Dodan,21.55479333220487,Low,Low,Low,eroding,Low,Medium,True,medium,1.212183053462653,what-if: 30 m per date,True,50.00004692139769,vector_clean
S3-0182,S3,182,9075.0,363592.67305968155,2027514.0040735258,0.3608279153781646,0.9326324117699578,373.298,600,,,,-62.196000000000026,62.196000000000026,-1.7770285714285723,373.298,350.705,345.664,339.475,311.102,5,-1.453031707317073,0.3359090989454006,0.8618238421337516,-2.5220443781670427,-0.38401903646710345,,,35.0,year_difference,NOT_PROVIDED,,,,,True,False,16.77514718768488,Dodan,17.55848391930642,Low,Low,Low,eroding,Low,Medium,True,medium,1.212183053462653,what-if: 30 m per date,True,50.000047609644135,vector_clean
S3-0183,S3,183,9125.0,363639.30468027,2027495.9626777568,0.36082791537816283,0.9326324117699585,373.298,600,,,,-62.12700000000001,62.12700000000001,-1.775057142857143,373.298,350.518,339.367,324.389,311.171,5,-1.6596853658536583,0.12021127746358372,0.9845054743424045,-2.042251301671075,-1.2771194300362416,,,35.0,year_difference,NOT_PROVIDED,,,,,True,False,16.825144482520432,Dodan,12.819203177253499,Low,Low,Low,eroding,Low,Medium,True,medium,1.212183053462653,what-if: 30 m per date,True,50.00004760969845,vector_clean
S3-0184,S3,184,9175.0,363685.9363008585,2027477.921281988,0.36082791537816106,0.9326324117699591,373.298,600,,,,-62.05799999999999,62.05799999999999,-1.7730857142857142,373.298,350.331,332.08,321.666,311.24,5,-1.701701219512195,0.12912605361848026,0.9830197286957535,-2.1126379517661933,-1.2907644872581965,,,35.0,year_difference,NOT_PROVIDED,,,,,True,False,16.875141777355893,Dodan,10.354434662779477,Low,Low,Low,eroding,Low,Medium,True,medium,1.212183053462653,what-if: 30 m per date,True,50.000047609644135,vector_clean
S3-0185,S3,185,9225.0,363732.567921447,2027459.879886219,0.3608279153781593,0.9326324117699598,373.298,600,,,,-61.988999999999976,61.988999999999976,-1.771114285714285,373.298,349.126,321.339,331.32,311.309,5,-1.5707231707317066,0.3923420920821688,0.8423345986436751,-2.819330812085885,-0.3221155293775282,,,35.0,year_difference,NOT_PROVIDED,,,,,True,False,16.925139072191442,Dodan,9.470605139836538,Low,Low,Low,eroding,Low,Medium,True,medium,1.212183053462653,what-if: 30 m per date,True,50.000047609727844,vector_clean
S3-0186,S3,186,9275.0,363779.19954203547,2027441.83849045,0.36082791537815756,0.9326324117699605,373.298,600,,,,-61.920000000000016,61.920000000000016,-1.7691428571428576,373.298,347.502,331.277,331.297,311.378,5,-1.539741463414634,0.2753572951567351,0.9124551973779473,-2.4160512700191012,-0.6634316568101669,,,35.0,year_difference,NOT_PROVIDED,,,,,True,False,16.975136367026995,Dodan,10.703293940939005,Low,Low,Low,eroding,Low,Medium,True,medium,1.212183053462653,what-if: 30 m per date,True,50.00004692139769,vector_clean
S3-0187,S3,187,9325.0,363825.83116262394,2027423.797094681,0.3608279153781558,0.9326324117699611,373.298,600,,,,-61.851999999999975,61.851999999999975,-1.7671999999999992,373.298,345.877,341.216,322.971,311.446,5,-1.6201487804878043,0.19369920005289262,0.9588819730775973,-2.236586084032542,-1.0037114769430664,,,35.0,year_difference,NOT_PROVIDED,,,,,True,False,17.025133661862544,Dodan,10.275246829552794,Low,Low,Low,eroding,Low,Medium,True,medium,1.212183053462653,what-if: 30 m per date,True,50.00004692139769,vector_clean
S3-0188,S3,188,9375.0,363872.4627832124,2027405.755698912,0.36082791537815406,0.9326324117699618,373.298,600,,,,-61.783000000000015,61.783000000000015,-1.7652285714285718,373.298,347.572,334.806,324.673,311.515,5,-1.6223914634146346,0.16598627274548056,0.9695542681533631,-2.150633863841303,-1.0941490629879662,,,35.0,year_difference,NOT_PROVIDED,,,,,True,False,17.07513095669809,Dodan,9.247222871260663,Low,Low,Low,eroding,Low,Medium,True,medium,1.212183053462653,what-if: 30 m per date,True,50.000047609644135,vector_clean
S3-0189,S3,189,9425.0,363919.0944038009,2027387.7143031433,0.36082791537815234,0.9326324117699626,373.298,600,,,,-61.714,61.714,-1.7632571428571429,373.298,350.036,329.749,326.375,311.584,5,-1.6314243902439025,0.21064581832382778,0.9523681029532347,-2.301793396492031,-0.9610553839957736,,,35.0,year_difference,NOT_PROVIDED,,,,,True,False,17.125128251533557,Dodan,8.643582536016833,Low,Low,Low,eroding,Low,Medium,True,medium,1.212183053462653,what-if: 30 m per date,True,50.000047609644135,vector_clean
S3-0190,S3,190,9475.0,363965.7260243894,2027369.6729073743,0.36082791537815057,0.9326324117699633,373.298,600,,,,-61.64499999999998,61.64499999999998,-1.7612857142857137,373.298,352.5,329.728,328.078,311.653,5,-1.63430243902439,0.22226989763886504,0.9474269205055657,-2.341664453540984,-0.9269404245077961,,,35.0,year_difference,NOT_PROVIDED,,,,,True,False,17.175125546369102,Paddaya,9.451028512664395,Low,Low,Low,eroding,Low,Medium,True,medium,1.212183053462653,what-if: 30 m per date,True,50.000047609644135,vector_clean
S3-0191,S3,191,9525.0,364012.35764497786,2027351.6315116053,0.36082791537814884,0.9326324117699639,373.298,600,,,,-61.57600000000002,61.57600000000002,-1.7593142857142863,373.298,354.002,333.129,329.78,311.722,5,-1.6224621951219522,0.19838458341875556,0.9570727683909371,-2.2538104796482186,-0.9911139105956861,,,35.0,year_difference,NOT_PROVIDED,,,,,True,False,17.22512284120465,Paddaya,11.341531902471365,Low,Low,Low,eroding,Low,Medium,True,medium,1.212183053462653,what-if: 30 m per date,True,50.00004760978216,vector_clean
S3-0192,S3,192,9575.0,364058.98926556634,2027333.5901158364,0.36082791537814707,0.9326324117699646,373.298,600,,,,-61.507000000000005,61.507000000000005,-1.7573428571428573,373.298,354.876,339.166,331.482,311.791,5,-1.600514634146341,0.17573766714108416,0.965093906831475,-2.159790323638662,-1.0412389446540198,,,35.0,year_difference,NOT_PROVIDED,,,,,True,False,17.2751201360402,Paddaya,13.633610481022295,Low,Low,Low,eroding,Low,Medium,True,medium,1.212183053462653,what-if: 30 m per date,True,50.00020231925355,vector_clean
S3-0193,S3,193,9625.0,364105.6208861548,2027315.5487200674,0.36082791537814535,0.9326324117699653,373.298,600,,,,-61.416,61.416,-1.7547428571428572,373.298,355.751,346.111,332.734,311.882,5,-1.5830780487804879,0.20597000512237637,0.951670620145296,-2.238566530581461,-0.9275895669795148,,,35.0,year_difference,NOT_PROVIDED,,,,,True,False,17.32511743087575,Paddaya,16.02188311615045,Low,Low,Low,eroding,Low,Medium,True,medium,1.212183053462653,what-if: 30 m per date,True,50.008536361741264,vector_clean
S3-0194,S3,194,9675.0,364152.2525067433,2027297.5073242986,0.3608279153781435,0.9326324117699659,373.298,600,,,,-60.12299999999999,60.12299999999999,-1.7177999999999998,373.298,356.575,339.866,328.956,313.175,5,-1.6251890243902436,0.112366066075902,0.9858616149937939,-1.9827879962127628,-1.2675900525677244,,,35.0,year_difference,NOT_PROVIDED,,,,,True,False,17.375114725711214,Paddaya,14.99656666119618,Low,Low,Low,eroding,Low,Medium,True,medium,1.212183053462653,what-if: 30 m per date,True,50.016715694849076,vector_clean
S3-0195,S3,195,9725.0,364198.8841273318,2027279.4659285296,0.3608279153781418,0.9326324117699666,373.298,600,,,,-58.829999999999984,58.829999999999984,-1.6808571428571424,373.298,357.11,348.82,325.26,314.468,5,-1.6444926829268292,0.15488504753407623,0.9740779081964462,-2.1374060301953417,-1.1515793356583168,,,35.0,year_difference,NOT_PROVIDED,,,,,True,False,17.425112020546763,Paddaya,16.969464960354543,Low,Low,Low,eroding,Low,Medium,True,medium,1.212183053462653,what-if: 30 m per date,True,50.01672862367207,vector_clean
S3-0196,S3,196,9775.0,364245.51574792026,2027261.4245327606,0.36082791537814,0.9326324117699673,373.298,600,,,,-57.536,57.536,-1.6438857142857144,373.298,357.645,354.239,321.899,315.762,5,-1.6635939024390243,0.2583811657549254,0.932515449806581,-2.4858780887506837,-0.8413097161273646,,,35.0,year_difference,NOT_PROVIDED,,,,,True,False,17.47510931538231,Paddaya,18.30260278749954,Low,Low,Low,eroding,Low,Medium,True,medium,1.212183053462653,what-if: 30 m per date,True,50.016728623726884,vector_clean
S3-0197,S3,197,9825.0,364292.14736850874,2027243.3831369916,0.3608279153781383,0.9326324117699679,373.298,600,,,,-56.242999999999995,56.242999999999995,-1.606942857142857,373.298,358.18,348.656,320.876,317.055,5,-1.6647682926829273,0.16691272727587275,0.9707255312653867,-2.1959590849068555,-1.133577500458999,,,35.0,year_difference,NOT_PROVIDED,,,,,True,False,17.525106610217858,Paddaya,17.902847681664554,Low,Low,Low,eroding,Low,Medium,True,medium,1.212183053462653,what-if: 30 m per date,True,50.01671569482552,vector_clean
S3-0198,S3,198,9875.0,364338.7789890972,2027225.3417412227,0.3608279153781366,0.9326324117699687,373.298,600,,,,-54.94999999999999,54.94999999999999,-1.5699999999999996,373.298,358.715,343.073,321.64,318.348,5,-1.6419707317073167,0.08584657826033372,0.9918662740818481,-1.9151728575131644,-1.368768605901469,,,35.0,year_difference,NOT_PROVIDED,,,,,True,False,17.57510390505341,Paddaya,17.860470495337132,Low,Low,Low,eroding,Low,Medium,True,medium,1.212183053462653,what-if: 30 m per date,True,50.016728623750446,vector_clean
S3-0199,S3,199,9925.0,364385.4106096857,2027207.300345454,0.3608279153781348,0.9326324117699694,373.298,600,,,,-53.656000000000006,53.656000000000006,-1.5330285714285716,373.298,358.364,337.49,321.846,319.642,5,-1.6169146341463414,0.11015280226717772,0.9862680212374412,-1.967470012738168,-1.266359255554515,,,35.0,year_difference,NOT_PROVIDED,,,,,True,False,17.62510119988887,Paddaya,17.529511139191627,Low,Low,Low,eroding,Low,Medium,True,medium,1.212183053462653,what-if: 30 m per date,True,50.01672862367207,vector_clean
S3-0200,S3,200,9975.0,364432.0422302742,2027189.258949685,0.3608279153781331,0.93263241176997,373.298,600,,,,-52.363,52.363,-1.4960857142857142,373.298,356.933,337.506,321.817,320.935,5,-1.5763487804878047,0.12130276414383764,0.9825453705743777,-1.9623883140580618,-1.1903092469175476,,,35.0,year_difference,NOT_PROVIDED,,,,,True,False,17.67509849472442,Paddaya,18.05509886097328,Low,Low,Low,eroding,Low,Medium,True,medium,1.212183053462653,what-if: 30 m per date,True,50.01414495546303,vector_clean
S3-0201,S3,201,10025.0,364478.63878975034,2027171.2311208057,0.3609218379609621,0.9325960684470426,373.298,600,,,,-51.06999999999999,51.06999999999999,-1.4591428571428569,373.298,355.782,346.006,325.18,322.228,5,-1.4830073170731701,0.10029623755010077,0.9864641584916441,-1.8021947076983453,-1.163819926447995,,,35.0,year_difference,NOT_PROVIDED,,,,,True,False,17.725058197131958,Paddaya,21.011704286265267,Low,Low,Low,eroding,Low,Medium,True,medium,1.212183053462653,what-if: 30 m per date,True,49.970463925158704,vector_clean
S3-0202,S3,202,10075.0,364524.6415195301,2027153.3835843327,0.3625612514050727,0.9319599449437661,373.298,600,,,,-49.77900000000005,49.77900000000005,-1.4222571428571444,373.345,355.395,349.397,325.902,323.566,5,-1.4399207317073184,0.14741210533678345,0.9695164484073959,-1.9090518416904576,-0.9707896217241792,,,35.0,year_difference,NOT_PROVIDED,,,,,True,False,17.7743995334521,Paddaya,22.542370417276274,Low,Low,Low,eroding,Low,Medium,True,medium,1.212183053462653,what-if: 30 m per date,True,49.929550235519756,vector_clean
S3-0203,S3,203,10125.0,364570.5790018982,2027135.4635197662,0.36428564427061777,0.9312872646924476,373.298,600,,,,-48.48600000000005,48.48600000000005,-1.385314285714287,373.482,355.1,346.107,327.182,324.996,5,-1.3987963414634157,0.10469892411570357,0.9834705622244135,-1.7319950456826159,-1.0655976372442155,,,35.0,year_difference,NOT_PROVIDED,,,,,True,False,17.823707138475246,Paddaya,22.810907218980166,Low,Low,Low,eroding,Low,Medium,True,medium,1.212183053462653,what-if: 30 m per date,True,49.92558575371252,vector_clean
S3-0204,S3,204,10175.0,364616.4832363943,2027117.4584577063,0.36600878899346945,0.9306113938586471,373.298,600,,,,-47.76400000000001,47.76400000000001,-1.3646857142857145,373.344,354.898,341.923,330.163,325.58,5,-1.3471000000000004,0.08992419797870922,0.9868080974891408,-1.6332789316129444,-1.0609210683870565,,,35.0,year_difference,NOT_PROVIDED,,,,,True,False,17.873015354322668,Paddaya,22.942791126321453,Low,Low,Low,eroding,Low,Medium,True,medium,1.212183053462653,what-if: 30 m per date,True,49.918961341386435,vector_clean
S3-0205,S3,205,10225.0,364662.38930052996,2027099.3545292167,0.36763629230377226,0.9299696535807689,373.298,600,,,,-47.77499999999998,47.77499999999998,-1.3649999999999993,373.298,354.788,335.12,346.46,325.523,5,-1.1356170731707316,0.34771302797211706,0.780485113188099,-2.242195114339606,-0.0290390320018572,,,35.0,year_difference,NOT_PROVIDED,,,,,True,False,17.9223619005655,Paddaya,25.030217518982468,Low,Low,Low,eroding,Low,Medium,True,medium,1.212183053462653,what-if: 30 m per date,True,49.95608717542783,vector_clean
S3-0206,S3,206,10275.0,364708.8547203947,2027080.9809947428,0.3677204725361655,0.9299363709834019,373.298,600,,,,-47.785000000000025,47.785000000000025,-1.365285714285715,373.298,354.723,339.539,346.441,325.513,5,-1.1299646341463425,0.297572839873266,0.8277768893339394,-2.076974218953798,-0.18295504933888673,,,35.0,year_difference,NOT_PROVIDED,,,,,True,False,17.9723278840389,Paddaya,26.08101436705341,Low,Low,Low,eroding,Low,Medium,True,medium,1.212183053462653,what-if: 30 m per date,True,49.997838773267134,vector_clean
S3-0207,S3,207,10325.0,364755.35153894394,2027062.5949711162,0.3677204725361655,0.9299363709834019,373.298,600,,,,-47.79599999999999,47.79599999999999,-1.3655999999999997,373.298,354.659,346.747,346.423,325.502,5,-1.1209280487804876,0.2513750417357976,0.8689059805711067,-1.9209156215931145,-0.3209404759678607,,,35.0,year_difference,NOT_PROVIDED,,,,,True,False,18.02232765886062,Paddaya,27.6897465957941,Low,Low,Low,eroding,Low,Medium,True,medium,1.212183053462653,what-if: 30 m per date,True,50.000001102479054,vector_clean
S3-0208,S3,208,10375.0,364801.8483574931,2027044.2089474895,0.3677204725361655,0.9299363709834019,373.298,600,,,,-47.80599999999998,47.80599999999998,-1.3658857142857137,373.298,354.595,349.486,346.404,325.492,5,-1.1173353658536587,0.25014122659334465,0.8692950798777669,-1.913396388224783,-0.32127434348253425,,,35.0,year_difference,NOT_PROVIDED,,,,,True,False,18.072327433682283,Paddaya,28.404684991911374,Low,Low,Low,eroding,Low,Medium,True,medium,1.212183053462653,what-if: 30 m per date,True,50.000001102424925,vector_clean
S3-0209,S3,209,10425.0,364848.34517604235,2027025.8229238628,0.3677204725361655,0.9299363709834019,373.298,600,,,,-47.81700000000001,47.81700000000001,-1.3662000000000003,373.298,354.531,349.646,346.386,325.481,5,-1.116893902439024,0.2507689102123135,0.8686343551462649,-1.914952494224223,-0.3188353106538251,,,35.0,year_difference,NOT_PROVIDED,,,,,True,False,18.122327208504,Paddaya,28.603826946862874,Low,Low,Low,eroding,Low,Medium,True,medium,1.212183053462653,what-if: 30 m per date,True,50.00000110256472,vector_clean
S3-0210,S3,210,10475.0,364894.8419945915,2027007.4369002362,0.3677204725361655,0.9299363709834019,373.298,600,,,,-47.827,47.827,-1.3664857142857143,373.298,354.467,349.807,346.367,325.471,5,-1.116445121951219,0.25141897265150764,0.8679502927898455,-1.916572502544235,-0.316317741358203,,,35.0,year_difference,NOT_PROVIDED,,,,,True,False,18.172326983325664,Paddaya,28.803168900574352,Low,Low,Low,eroding,Low,Medium,True,medium,1.212183053462653,what-if: 30 m per date,True,50.000001102479054,vector_clean
S3-0211,S3,211,10525.0,364941.33881314076,2026989.0508766093,0.3677204725361655,0.9299363709834019,373.298,600,,,,-47.83800000000002,47.83800000000002,-1.3668000000000007,373.298,354.402,349.967,346.349,325.46,5,-1.1159926829268296,0.2521464398650591,0.8671932549064412,-1.9184351888658275,-0.3135501769878317,,,35.0,year_difference,NOT_PROVIDED,,,,,True,False,18.222326758147467,Paddaya,29.002110856744153,Low,Low,Low,eroding,Low,Medium,True,medium,1.212183053462653,what-if: 30 m per date,True,50.000001102424925,vector_clean
S3-0212,S3,212,10575.0,364987.83563168993,2026970.6648529826,0.3677204725361655,0.9299363709834019,373.298,600,,,,-47.84800000000001,47.84800000000001,-1.3670857142857147,373.298,354.338,350.128,346.33,325.45,5,-1.115543902439025,0.2528873284730584,0.8664229079415608,-1.920344246591177,-0.31074355828687295,,,35.0,year_difference,NOT_PROVIDED,,,,,True,False,18.272326532969135,Paddaya,29.20145281023951,Low,Low,Low,eroding,Low,Medium,True,medium,1.212183053462653,what-if: 30 m per date,True,50.00000110251059,vector_clean
S3-0213,S3,213,10625.0,365034.33245023916,2026952.278829356,0.3677204725361655,0.9299363709834019,373.298,600,,,,-47.85899999999998,47.85899999999998,-1.3673999999999995,373.298,354.274,350.288,346.312,325.439,5,-1.1151024390243898,0.25369528822252435,0.865590756718202,-1.9224740716960478,-0.30773080635273176,,,35.0,year_difference,NOT_PROVIDED,,,,,True,False,18.322326307790853,Paddaya,29.400594765385556,Low,Low,Low,eroding,Low,Medium,True,medium,1.212183053462653,what-if: 30 m per date,True,50.000001102424925,vector_clean
S3-0214,S3,214,10675.0,365080.82926878834,2026933.8928057293,0.3677204725361655,0.9299363709834019,373.298,600,,,,-47.86900000000003,47.86900000000003,-1.367685714285715,373.298,354.21,350.449,346.293,325.429,5,-1.1146536585365856,0.2545253101595178,0.8647347537659206,-1.924666791454933,-0.3046405256182384,,,35.0,year_difference,NOT_PROVIDED,,,,,True,False,18.372326082612513,Paddaya,29.599936719097034,Low,Low,Low,eroding,Low,Medium,True,medium,1.212183053462653,what-if: 30 m per date,True,50.000001102479054,vector_clean
S3-0215,S3,215,10725.0,365127.32608733757,2026915.5067821024,0.3677204725361655,0.9299363709834019,373.298,600,,,,-47.879999999999995,47.879999999999995,-1.3679999999999999,373.298,354.145,350.61,346.275,325.418,5,-1.1142,0.2554330214660701,0.8638040309704274,-1.927101875412149,-0.3012981245878512,,,35.0,year_difference,NOT_PROVIDED,,,,,True,False,18.42232585743432,Paddaya,29.799078673832316,Low,Low,Low,eroding,Low,Medium,True,medium,1.212183053462653,what-if: 30 m per date,True,50.00000120793099,vector_clean
S3-0216,S3,216,10775.0,365173.82290588674,2026897.1207584757,0.3677204725361655,0.9299363709834019,373.298,600,,,,-47.89100000000002,47.89100000000002,-1.3683142857142863,373.298,354.081,350.77,346.256,325.407,5,-1.1137719512195132,0.25635837351783763,0.8628600250433798,-1.9296187098498963,-0.2979251925891301,,,35.0,year_difference,NOT_PROVIDED,,,,,True,False,18.472325632255988,Paddaya,29.99802063019671,Low,Low,Low,eroding,Low,Medium,True,medium,1.212183053462653,what-if: 30 m per date,True,50.00000110251059,vector_clean
S3-0217,S3,217,10825.0,365220.319724436,2026878.734734849,0.3677204725361655,0.9299363709834019,373.298,600,,,,-47.90100000000001,47.90100000000001,-1.3686000000000003,373.298,354.017,350.931,346.237,325.397,5,-1.1133231707317073,0.25731903923168864,0.8618764818642239,-1.932227196413748,-0.2944191450496664,,,35.0,year_difference,NOT_PROVIDED,,,,,True,False,18.522325407077705,Paddaya,30.197362583929863,Low,Low,Low,eroding,Low,Medium,True,medium,1.212183053462653,what-if: 30 m per date,True,50.000001102424925,vector_clean
S3-0218,S3,218,10875.0,365266.81654298515,2026860.3487112224,0.3677204725361655,0.9299363709834019,373.298,600,,,,-47.91199999999998,47.91199999999998,-1.368914285714285,373.298,353.953,351.091,346.219,325.386,5,-1.1128817073170725,0.25834292119024993,0.8608332700616275,-1.9350441823551834,-0.29071923227896146,,,35.0,year_difference,NOT_PROVIDED,,,,,True,False,18.572325181899366,Paddaya,30.396504538859638,Low,Low,Low,eroding,Low,Medium,True,medium,1.212183053462653,what-if: 30 m per date,True,50.000001102424925,vector_clean
S3-0219,S3,219,10925.0,365313.3133615344,2026841.9626875955,0.3677204725361655,0.9299363709834019,373.298,600,,,,-47.922000000000025,47.922000000000025,-1.3692000000000006,373.298,353.888,351.252,346.2,325.376,5,-1.1124219512195126,0.2593977223800709,0.859754501689852,-1.9379412744069784,-0.2869026280320469,,,35.0,year_difference,NOT_PROVIDED,,,,,True,False,18.622324956721172,Paddaya,30.595646493789516,Low,Low,Low,eroding,Low,Medium,True,medium,1.212183053462653,what-if: 30 m per date,True,50.00000110261884,vector_clean
S3-0220,S3,220,10975.0,365359.8101800836,2026823.5766639689,0.3677204725361655,0.9299363709834019,373.298,600,,,,-47.93299999999999,47.93299999999999,-1.3695142857142855,373.298,353.824,351.412,346.182,325.365,5,-1.1119804878048778,0.26050456395343724,0.8586282127050984,-1.9410222748680375,-0.2829387007417181,,,35.0,year_difference,NOT_PROVIDED,,,,,True,False,18.672324731542894,Paddaya,30.794788448741066,Low,Low,Low,eroding,Low,Medium,True,medium,1.212183053462653,what-if: 30 m per date,True,50.000001102424925,vector_clean
S3-0221,S3,221,11025.0,365406.3069986328,2026805.1906403422,0.3677204725361655,0.9299363709834019,373.298,600,,,,-47.942999999999984,47.942999999999984,-1.3697999999999995,373.298,353.76,351.573,346.163,325.355,5,-1.1115317073170727,0.2616323391410037,0.8574775865070638,-1.944162578359094,-0.27890083627505147,,,35.0,year_difference,NOT_PROVIDED,,,,,True,False,18.722324506364554,Paddaya,30.994130402452495,Low,Low,Low,eroding,Low,Medium,True,medium,1.212183053462653,what-if: 30 m per date,True,50.000001102424925,vector_clean
S3-0222,S3,222,11075.0,365452.803817182,2026786.8046167155,0.3677204725361655,0.9299363709834019,373.298,600,,,,-47.95400000000001,47.95400000000001,-1.3701142857142858,373.298,353.696,351.733,346.145,325.344,5,-1.1110902439024397,0.2628199823814865,0.8562692482175018,-1.9475007257871306,-0.2746797620177488,,,35.0,year_difference,NOT_PROVIDED,,,,,True,False,18.772324281186272,Paddaya,31.193272357404044,Low,Low,Low,eroding,Low,Medium,True,medium,1.212183053462653,what-if: 30 m per date,True,50.00000110261884,vector_clean
S3-0223,S3,223,11125.0,365499.3006357312,2026768.4185930886,0.3677204725361655,0.9299363709834019,373.298,600,,,,-47.964,47.964,-1.3704,373.298,353.632,351.894,346.126,325.334,5,-1.1106414634146347,0.26402813611943304,0.8550365294010672,-1.9508968296988682,-0.27038609713040107,,,35.0,year_difference,NOT_PROVIDED,,,,,True,False,18.82232405600802,Paddaya,31.39261431089925,Low,Low,Low,eroding,Low,Medium,True,medium,1.212183053462653,what-if: 30 m per date,True,50.000001102424925,vector_clean
S3-0224,S3,224,11175.0,365545.79745428043,2026750.032569462,0.3677204725361655,0.9299363709834019,373.298,600,,,,-47.97500000000002,47.97500000000002,-1.3707142857142864,373.298,353.567,352.054,346.108,325.323,5,-1.1101890243902446,0.2653043755145406,0.8537353186446136,-1.9545059540220957,-0.26587209475839346,,,35.0,year_difference,NOT_PROVIDED,,,,,True,False,18.87232383082974,Paddaya,31.59155626728527,Low,Low,Low,eroding,Low,Medium,True,medium,1.212183053462653,what-if: 30 m per date,True,50.00000110256472,vector_clean
S3-0225,S3,225,11225.0,365592.2942728296,2026731.6465458353,0.3677204725361655,0.9299363709834019,373.298,600,,,,-47.985000000000014,47.985000000000014,-1.3710000000000004,373.298,353.503,352.215,346.089,325.313,5,-1.109740243902439,0.26659078280465814,0.8524214575956062,-1.9581510956618149,-0.2613293921430634,,,35.0,year_difference,NOT_PROVIDED,,,,,True,False,18.922323605651407,Paddaya,31.790898220975226,Low,Low,Low,eroding,Low,Medium,True,medium,1.212183053462653,what-if: 30 m per date,True,50.000001102424925,vector_clean
S3-0226,S3,226,11275.0,365638.79109137884,2026713.2605222086,0.3677204725361655,0.9299363709834019,373.298,600,,,,-47.99599999999998,47.99599999999998,-1.3713142857142853,373.298,353.439,352.375,346.071,325.302,5,-1.1092987804878043,0.26793356080871095,0.8510520479005101,-1.9619829511449942,-0.25661460983061446,,,35.0,year_difference,NOT_PROVIDED,,,,,True,False,18.972323380473124,Paddaya,31.990040175926676,Low,Low,Low,eroding,Low,Medium,True,medium,1.212183053462653,what-if: 30 m per date,True,50.0000011023708,vector_clean
S3-0227,S3,227,11325.0,365685.287909928,2026694.874498582,0.3677204725361655,0.9299363709834019,373.298,600,,,,-48.00600000000003,48.00600000000003,-1.3716000000000008,373.298,353.375,352.536,346.052,325.292,5,-1.1088500000000003,0.269295910285969,0.8496582951465977,-1.965869774717595,-0.2518302252824055,,,35.0,year_difference,NOT_PROVIDED,,,,,True,False,19.02232315529479,Paddaya,32.189382129638105,Low,Low,Low,eroding,Low,Medium,True,medium,1.212183053462653,what-if: 30 m per date,True,50.00000110261884,vector_clean
S3-0228,S3,228,11375.0,365731.78472847724,2026676.488474955,0.3677204725361655,0.9299363709834019,373.298,600,,,,-48.016999999999996,48.016999999999996,-1.3719142857142856,373.298,353.31,352.696,346.033,325.281,5,-1.1084109756097558,0.2707108789093004,0.8482125896386624,-1.969933811994764,-0.2468881392247475,,,35.0,year_difference,NOT_PROVIDED,,,,,True,False,19.07232293011659,Paddaya,32.38812408724257,Low,Low,Low,eroding,Low,Medium,True,medium,1.212183053462653,what-if: 30 m per date,True,50.00000120787686,vector_clean
S3-0229,S3,229,11425.0,365778.2815470264,2026658.1024513284,0.3677204725361655,0.9299363709834019,373.298,600,,,,-48.02800000000002,48.02800000000002,-1.372228571428572,373.298,353.246,352.857,346.015,325.27,5,-1.1079682926829273,0.2721697745322711,0.8467197896343007,-1.9741339860530531,-0.24180259931280135,,,35.0,year_difference,NOT_PROVIDED,,,,,True,False,19.12232270493826,Paddaya,32.587466040954105,Low,Low,Low,eroding,Low,Medium,True,medium,1.212183053462653,what-if: 30 m per date,True,50.000001102424925,vector_clean
S3-0230,S3,230,11475.0,365824.77836557565,2026639.7164277018,0.3677204725361655,0.9299363709834019,373.298,600,,,,-48.03800000000001,48.03800000000001,-1.372514285714286,373.298,353.182,353.017,345.996,325.26,5,-1.107520731707318,0.2736360490439901,0.8452142552550459,-1.9783527649797956,-0.2366886984348402,,,35.0,year_difference,NOT_PROVIDED,,,,,True,False,19.172322479759977,Paddaya,32.78660799588388,Low,Low,Low,eroding,Low,Medium,True,medium,1.212183053462653,what-if: 30 m per date,True,50.000001102424925,vector_clean
S3-0231,S3,231,11525.0,365871.2751841248,2026621.330404075,0.3677204725361655,0.9299363709834019,373.298,600,,,,-48.04899999999998,48.04899999999998,-1.3728285714285708,373.298,353.118,352.344,345.978,325.249,5,-1.108095121951219,0.2704589443172008,0.8483788759317806,-1.9688161900244268,-0.24737405387801126,,,35.0,year_difference,NOT_PROVIDED,,,,,True,False,19.222322254581638,Paddaya,32.81915110050809,Low,Low,Low,eroding,Low,Medium,True,medium,1.212183053462653,what-if: 30 m per date,True,50.000001102479054,vector_clean
S3-0232,S3,232,11575.0,365917.77200267406,2026602.9443804482,0.3677204725361655,0.9299363709834019,373.298,600,,,,-48.059000000000026,48.059000000000026,-1.3731142857142864,373.298,353.053,351.486,345.959,325.239,5,-1.1088780487804883,0.26694274362860443,0.8518931783022117,-1.9584089969636365,-0.2593471005973401,,,35.0,year_difference,NOT_PROVIDED,,,,,True,False,19.272322029403444,Paddaya,32.81449446150132,Low,Low,Low,eroding,Low,Medium,True,medium,1.212183053462653,what-if: 30 m per date,True,50.00000110256472,vector_clean
S3-0233,S3,233,11625.0,365964.26882122323,2026584.5583568215,0.3677204725361655,0.9299363709834019,373.298,600,,,,-48.06999999999999,48.06999999999999,-1.3734285714285712,373.298,352.989,350.628,345.941,325.228,5,-1.1096780487804878,0.26425424887930005,0.854608667850481,-1.9506530067819376,-0.268703090779038,,,35.0,year_difference,NOT_PROVIDED,,,,,True,False,19.32232180422511,Paddaya,32.81003782144898,Low,Low,Low,eroding,Low,Medium,True,medium,1.212183053462653,what-if: 30 m per date,True,50.000001102424925,vector_clean
S3-0234,S3,234,11675.0,366010.76563977246,2026566.1723331949,0.3677204725361655,0.9299363709834019,373.298,600,,,,-48.079999999999984,48.079999999999984,-1.3737142857142852,373.298,352.925,349.769,345.922,325.218,5,-1.1104731707317068,0.26238026274929266,0.8565444528854836,-1.9454842684975617,-0.2754620729658519,,,35.0,year_difference,NOT_PROVIDED,,,,,True,False,19.372321579046826,Paddaya,32.80538118265823,Low,Low,Low,eroding,Low,Medium,True,medium,1.212183053462653,what-if: 30 m per date,True,50.00000110251059,vector_clean
S3-0235,S3,235,11725.0,366057.26245832164,2026547.7863095682,0.3677204725361655,0.9299363709834019,373.298,600,,,,-48.09100000000001,48.09100000000001,-1.3740285714285716,373.298,352.861,348.911,345.904,325.207,5,-1.1112731707317074,0.26139101757521793,0.8576461949910478,-1.9431360488483085,-0.2794102926151064,,,35.0,year_difference,NOT_PROVIDED,,,,,True,False,19.42232135386849,Paddaya,32.80092454260599,Low,Low,Low,eroding,Low,Medium,True,medium,1.212183053462653,what-if: 30 m per date,True,50.000001102479054,vector_clean
S3-0236,S3,236,11775.0,366103.7592768709,2026529.4002859413,0.3677204725361655,0.9299363709834019,373.298,600,,,,-48.101,48.101,-1.3743142857142856,373.298,352.797,348.052,345.885,325.197,5,-1.1120682926829273,0.2612459475514207,0.8579561164563269,-1.9434694932382874,-0.28066709212756713,,,35.0,year_difference,NOT_PROVIDED,,,,,True,False,19.472321128690297,Paddaya,32.79626790357745,Low,Low,Low,eroding,Low,Medium,True,medium,1.212183053462653,what-if: 30 m per date,True,50.000001102479054,vector_clean
S3-0237,S3,237,11825.0,366150.2560954201,2026511.0142623147,0.3677204725361655,0.9299363709834019,373.298,600,,,,-48.11200000000002,48.11200000000002,-1.3746285714285722,373.298,352.732,347.194,345.867,325.186,5,-1.1128573170731713,0.2620043508809132,0.8574216075229235,-1.9466720955023895,-0.279042538643953,,,35.0,year_difference,NOT_PROVIDED,,,,,True,False,19.522320903512018,Paddaya,32.7916112647868,Low,Low,Low,eroding,Low,Medium,True,medium,1.212183053462653,what-if: 30 m per date,True,50.00000110251059,vector_clean
S3-0238,S3,238,11875.0,366196.7529139693,2026492.628238688,0.3677204725361655,0.9299363709834019,373.298,600,,,,-48.122000000000014,48.122000000000014,-1.3749142857142862,373.298,352.668,346.335,345.848,325.176,5,-1.1136524390243905,0.26359334360088976,0.8561129087515351,-1.952524101464421,-0.27478077658435995,,,35.0,year_difference,NOT_PROVIDED,,,,,True,False,19.57232067833368,Paddaya,32.78695462616913,Low,Low,Low,eroding,Low,Medium,True,medium,1.212183053462653,what-if: 30 m per date,True,50.000001102479054,vector_clean
S3-0239,S3,239,11925.0,366243.2497325185,2026474.2422150613,0.3677204725361655,0.9299363709834019,373.298,600,,,,-48.13299999999998,48.13299999999998,-1.3752285714285708,373.298,352.604,345.477,345.83,325.165,5,-1.11445243902439,0.2660510854309576,0.8539904504394931,-1.961145732870861,-0.26775914517791877,,,35.0,year_difference,NOT_PROVIDED,,,,,True,False,19.622320453155396,Paddaya,32.78249798594381,Low,Low,Low,eroding,Low,Medium,True,medium,1.212183053462653,what-if: 30 m per date,True,50.000001102479054,vector_clean
S3-0240,S3,240,11975.0,366289.7465510677,2026455.8561914347,0.3677204725361655,0.9299363709834019,373.298,600,,,,-48.14300000000003,48.14300000000003,-1.3755142857142866,373.298,352.54,344.618,345.811,325.155,5,-1.1152475609756107,0.2693128993987689,0.8511061586338087,-1.9723214026324656,-0.25817371931875577,,,35.0,year_difference,NOT_PROVIDED,,,,,True,False,19.672320227977064,Paddaya,32.77784134732604,Low,Low,Low,eroding,Low,Medium,True,medium,1.212183053462653,what-if: 30 m per date,True,50.00000110251059,vector_clean
S3-0241,S3,241,12025.0,366336.2433696169,2026437.4701678078,0.3677204725361655,0.9299363709834019,373.298,600,,,,-48.153999999999996,48.153999999999996,-1.3758285714285714,373.298,352.475,343.76,345.792,325.144,5,-1.1160500000000007,0.2733818636894347,0.8474514220339759,-1.9860731020300162,-0.246026897969985,,,35.0,year_difference,NOT_PROVIDED,,,,,True,False,19.722320002798863,Paddaya,32.77298470973227,Low,Low,Low,eroding,Low,Medium,True,medium,1.212183053462653,what-if: 30 m per date,True,50.00000120787686,vector_clean
S3-0242,S3,242,12075.0,366382.7401881661,2026419.084144181,0.3677204725361655,0.9299363709834019,373.298,600,,,,-48.16500000000002,48.16500000000002,-1.3761428571428578,373.298,352.411,342.901,345.774,325.133,5,-1.1168512195121956,0.27822110807625416,0.8430491549021479,-2.0022749569614096,-0.23142748206298136,,,35.0,year_difference,NOT_PROVIDED,,,,,True,False,19.77231977762053,Paddaya,32.76832807091995,Low,Low,Low,eroding,Low,Medium,True,medium,1.212183053462653,what-if: 30 m per date,True,50.000001102424925,vector_clean
S3-0243,S3,243,12125.0,366429.2370067153,2026400.6981205544,0.3677204725361655,0.9299363709834019,373.298,600,,,,-48.17500000000001,48.17500000000001,-1.3764285714285718,373.298,352.347,342.218,345.755,325.123,5,-1.1174317073170732,0.28262770045283253,0.8389860626217904,-2.0168791883940207,-0.2179842262401258,,,35.0,year_difference,NOT_PROVIDED,,,,,True,False,19.82231955244225,Paddaya,32.79887118928463,Low,Low,Low,eroding,Low,Medium,True,medium,1.212183053462653,what-if: 30 m per date,True,50.000001102479054,vector_clean
S3-0244,S3,244,12175.0,366475.7338252645,2026382.3120969278,0.3677204725361655,0.9299363709834019,373.298,600,,,,-48.18599999999998,48.18599999999998,-1.3767428571428566,373.298,352.283,342.304,345.737,325.112,5,-1.1170804878048777,0.2824011745177902,0.8391177200116529,-2.0158070622567985,-0.21835391335295673,,,35.0,year_difference,NOT_PROVIDED,,,,,True,False,19.87231932726391,Paddaya,32.98321324637421,Low,Low,Low,eroding,Low,Medium,True,medium,1.212183053462653,what-if: 30 m per date,True,50.00000110256472,vector_clean
S3-0245,S3,245,12225.0,366522.23064381373,2026363.926073301,0.3677204725361655,0.9299363709834019,373.298,600,,,,-48.196000000000026,48.196000000000026,-1.3770285714285722,373.298,352.218,342.391,345.718,325.102,5,-1.1167109756097566,0.28217177543857286,0.839247764823012,-2.014707499809587,-0.2187144514099264,,,35.0,year_difference,NOT_PROVIDED,,,,,True,False,19.922319102085716,Paddaya,33.16755530329061,Low,Low,Low,eroding,Low,Medium,True,medium,1.212183053462653,what-if: 30 m per date,True,50.000001102479054,vector_clean
S3-0246,S3,246,12275.0,366568.7274623629,2026345.5400496742,0.3677204725361655,0.9299363709834019,373.298,600,,,,-48.206999999999994,48.206999999999994,-1.377342857142857,373.298,352.154,342.477,345.7,325.091,5,-1.1163597560975609,0.28197920112421004,0.8393470730563544,-2.013743422882155,-0.21897608931296708,,,35.0,year_difference,NOT_PROVIDED,,,,,True,False,19.972318876907384,Paddaya,33.35189736059632,Low,Low,Low,eroding,Low,Medium,True,medium,1.212183053462653,what-if: 30 m per date,True,50.00000110251059,vector_clean
S3-0247,S3,247,12325.0,366615.22428091214,2026327.1540260476,0.3677204725361655,0.9299363709834019,373.298,600,,,,-48.216999999999985,48.216999999999985,-1.377628571428571,373.298,352.09,342.563,345.681,325.081,5,-1.1160024390243897,0.2817818861817282,0.8394494927716836,-2.012758161599305,-0.21924671644947447,,,35.0,year_difference,NOT_PROVIDED,,,,,True,False,20.0223186517291,Paddaya,33.536239417729234,Low,Low,Low,eroding,Low,Medium,True,medium,1.212183053462653,what-if: 30 m per date,True,50.000001102424925,vector_clean
S3-0248,S3,248,12375.0,366661.7210994613,2026308.768002421,0.3677204725361655,0.9299363709834019,373.298,600,,,,-48.22800000000001,48.22800000000001,-1.3779428571428574,373.298,352.026,342.649,345.663,325.07,5,-1.1156512195121955,0.2816231950737934,0.839516482219321,-2.011901916156982,-0.21940052286740874,,,35.0,year_difference,NOT_PROVIDED,,,,,True,False,20.072318426550762,Paddaya,33.720581474818815,Low,Low,Low,eroding,Low,Medium,True,medium,1.212183053462653,what-if: 30 m per date,True,50.000001102424925,vector_clean
S3-0249,S3,249,12425.0,366708.21791801054,2026290.381978794,0.3677204725361655,0.9299363709834019,373.298,600,,,,-48.238,48.238,-1.3782285714285714,373.298,351.962,342.735,345.644,325.06,5,-1.1152939024390243,0.28145981819062343,0.8395865195865062,-2.0110246609255977,-0.21956314395245058,,,35.0,year_difference,NOT_PROVIDED,,,,,True,False,20.12231820137257,Paddaya,33.904923531735214,Low,Low,Low,eroding,Low,Medium,True,medium,1.212183053462653,what-if: 30 m per date,True,50.00000110261884,vector_clean
S3-0250,S3,250,12475.0,366754.7147365597,2026271.9959551673,0.3677204725361655,0.9299363709834019,373.298,600,,,,-48.249000000000024,48.249000000000024,-1.3785428571428577,373.298,351.897,342.822,345.626,325.049,5,-1.1149304878048787,0.2813381260220155,0.8396152192670954,-2.010273967499084,-0.21958700811067322,,,35.0,year_difference,NOT_PROVIDED,,,,,True,False,20.172317976194233,Paddaya,34.089265588824794,Low,Low,Low,eroding,Low,Medium,True,medium,1.212183053462653,what-if: 30 m per date,True,50.000001102424925,vector_clean
S3-0251,S3,251,12525.0,366801.21155510895,2026253.6099315407,0.3677204725361655,0.9299363709834019,373.298,600,,,,-48.259000000000015,48.259000000000015,-1.3788285714285717,373.298,351.833,342.908,345.607,325.039,5,-1.1145731707317075,0.28120901335297904,0.8396525153031529,-2.0095057562893723,-0.2196405851740425,,,35.0,year_difference,NOT_PROVIDED,,,,,True,False,20.22231775101595,Paddaya,34.27360764617364,Low,Low,Low,eroding,Low,Medium,True,medium,1.212183053462653,what-if: 30 m per date,True,50.000001102424925,vector_clean
S3-0252,S3,252,12575.0,366847.7083736581,2026235.223907914,0.3677204725361655,0.9299363709834019,373.298,600,,,,-48.26999999999998,48.26999999999998,-1.3791428571428566,373.298,351.769,342.994,345.588,325.028,5,-1.114235365853658,0.28110401813915903,0.8396714481410972,-2.008833809781029,-0.21963692192628692,,,35.0,year_difference,NOT_PROVIDED,,,,,True,False,20.272317525837614,Paddaya,34.45774970450304,Low,Low,Low,eroding,Low,Medium,True,medium,1.212183053462653,what-if: 30 m per date,True,50.00000110256472,vector_clean
S3-0253,S3,253,12625.0,366894.20519220736,2026216.8378842871,0.3677204725361655,0.9299363709834019,373.298,600,,,,-48.28000000000003,48.28000000000003,-1.3794285714285723,373.298,351.705,343.08,345.57,325.018,5,-1.1138646341463418,0.28102366432080367,0.8396588236691868,-2.0082073563613725,-0.21952191193131132,,,35.0,year_difference,NOT_PROVIDED,,,,,True,False,20.322317300659417,Paddaya,34.64229176017982,Low,Low,Low,eroding,Low,Medium,True,medium,1.212183053462653,what-if: 30 m per date,True,50.000001102479054,vector_clean
S3-0254,S3,254,12675.0,366940.70201075653,2026198.4518606605,0.3677204725361655,0.9299363709834019,373.298,600,,,,-48.291,48.291,-1.3797428571428572,373.298,351.64,343.167,345.551,325.007,5,-1.1135146341463416,0.28095674234092705,0.8396383300571606,-2.0076443807537716,-0.2193848875389116,,,35.0,year_difference,NOT_PROVIDED,,,,,True,False,20.372317075481085,Paddaya,34.82643381872554,Low,Low,Low,eroding,Low,Medium,True,medium,1.212183053462653,what-if: 30 m per date,True,50.000001207822734,vector_clean
S3-0255,S3,255,12725.0,366987.19882930577,2026180.0658370338,0.3677204725361655,0.9299363709834019,373.298,600,,,,-48.30200000000002,48.30200000000002,-1.3800571428571435,373.298,351.576,343.253,345.533,324.996,5,-1.1131634146341467,0.2809178777247571,0.8395906257960604,-2.0071694766874404,-0.219157352580853,,,35.0,year_difference,NOT_PROVIDED,,,,,True,False,20.422316850302803,Paddaya,35.010775875836586,Low,Low,Low,eroding,Low,Medium,True,medium,1.212183053462653,what-if: 30 m per date,True,50.000001102479054,vector_clean
S3-0256,S3,256,12775.0,367033.695647855,2026161.6798134071,0.3677204725361655,0.9299363709834019,373.298,600,,,,-48.31200000000001,48.31200000000001,-1.3803428571428575,373.298,351.512,343.339,345.514,324.986,5,-1.1128060975609755,0.28087446489180423,0.8395457748146806,-2.0066740006044363,-0.21893819451751462,,,35.0,year_difference,NOT_PROVIDED,,,,,True,False,20.47231662512452,Paddaya,35.19511793296931,Low,Low,Low,eroding,Low,Medium,True,medium,1.212183053462653,what-if: 30 m per date,True,50.00000110251059,vector_clean
S3-0257,S3,257,12825.0,367080.1924664042,2026143.2937897805,0.3677204725361655,0.9299363709834019,373.298,600,,,,-48.32299999999998,48.32299999999998,-1.3806571428571424,373.298,351.448,343.425,345.496,324.975,5,-1.11245487804878,0.280869830344519,0.8394651581076917,-2.0063080318943562,-0.21860172420320356,,,35.0,year_difference,NOT_PROVIDED,,,,,True,False,20.522316399946188,Paddaya,35.37945999005889,Low,Low,Low,eroding,Low,Medium,True,medium,1.212183053462653,what-if: 30 m per date,True,50.000001102479054,vector_clean
S3-0258,S3,258,12875.0,367126.6892849534,2026124.9077661536,0.3677204725361655,0.9299363709834019,373.298,600,,,,-48.33300000000003,48.33300000000003,-1.380942857142858,373.298,351.384,342.974,345.477,324.965,5,-1.1127524390243912,0.28342806901027606,0.8370792384715944,-2.01474705005984,-0.2107578279889425,,,35.0,year_difference,NOT_PROVIDED,,,,,True,False,20.57231617476799,Paddaya,35.45640278818252,Low,Low,Low,eroding,Low,Medium,True,medium,1.212183053462653,what-if: 30 m per date,True,50.000001102479054,vector_clean
S3-0259,S3,259,12925.0,367173.1861035026,2026106.521742527,0.3677204725361655,0.9299363709834019,373.298,600,,,,-48.343999999999994,48.343999999999994,-1.3812571428571427,373.298,351.319,342.362,345.459,324.954,5,-1.1132414634146341,0.28710405566017505,0.8336557119375626,-2.0269347045823265,-0.19954822224694202,,,35.0,year_difference,NOT_PROVIDED,,,,,True,False,20.622315949589655,Paddaya,35.500945809888194,Low,Low,Low,eroding,Low,Medium,True,medium,1.212183053462653,what-if: 30 m per date,True,50.00000110251059,vector_clean
S3-0260,S3,260,12975.0,367219.6829220518,2026088.1357189002,0.3677204725361655,0.9299363709834019,373.298,600,,,,-48.353999999999985,48.353999999999985,-1.3815428571428567,373.298,351.255,341.749,345.44,324.944,5,-1.1137365853658532,0.2911007410223402,0.8299115858482606,-2.0401490630977492,-0.18732410763395724,,,35.0,year_difference,NOT_PROVIDED,,,,,True,False,20.672315724411373,Paddaya,35.54548883180998,Low,Low,Low,eroding,Low,Medium,True,medium,1.212183053462653,what-if: 30 m per date,True,50.000001102424925,vector_clean
S3-0261,S3,261,13025.0,367266.179740601,2026069.7496952736,0.3677204725361655,0.9299363709834019,373.298,600,,,,-48.36500000000001,48.36500000000001,-1.3818571428571431,373.298,351.191,341.137,345.219,324.933,5,-1.116959756097561,0.2925193259350755,0.8293542731053412,-2.047886804143723,-0.18603270805139926,,,35.0,year_difference,NOT_PROVIDED,,,,,True,False,20.722315499233037,Paddaya,35.549632132167545,Low,Low,Low,eroding,Low,Medium,True,medium,1.212183053462653,what-if: 30 m per date,True,50.000001102479054,vector_clean
S3-0262,S3,262,13075.0,367312.6765591502,2026051.3636716467,0.3677204725361655,0.9299363709834019,373.298,600,,,,-48.375,48.375,-1.3821428571428571,373.298,351.127,340.524,344.883,324.923,5,-1.121707317073171,0.29264196871274556,0.8304334438953557,-2.0530246691739986,-0.1903899649723435,,,35.0,year_difference,NOT_PROVIDED,,,,,True,False,20.77231527405484,Paddaya,35.530775591232796,Low,Low,Low,eroding,Low,Medium,True,medium,1.212183053462653,what-if: 30 m per date,True,50.00000110256472,vector_clean
S3-0263,S3,263,13125.0,367359.1733776994,2026032.97764802,0.3677204725361655,0.9299363709834019,373.298,600,,,,-48.386000000000024,48.386000000000024,-1.3824571428571435,373.298,351.062,339.912,344.546,324.912,5,-1.1264756097560982,0.2931236916084965,0.831163618064542,-2.059326019106679,-0.19362520040551756,,,35.0,year_difference,NOT_PROVIDED,,,,,True,False,20.822315048876504,Paddaya,35.511519053361624,Low,Low,Low,eroding,Low,Medium,True,medium,1.212183053462653,what-if: 30 m per date,True,50.000001102424925,vector_clean
S3-0264,S3,264,13175.0,367405.6701962486,2026014.5916243934,0.3677204725361655,0.9299363709834019,373.298,600,,,,-48.396000000000015,48.396000000000015,-1.3827428571428575,373.298,350.998,339.299,344.21,324.902,5,-1.131223170731708,0.2939791046441587,0.831525825134698,-2.0667958861371236,-0.19565045532629255,,,35.0,year_difference,NOT_PROVIDED,,,,,True,False,20.872314823698222,Paddaya,35.49266251242707,Low,Low,Low,eroding,Low,Medium,True,medium,1.212183053462653,what-if: 30 m per date,True,50.00000110251059,vector_clean
S3-0265,S3,265,13225.0,367452.1670147978,2025996.2056007667,0.3677204725361655,0.9299363709834019,373.298,600,,,,-48.40699999999998,48.40699999999998,-1.3830571428571423,373.298,350.934,338.687,343.874,324.891,5,-1.1359890243902435,0.29519281469240766,0.8315493869438801,-2.0754243068543943,-0.19655374192609254,,,35.0,year_difference,NOT_PROVIDED,,,,,True,False,20.92231459851989,Paddaya,35.473805971686765,Low,Low,Low,eroding,Low,Medium,True,medium,1.212183053462653,what-if: 30 m per date,True,50.000001102479054,vector_clean
S3-0266,S3,266,13275.0,367498.66383334703,2025977.8195771398,0.3677204725361655,0.9299363709834019,373.298,600,,,,-48.41700000000003,48.41700000000003,-1.383342857142858,373.298,350.87,338.074,343.538,324.881,5,-1.1407365853658542,0.2967683911893601,0.8312262020807745,-2.085186055431423,-0.1962871153002851,,,35.0,year_difference,NOT_PROVIDED,,,,,True,False,20.972314373341696,Paddaya,35.45494943075201,Low,Low,Low,eroding,Low,Medium,True,medium,1.212183053462653,what-if: 30 m per date,True,50.000001102479054,vector_clean
S3-0267,S3,267,13325.0,367545.1606518962,2025959.4335535131,0.3677204725361655,0.9299363709834019,373.298,600,,,,-48.428,48.428,-1.3836571428571427,373.298,350.805,337.461,343.202,324.87,5,-1.1454926829268293,0.29870771514616834,0.830565001710926,-2.0961139473534907,-0.19487141850016765,,,35.0,year_difference,NOT_PROVIDED,,,,,True,False,21.022314148163357,Paddaya,35.43569289266492,Low,Low,Low,eroding,Low,Medium,True,medium,1.212183053462653,what-if: 30 m per date,True,50.00000120787686,vector_clean
S3-0268,S3,268,13375.0,367591.65747044544,2025941.0475298865,0.3677204725361655,0.9299363709834019,373.298,600,,,,-48.43900000000002,48.43900000000002,-1.383971428571429,373.298,350.741,336.849,342.866,324.859,5,-1.1502585365853664,0.3009741057861251,0.829603989578015,-2.108092467530488,-0.19242460564024477,,,35.0,year_difference,NOT_PROVIDED,,,,,True,False,21.072313922985074,Paddaya,35.41683635194629,Low,Low,Low,eroding,Low,Medium,True,medium,1.212183053462653,what-if: 30 m per date,True,50.00000110251059,vector_clean
S3-0269,S3,269,13425.0,367638.1542889946,2025922.6615062598,0.3677204725361655,0.9299363709834019,373.298,600,,,,-48.44900000000001,48.44900000000001,-1.3842571428571433,373.298,350.677,336.236,342.53,324.849,5,-1.1550060975609764,0.303584855049207,0.828322833015591,-2.1211485978524154,-0.1888635972695375,,,35.0,year_difference,NOT_PROVIDED,,,,,True,False,21.12231369780674,Paddaya,35.39797981120578,Low,Low,Low,eroding,Low,Medium,True,medium,1.212183053462653,what-if: 30 m per date,True,50.000001102479054,vector_clean
S3-0270,S3,270,13475.0,367684.65110754385,2025904.275482633,0.3677204725361655,0.9299363709834019,373.298,600,,,,-48.45999999999998,48.45999999999998,-1.384571428571428,373.298,350.613,335.624,342.193,324.838,5,-1.1597853658536583,0.3065035265678564,0.8267704744273104,-2.13521638153596,-0.18435435017135693,,,35.0,year_difference,NOT_PROVIDED,,,,,True,False,21.17231347262854,Paddaya,35.37892327168402,Low,Low,Low,eroding,Low,Medium,True,medium,1.212183053462653,what-if: 30 m per date,True,50.000001102479054,vector_clean
S3-0271,S3,271,13525.0,367731.147926093,2025885.8894590063,0.3677204725361655,0.9299363709834019,373.298,600,,,,-48.47000000000003,48.47000000000003,-1.3848571428571437,373.298,350.549,335.011,341.857,324.828,5,-1.1645329268292681,0.30976328512162293,0.8249024112398665,-2.150337949077121,-0.17872790458141552,,,35.0,year_difference,NOT_PROVIDED,,,,,True,False,21.22231324745021,Paddaya,35.36006673094391,Low,Low,Low,eroding,Low,Medium,True,medium,1.212183053462653,what-if: 30 m per date,True,50.00000110251059,vector_clean
S3-0272,S3,272,13575.0,367777.64474464225,2025867.5034353796,0.3677204725361655,0.9299363709834019,373.298,600,,,,-48.480999999999995,48.480999999999995,-1.3851714285714285,373.298,350.484,334.399,341.521,324.817,5,-1.1692878048780484,0.31332926580869747,0.8227627652512666,-2.1664413691881945,-0.17213424056790239,,,35.0,year_difference,NOT_PROVIDED,,,,,True,False,21.272313022271927,Paddaya,35.34101019144363,Low,Low,Low,eroding,Low,Medium,True,medium,1.212183053462653,what-if: 30 m per date,True,50.000001102424925,vector_clean
S3-0273,S3,273,13625.0,367824.1415631915,2025849.117411753,0.3677204725361655,0.9299363709834019,373.298,600,,,,-48.490999999999985,48.490999999999985,-1.3854571428571425,373.298,350.42,333.786,341.185,324.807,5,-1.1740353658536584,0.31719787992708914,0.8203529154766651,-2.1835005868714483,-0.16457014483586851,,,35.0,year_difference,NOT_PROVIDED,,,,,True,False,21.322312797093645,Paddaya,35.32215365072519,Low,Low,Low,eroding,Low,Medium,True,medium,1.212183053462653,what-if: 30 m per date,True,50.000001102479054,vector_clean
S3-0274,S3,274,13675.0,367870.63838174066,2025830.7313881263,0.3677204725361655,0.9299363709834019,373.298,600,,,,-48.50200000000001,48.50200000000001,-1.3857714285714289,373.298,350.356,333.173,340.849,324.796,5,-1.1788024390243905,0.3213564196547255,0.8176929660624266,-2.2015019894337726,-0.15610288861500865,,,35.0,year_difference,NOT_PROVIDED,,,,,True,False,21.37231257191531,Paddaya,35.303097111419355,Low,Low,Low,eroding,Low,Medium,True,medium,1.212183053462653,what-if: 30 m per date,True,50.00000110256472,vector_clean
S3-0275,S3,275,13725.0,367917.1352002899,2025812.3453644994,0.3677204725361655,0.9299363709834019,373.298,600,,,,-48.512,48.512,-1.3860571428571429,373.298,350.292,332.561,340.513,324.786,5,-1.1835487804878049,0.3257781971827874,0.8147989578084042,-2.220320400454154,-0.14677716052145584,,,35.0,year_difference,NOT_PROVIDED,,,,,True,False,21.422312346737115,Paddaya,35.28444056905013,Low,Low,Low,eroding,Low,Medium,True,medium,1.212183053462653,what-if: 30 m per date,True,50.000001102479054,vector_clean
S3-0276,S3,276,13775.0,367963.63201883907,2025793.9593408727,0.3677204725361655,0.9299363709834019,373.298,600,,,,-48.523000000000025,48.523000000000025,-1.3863714285714293,373.298,350.227,331.948,340.177,324.775,5,-1.1883048780487804,0.33048542136062037,0.8116594068620595,-2.2400569862080157,-0.1365527698895448,,,35.0,year_difference,NOT_PROVIDED,,,,,True,False,21.47231212155878,Paddaya,35.26518403096284,Low,Low,Low,eroding,Low,Medium,True,medium,1.212183053462653,what-if: 30 m per date,True,50.000001102424925,vector_clean
S3-0277,S3,277,13825.0,368010.1288373883,2025775.573317246,0.3677204725361655,0.9299363709834019,373.298,600,,,,-48.533000000000015,48.533000000000015,-1.3866571428571433,373.298,350.163,331.336,339.84,324.765,5,-1.1930646341463422,0.3354168210014642,0.8083308769413574,-2.2605106568724587,-0.1256186114202258,,,35.0,year_difference,NOT_PROVIDED,,,,,True,False,21.522311896380497,Paddaya,35.24632749024441,Low,Low,Low,eroding,Low,Medium,True,medium,1.212183053462653,what-if: 30 m per date,True,50.00000110251059,vector_clean
S3-0278,S3,278,13875.0,368056.6256559375,2025757.1872936194,0.3677204725361655,0.9299363709834019,373.298,600,,,,-48.54399999999998,48.54399999999998,-1.386971428571428,373.298,350.099,330.723,339.504,324.754,5,-1.1978317073170723,0.3406169879944489,0.804774530214053,-2.281826982276871,-0.11383643235727336,,,35.0,year_difference,NOT_PROVIDED,,,,,True,False,21.57231167120216,Paddaya,35.227270950938774,Low,Low,Low,eroding,Low,Medium,True,medium,1.212183053462653,what-if: 30 m per date,True,50.000001102424925,vector_clean
S3-0279,S3,279,13925.0,368103.1224744867,2025738.8012699925,0.3677204725361655,0.9299363709834019,373.298,600,,,,-48.553999999999974,48.553999999999974,-1.387257142857142,373.298,350.035,330.111,339.168,324.744,5,-1.2025780487804876,0.34603615629785955,0.801030421856078,-2.3038195358851863,-0.10133656167578886,,,35.0,year_difference,NOT_PROVIDED,,,,,True,False,21.622311446023968,Paddaya,35.208614408569346,Low,Low,Low,eroding,Low,Medium,True,medium,1.212183053462653,what-if: 30 m per date,True,50.00000110261884,vector_clean
S3-0280,S3,280,13975.0,368149.6192930359,2025720.4152463658,0.3677204725361655,0.9299363709834019,373.298,600,,,,-48.565,48.565,-1.3875714285714285,373.298,349.97,329.498,338.832,324.733,5,-1.2073341463414637,0.3516957764955932,0.7970883230362029,-2.326587070833749,-0.08808122184917844,,,35.0,year_difference,NOT_PROVIDED,,,,,True,False,21.67231122084563,Paddaya,35.18935787048206,Low,Low,Low,eroding,Low,Medium,True,medium,1.212183053462653,what-if: 30 m per date,True,50.0000012077912,vector_clean
S3-0281,S3,281,14025.0,368196.1161115851,2025702.0292227387,0.3677204725357103,0.9299363709835818,373.298,600,,,,-48.57600000000002,48.57600000000002,-1.3878857142857148,373.298,349.906,328.886,338.496,324.722,5,-1.2121000000000008,0.35754703312194963,0.7929948778827889,-2.349974234524101,-0.07422576547590065,,,35.0,year_difference,NOT_PROVIDED,,,,,True,False,21.72231099566752,Paddaya,35.170501329266365,Low,Low,Low,eroding,Low,Medium,True,medium,1.212183053462653,what-if: 30 m per date,True,50.000001037807884,vector_clean
S3-0282,S3,282,14075.0,368242.61292918987,2025683.643199427,0.36772047501216726,0.9299363700043278,373.298,600,,,,-48.58600000000001,48.58600000000001,-1.3881714285714288,373.298,349.842,328.273,338.16,324.712,5,-1.2168475609756093,0.3636154533915902,0.7887207549351112,-2.374034217165736,-0.059660904785482805,,,35.0,year_difference,NOT_PROVIDED,,,,,True,False,21.77231076949526,Paddaya,35.15164473389533,Low,Low,Low,eroding,Low,Medium,True,medium,1.212183053462653,what-if: 30 m per date,True,50.0000004337718,vector_clean
S1-0042,S1,42,2075.0,349815.18668394216,2032793.6268268095,0.49976136034486407,0.8661631386212709,443.866,600,,,,-107.56400000000002,107.56400000000002,-3.0732571428571434,457.581,393.043,350.017,350.017,350.017,5,-2.964573170731708,0.8261606771539799,0.8110405856403671,-5.593785165311077,-0.33536117615233874,,,35.0,year_difference,PARTIAL,,1.212183053462653,,True,True,False,2.022072413600391,Bulala Norte,76.41185965039215,Medium,Medium,Medium,eroding,Low,Medium,True,medium,1.212183053462653,configured (lower bound),True,37.78859559749604,raster_clean
S1-0043,S1,43,2125.0,349857.1633773956,2032769.2526667006,0.5026074481861658,0.8645147500348335,443.866,600,,,,-107.45800000000003,107.45800000000003,-3.070228571428572,442.632,388.241,335.174,353.896,335.174,5,-2.8211743902439026,0.8462119524086502,0.7874570996707533,-5.514198491673724,-0.12815028881408086,,,35.0,year_difference,PARTIAL,,1.212183053462653,,True,True,False,2.070092429838169,Bulala Norte,67.0799141410353,Medium,Medium,Medium,eroding,Low,Medium,True,medium,1.212183053462653,configured (lower bound),True,52.013846361255425,raster_clean
S1-0044,S1,44,2175.0,349900.38911489735,2032744.1222942914,0.5026074481861658,0.8645147500348335,443.866,600,,,,-107.45800000000003,107.45800000000003,-3.070228571428572,427.725,384.742,320.267,341.758,320.267,5,-2.909239024390245,0.8418260542839221,0.7992373414893654,-5.588305240537675,-0.23017280824281494,,,35.0,year_difference,PARTIAL,,1.212183053462653,,True,True,False,2.1195527779063155,Bulala Norte,54.758925698397945,Medium,Medium,Medium,eroding,Low,Medium,True,medium,1.212183053462653,configured (lower bound),True,53.51062847386754,raster_clean
S1-0045,S1,45,2225.0,349943.6148523991,2032718.9919218821,0.5026074481861658,0.8645147500348335,443.866,600,,,,-118.48700000000002,118.48700000000002,-3.3853428571428577,445.338,376.649,326.851,342.304,326.851,5,-3.0846975609756107,0.9463838403364928,0.7798013352595335,-6.096513317034688,-0.07288180491653273,,,35.0,year_difference,PARTIAL,,1.212183053462653,,True,True,False,2.169013125974462,Bulala Norte,59.15612904481438,Medium,Medium,Medium,eroding,Medium,Medium,False,high,1.212183053462653,configured (lower bound),True,54.846266482113066,raster_clean
S1-0046,S1,46,2275.0,349986.8405899008,2032693.8615494727,0.5026074481861658,0.8645147500348335,443.866,600,,,,-107.45800000000003,128.95,-3.070228571428572,440.894,376.419,311.944,336.508,333.436,5,-2.94664512195122,1.151239361069542,0.6859051040980437,-6.61040257308416,0.7171123291817203,,,35.0,year_difference,PARTIAL,,1.212183053462653,,True,True,False,2.218473474042641,Bulala Norte,55.148237069166925,Medium,Medium,Medium,eroding,Low,Medium,True,medium,1.212183053462653,configured (lower bound),True,54.26778642323286,raster_clean
S1-0047,S1,47,2325.0,350030.06632740254,2032668.7311770634,0.5026074481861658,0.8645147500348335,443.866,600,,,,-103.03399999999999,115.21800000000002,-2.943828571428571,433.747,383.004,318.529,340.021,330.713,5,-2.8512939024390245,0.9607762706603672,0.7459184325943359,-5.908912795206369,0.20632499032832063,,,35.0,year_difference,PARTIAL,,1.212183053462653,,True,True,False,2.2679338221107876,Bulala Norte,56.2612813171171,Medium,Medium,Medium,eroding,Low,Medium,True,medium,1.212183053462653,configured (lower bound),True,53.510560862315764,raster_clean
S1-0048,S1,48,2375.0,350073.2920649043,2032643.6008046542,0.5026074481861658,0.8645147500348335,443.866,600,,,,-128.95000000000005,150.44100000000003,-3.6842857142857155,454.064,393.606,303.623,359.262,325.114,5,-3.3077329268292694,1.4464967428085236,0.6354395541477348,-7.911131141585173,1.2956652879266337,,,35.0,year_difference,PARTIAL,,1.212183053462653,,True,True,False,2.3173941701789347,Bulala Norte,61.942668669875474,Medium,Medium,Medium,eroding,Medium,Medium,False,high,1.212183053462653,configured (lower bound),True,54.088868081461605,raster_clean
S1-0049,S1,49,2425.0,350116.51780240604,2032618.470432245,0.5026074481861658,0.8645147500348335,443.866,600,,,,-124.80000000000001,137.37900000000002,-3.565714285714286,456.5,396.175,319.121,353.191,331.7,5,-3.3264060975609766,1.1796480427931362,0.7260633517313981,-7.08057265288315,0.42776045776119664,,,35.0,year_difference,PARTIAL,,1.212183053462653,,True,True,False,2.3668545182470813,Bulala Norte,65.89667753602933,Medium,Medium,Medium,eroding,Medium,Medium,False,high,1.212183053462653,configured (lower bound),True,53.51031278251053,raster_clean
S1-0050,S1,50,2475.0,350159.7435399078,2032593.3400598355,0.5026074481861658,0.8645147500348335,443.866,600,,,,-133.911,133.911,-3.8260285714285716,450.705,402.76,316.794,347.671,316.794,5,-3.6321414634146345,1.0824494547598396,0.7896105573029911,-7.07697873137145,-0.18730419545781896,,,35.0,year_difference,PARTIAL,,1.212183053462653,,True,True,False,2.4163148663153144,Bulala Norte,61.25459345875948,Medium,Medium,Medium,eroding,Medium,High,True,medium,1.212183053462653,configured (lower bound),True,53.51051605651557,raster_clean
S1-0051,S1,51,2525.0,350202.96927740955,2032568.2096874262,0.5026074481861658,0.8645147500348335,443.866,600,,,,-128.95,128.95,-3.684285714285714,452.329,387.854,323.379,344.871,323.379,5,-3.407210975609756,1.0060224691403,0.7926817919535881,-6.6088234655576965,-0.20559848566181582,,,35.0,year_difference,PARTIAL,,1.212183053462653,,True,True,False,2.465775214383461,Bulala Norte,60.422661929695316,Medium,Medium,Medium,eroding,Medium,Medium,False,high,1.212183053462653,configured (lower bound),True,54.84632735582959,raster_clean
S1-0052,S1,52,2575.0,350246.1950149113,2032543.079315017,0.5026074481861658,0.8645147500348335,443.866,600,,,,-128.949,128.949,-3.684257142857143,458.914,394.44,329.965,370.425,329.965,5,-3.152739024390244,1.1636309138376715,0.709888069873496,-6.855931926846846,0.5504538780663579,,,35.0,year_difference,PARTIAL,,1.212183053462653,,True,True,False,2.5152355624516076,Bulala Norte,70.552393882205,Medium,Medium,Medium,eroding,Medium,Medium,False,high,1.212183053462653,configured (lower bound),True,54.45684380734792,raster_clean
S1-0053,S1,53,2625.0,350289.420752413,2032517.9489426075,0.5026074481861658,0.8645147500348335,443.866,600,,,,-135.21499999999997,135.21499999999997,-3.8632857142857135,465.5,379.534,330.285,364.63,330.285,5,-3.212842682926829,1.2507444788705804,0.6874494384274922,-7.193269828562504,0.7675844627088457,,,35.0,year_difference,PARTIAL,,1.212183053462653,,True,True,False,2.5646959105197866,Bulala Norte,67.60788866304732,Medium,Medium,Medium,eroding,Medium,High,True,medium,1.212183053462653,configured (lower bound),True,53.51044844730363,raster_clean
S1-0054,S1,54,2675.0,350332.64648991474,2032492.8185701983,0.5026074481861658,0.8645147500348335,443.866,600,,,,-128.95000000000005,128.95000000000005,-3.6842857142857155,450.595,393.18,321.645,364.628,321.645,5,-3.196404878048782,1.1686313673160464,0.7137719272381935,-6.915511455202381,0.5227016991048177,,,35.0,year_difference,PARTIAL,,1.212183053462653,,True,True,False,2.614156258587933,Bulala Norte,63.650196062538,Medium,Medium,Medium,eroding,Medium,Medium,False,high,1.212183053462653,configured (lower bound),True,53.307063619514096,raster_clean
S1-0055,S1,55,2725.0,350375.8722274165,2032467.688197789,0.5026074481861658,0.8645147500348335,443.866,600,,,,-137.38,137.38,-3.925142857142857,456.075,392.706,318.695,371.215,318.695,5,-3.290974390243903,1.3218642197872432,0.6738541528241124,-7.4977362925925455,0.9157875121047403,,,35.0,year_difference,PARTIAL,,1.212183053462653,,True,True,False,2.66361660665608,Bulala Norte,64.53924310009722,Medium,Medium,Medium,eroding,Medium,High,True,medium,1.212183053462653,configured (lower bound),True,54.84629018194085,raster_clean
S1-0056,S1,56,2775.0,350419.09796491824,2032442.5578253798,0.5026074481861658,0.8645147500348335,443.866,600,,,,-115.46199999999999,136.95399999999995,-3.2989142857142855,450.28,381.59,313.326,356.309,334.818,5,-2.9266060975609745,1.2997238996936038,0.6282626706814245,-7.062907620029817,1.2096954249078675,,,35.0,year_difference,PARTIAL,,1.212183053462653,,True,True,False,2.713076954724227,Bulala Norte,60.07715678149411,Medium,Medium,Medium,eroding,Medium,Medium,False,high,1.212183053462653,configured (lower bound),True,54.10309918813999,raster_clean
S1-0057,S1,57,2825.0,350462.32370242,2032417.4274529703,0.5026074481861658,0.8645147500348335,443.866,600,,,,-128.949,141.75600000000003,-3.684257142857143,448.862,384.387,307.106,362.896,319.913,5,-3.1345012195121953,1.388163666927776,0.6295680731311682,-7.552257552455579,1.2832551134311885,,,35.0,year_difference,PARTIAL,,1.212183053462653,,True,True,False,2.7625373027924596,Linao,55.24552263367835,Medium,Medium,Medium,eroding,Medium,Medium,False,high,1.212183053462653,configured (lower bound),True,53.510441256924274,raster_clean
S1-0058,S1,58,2875.0,350505.54943992174,2032392.297080561,0.5026074481861658,0.8645147500348335,443.866,600,,,,-112.19199999999995,133.683,-3.2054857142857127,438.691,370.001,305.008,369.482,326.499,5,-2.526639024390243,1.4643587647329155,0.4980832008812993,-7.186882164824324,2.1336041160438377,,,35.0,year_difference,PARTIAL,,1.212183053462653,,True,True,False,2.8119976508606066,Linao,50.325305797075465,Medium,Medium,Medium,eroding,Low,Medium,True,medium,1.212183053462653,configured (lower bound),True,54.646059000157805,raster_clean
S1-0059,S1,59,2925.0,350548.7751774235,2032367.1667081518,0.5026074481861658,0.8645147500348335,443.866,600,,,,-132.173,132.173,-3.7763714285714287,462.035,376.069,329.862,364.207,329.862,5,-3.1089695121951224,1.2441923143699747,0.6754626445479919,-7.068544746124234,0.8506057217339889,,,35.0,year_difference,PARTIAL,,1.212183053462653,,True,True,False,2.861457998928753,Linao,58.55942997658267,Medium,Medium,Medium,eroding,Medium,Medium,False,high,1.212183053462653,configured (lower bound),True,53.876073137404745,raster_clean
S1-0060,S1,60,2975.0,350592.0009149252,2032342.0363357423,0.5026074481861658,0.8645147500348335,443.866,600,,,,-123.06399999999996,123.06399999999996,-3.5161142857142846,447.131,382.656,324.067,382.656,324.067,5,-2.708582926829268,1.3451177327142083,0.5747543698650263,-6.989347885477198,1.5721820318186626,,,35.0,year_difference,PARTIAL,,1.212183053462653,,True,True,False,2.910918346996932,Linao,56.04182794196393,Medium,Medium,Medium,eroding,Medium,Medium,False,high,1.212183053462653,configured (lower bound),True,53.71063526548282,raster_clean
S1-0061,S1,61,3025.0,350635.22665242694,2032316.905963333,0.5026074481861658,0.8645147500348335,443.866,600,,,,-128.949,128.949,-3.684257142857143,453.718,386.964,324.769,386.964,324.769,5,-2.8361475609756104,1.4159787641581443,0.5721525616784107,-7.342423947330888,1.670128825379667,,,35.0,year_difference,PARTIAL,,1.212183053462653,,True,True,False,2.960378695065079,Linao,57.133642655542836,Medium,Medium,Medium,eroding,Medium,Medium,False,high,1.212183053462653,configured (lower bound),True,55.44220335996927,raster_clean
S1-0062,S1,62,3075.0,350678.4523899287,2032291.7755909238,0.5026074481861658,0.8645147500348335,443.866,600,,,,-103.036,118.50400000000002,-2.9438857142857144,449.86,374.339,331.356,381.17,346.824,5,-2.247537804878049,1.304218387497968,0.4974626413760518,-6.398142793454032,1.9030671836979343,,,35.0,year_difference,PARTIAL,,1.212183053462653,,True,True,False,3.0098390431332254,Linao,56.17908890337824,Medium,Medium,Medium,eroding,Low,Medium,True,medium,1.212183053462653,configured (lower bound),True,54.84638067640865,raster_clean
S1-0063,S1,63,3125.0,350721.67812743044,2032266.6452185146,0.5026074481861658,0.8645147500348335,443.866,600,,,,-107.457,107.457,-3.0702,445.401,375.376,337.944,380.927,337.944,5,-2.324095121951219,1.1595063453691898,0.5725005141383266,-6.014161806724412,1.365971562821974,,,35.0,year_difference,PARTIAL,,1.212183053462653,,True,True,False,3.059299391201372,Linao,52.76257926034718,Medium,Medium,Medium,eroding,Low,Medium,True,medium,1.212183053462653,configured (lower bound),True,53.30704606052987,raster_clean
S1-0064,S1,64,3175.0,350764.9038649322,2032241.5148461051,0.5026074481861658,0.8645147500348335,443.866,600,,,,-103.036,103.036,-2.9438857142857144,438.273,366.023,335.237,403.927,335.237,5,-1.8038634146341466,1.4832495807043145,0.3302130635929974,-6.524225562560201,2.916498733291908,,,35.0,year_difference,PARTIAL,,1.212183053462653,,True,True,False,3.108759739269605,Linao,50.75706884599453,Medium,Medium,Low,eroding,Low,Medium,True,medium,1.212183053462653,configured (lower bound),False,53.51277086407657,raster_clean
S1-0065,S1,65,3225.0,350808.1456162811,2032216.3751640893,0.5025713700744059,0.8645357239475616,443.866,600,,,,-107.459,107.459,-3.070257142857143,437.085,363.79,329.626,398.135,329.626,5,-1.9458512195121953,1.4914677197187056,0.36199063979479673,-6.692367153580906,2.8006647145565156,,,35.0,year_difference,PARTIAL,,1.212183053462653,,True,True,False,3.158238410756559,Linao,44.447696841436525,Medium,Medium,Low,eroding,Low,Medium,True,medium,1.212183053462653,configured (lower bound),False,54.75400570231488,raster_clean
S1-0066,S1,66,3275.0,350856.0123059451,2032188.8463921035,0.4923723026318613,0.8703846940295991,443.866,600,,,,-107.844,119.22499999999997,-3.0812571428571425,443.443,358.336,324.218,400.306,335.599,5,-1.8942353658536588,1.6573562226295147,0.3033429649892352,-7.16868255309992,3.380211821392603,,,35.0,year_difference,PARTIAL,,1.212183053462653,,True,True,False,3.212898038231983,Linao,43.14427701227715,Medium,Medium,Low,eroding,Low,Medium,True,medium,1.212183053462653,configured (lower bound),False,56.29612112457256,raster_clean
S1-0067,S1,67,3325.0,350905.6526351305,2032161.2640920188,0.47900223944299913,0.8778136787545474,443.866,600,,,,-113.14499999999998,134.81900000000002,-3.232714285714285,453.88,362.41,319.061,405.759,340.735,5,-2.0137073170731705,1.836337780421481,0.2861403657299878,-7.857753701628398,3.8303390674820568,,,35.0,year_difference,PARTIAL,,1.212183053462653,,True,True,False,3.269224905477103,Linao,45.85029912893154,Medium,Medium,Medium,eroding,Medium,Medium,False,high,1.212183053462653,configured (lower bound),True,56.34194539930007,raster_clean
S1-0068,S1,68,3375.0,350955.7100336865,2032134.443857038,0.4655179604970333,0.8850384333206567,443.866,600,,,,-108.93100000000004,108.93100000000004,-3.112314285714287,454.062,345.733,345.733,412.86,345.131,5,-1.6213243902439034,1.800096703873885,0.21285414693963534,-7.350035494640729,4.107386714152923,,,35.0,year_difference,PARTIAL,,1.212183053462653,,True,True,False,3.32565680614192,Linao,49.68519072641597,Medium,Medium,Low,eroding,Low,Medium,True,medium,1.212183053462653,configured (lower bound),False,55.87632581806828,raster_clean
S1-0069,S1,69,3425.0,351006.1500284095,2032108.4033700489,0.45197373167723637,0.8920312471397812,443.866,600,,,,-99.916,99.916,-2.854742857142857,438.326,348.782,348.782,414.494,338.41,5,-1.3956780487804874,1.6439352023465514,0.1937168629516447,-6.627413559614094,3.8360574620531196,,,35.0,year_difference,PARTIAL,,1.212183053462653,,True,True,False,3.3821551688475067,Linao,47.02063834589337,Medium,Medium,Low,eroding,Low,Medium,True,medium,1.212183053462653,configured (lower bound),False,55.50030011313869,raster_clean
S1-0070,S1,70,3475.0,351052.2050054996,2032085.2444943527,0.4488560839647635,0.893604059910102,443.866,600,,,,-87.726,87.726,-2.5064571428571427,440.043,352.317,352.317,418.112,352.317,5,-1.1500597560975607,1.5909462988939032,0.14834479769609765,-6.2131609269172525,3.9130414147221306,,,35.0,year_difference,PARTIAL,,1.212183053462653,,True,True,False,3.433512936811391,Linao,53.0949450894054,Medium,Medium,Low,eroding,Low,Medium,True,medium,1.212183053462653,configured (lower bound),False,54.37789237790179,raster_clean
S1-0071,S1,71,3525.0,351096.8852084951,2032062.8016901545,0.4488560839647635,0.893604059910102,443.866,600,,,,-87.72700000000003,87.72700000000003,-2.506485714285715,421.747,354.628,354.628,421.123,334.02,5,-1.0652975609756103,1.544275996620376,0.1369077370368469,-5.979873000758442,3.8492778788072215,,,35.0,year_difference,PARTIAL,,1.212183053462653,,True,True,False,3.4833284638416053,Linao,48.13304686981392,Medium,Medium,Low,eroding,Low,Medium,True,medium,1.212183053462653,configured (lower bound),False,54.122849445481926,raster_clean
S1-0072,S1,72,3575.0,351141.56541149056,2032040.3588859562,0.4488560839647635,0.893604059910102,443.866,600,,,,-99.74399999999997,99.74399999999997,-2.8498285714285707,445.755,379.259,359.587,445.755,346.011,5,-1.321473170731707,1.7601724305326447,0.1581654933989326,-6.923127418942566,4.280181077479152,,,35.0,year_difference,PARTIAL,,1.212183053462653,,True,True,False,3.5331439908718187,Linao,67.00406977031149,Medium,Medium,Low,eroding,Low,Medium,True,medium,1.212183053462653,configured (lower bound),False,54.51749333996085,raster_clean
S1-0073,S1,73,3625.0,351186.24561448605,2032017.916081758,0.4488560839647635,0.893604059910102,443.866,600,,,,-109.65899999999999,109.65899999999999,-3.1331142857142855,450.949,370.643,370.643,429.017,341.29,5,-1.6504243902439024,1.5739364698690403,0.2682132171883893,-6.659392693529911,3.358543913042107,,,35.0,year_difference,PARTIAL,,1.212183053462653,,True,True,False,3.582959517902033,Linao,65.06875516027144,Medium,Medium,Low,eroding,Low,Medium,True,medium,1.212183053462653,configured (lower bound),False,54.77164582247923,raster_clean
S1-0074,S1,74,3675.0,351230.9258174816,2031995.4732775597,0.4488560839647635,0.893604059910102,443.866,600,,,,-92.55700000000002,92.55700000000002,-2.6444857142857146,454.584,366.858,366.858,428.523,362.027,5,-1.2997256097560976,1.5561349974176035,0.188663741440804,-6.252041682810422,3.6525904632982265,,,35.0,year_difference,PARTIAL,,1.212183053462653,,True,True,False,3.632775044932301,Linao,52.28493895504427,Medium,Medium,Low,eroding,Low,Medium,True,medium,1.212183053462653,configured (lower bound),False,54.65841619194147,raster_clean
S1-0075,S1,75,3725.0,351275.6060204771,2031973.0304733613,0.4488560839647635,0.893604059910102,443.866,600,,,,-99.74400000000003,99.74400000000003,-2.849828571428572,453.156,386.66,353.412,436.288,353.412,5,-1.5643073170731712,1.6375100915416816,0.23324467159786644,-6.775595257764781,3.646980623618439,,,35.0,year_difference,PARTIAL,,1.212183053462653,,True,True,False,3.682590571962601,Linao,29.984926068636618,Medium,Medium,Low,eroding,Low,Medium,True,medium,1.212183053462653,configured (lower bound),False,54.020423754942406,raster_clean
S1-0076,S1,76,3775.0,351320.28622347256,2031950.587669163,0.4488560839647635,0.893604059910102,443.866,600,,,,-92.34300000000002,92.34300000000002,-2.6383714285714293,444.54,374.129,374.129,439.924,352.197,5,-1.1768000000000007,1.5643916709059782,0.15868986645807848,-6.1553924930913375,3.8017924930913356,,,35.0,year_difference,PARTIAL,,1.212183053462653,,True,True,False,3.7324060989928154,Linao,7.314399676760971,Medium,Medium,Low,eroding,Low,Medium,True,medium,1.212183053462653,configured (lower bound),False,54.37639237365909,raster_clean
S1-0077,S1,77,3825.0,351364.96642646805,2031928.1448649648,0.4488560839647635,0.893604059910102,443.866,600,,,,-87.72699999999998,87.72699999999998,-2.5064857142857138,443.56,369.428,355.833,435.925,355.833,5,-1.1075073170731702,1.6512598939292473,0.13039556854519108,-6.362553265571471,4.14753863142513,,,35.0,year_difference,PARTIAL,,1.212183053462653,,True,True,False,3.7822216260230292,Linao,0.0,Medium,Medium,Low,eroding,Low,Medium,True,medium,1.212183053462653,configured (lower bound),False,53.87969328305615,raster_clean
S1-0078,S1,78,3875.0,351409.6466294636,2031905.7020607665,0.4488560839647635,0.893604059910102,443.866,600,,,,-123.019,123.019,-3.5148285714285716,460.557,360.813,360.813,447.196,337.538,5,-1.6064914634146337,2.06914920215743,0.16731430623142207,-8.191447696901278,4.97846477007201,,,35.0,year_difference,PARTIAL,,1.212183053462653,,True,True,False,3.832037153053297,Linao,0.0,Medium,Medium,Low,eroding,Medium,Medium,False,high,1.212183053462653,configured (lower bound),False,54.20035551368409,raster_clean
S1-0079,S1,79,3925.0,351454.3268324591,2031883.2592565683,0.4488560839647635,0.893604059910102,443.866,600,,,,-98.63400000000001,99.74400000000003,-2.818114285714286,450.832,363.106,385.037,451.942,352.198,5,-1.0270670731707319,1.8351825852662778,0.09453437685100163,-6.8674371111724,4.813302964830937,,,35.0,year_difference,PARTIAL,,1.212183053462653,,True,True,False,3.881852680083511,Linao,0.0,Medium,Medium,Low,eroding,Low,Medium,True,medium,1.212183053462653,configured (lower bound),False,54.517383604021234,raster_clean
S1-0080,S1,80,3975.0,351499.00703545456,2031860.81645237,0.4488560839647635,0.893604059910102,443.866,600,,,,-98.51600000000002,109.65700000000004,-2.814742857142858,443.327,366.742,376.83,454.468,344.811,5,-1.0133378048780493,1.875443765982066,0.08868453308163993,-6.981836888695038,4.955161278938939,,,35.0,year_difference,PARTIAL,,1.212183053462653,,True,True,False,3.931668207113725,Linao,0.0,Medium,Medium,Low,eroding,Low,Medium,True,medium,1.212183053462653,configured (lower bound),False,54.77157221173165,raster_clean
S1-0081,S1,81,4025.0,351543.68723845005,2031838.3736481718,0.4488560839647635,0.893604059910102,443.866,600,,,,-89.89000000000004,89.89000000000004,-2.5682857142857154,458.105,368.215,401.464,458.105,368.215,5,-0.8364280487804882,1.7595231581675796,0.07004961090976491,-6.436016022552023,4.763159924991047,,,35.0,year_difference,PARTIAL,,1.212183053462653,,True,True,False,3.9814837341439393,Linao,0.0,Medium,Medium,Low,eroding,Low,Medium,True,medium,1.212183053462653,configured (lower bound),False,54.73600746376705,raster_clean
S1-0082,S1,82,4075.0,351588.3674414456,2031815.9308439735,0.4488560839647635,0.893604059910102,443.866,600,,,,-80.20999999999998,99.745,-2.291714285714285,439.81,359.6,395.947,459.345,359.6,5,-0.47615609756097516,1.8213490373739152,0.022274503138525747,-6.272501612183629,5.3201894170616795,,,35.0,year_difference,PARTIAL,,1.212183053462653,,True,True,False,4.031299261174207,Linao,0.0,Medium,Medium,Low,eroding,Low,Medium,True,medium,1.212183053462653,configured (lower bound),False,54.771937011721,raster_clean
S1-0083,S1,83,4125.0,351633.0476444411,2031793.4880397753,0.4488560839647635,0.893604059910102,443.866,600,,,,-66.49600000000004,81.144,-1.8998857142857153,450.73,384.234,417.482,465.378,384.234,5,-0.4116975609756105,1.4854876213722052,0.024964209400445303,-5.139182153156268,4.315787031205048,,,35.0,year_difference,PARTIAL,,1.212183053462653,,True,True,False,4.081114788204421,Linao,0.0,Low,Low,Low,eroding,Low,Medium,True,medium,1.212183053462653,configured (lower bound),True,55.73875960354644,raster_clean
S1-0084,S1,84,4175.0,351677.72784743656,2031771.045235577,0.4488560839647635,0.893604059910102,443.866,600,,,,-38.216999999999985,94.07499999999999,-1.0919142857142852,447.084,381.289,442.116,475.364,408.867,5,0.3497500000000001,1.4554573481125421,0.018884921155402856,-4.282164859998783,4.981664859998784,,,35.0,year_difference,PARTIAL,,1.212183053462653,,False,True,False,4.130930315234636,Linao,0.0,Low,Low,Low,eroding,Low,Medium,True,medium,1.212183053462653,configured (lower bound),True,55.73875960448618,raster_clean
S1-0085,S1,85,4225.0,351722.40805043204,2031748.6024313788,0.4488560839647635,0.893604059910102,443.866,600,,,,-17.220000000000027,115.07099999999997,-0.49200000000000077,450.721,384.927,499.998,472.652,433.501,5,0.7404195121951211,1.6937417967866386,0.05988538554842682,-4.649822811093105,6.130661835483347,,,35.0,year_difference,PARTIAL,,1.212183053462653,,False,True,False,4.180745842264849,Linao,0.0,Low,Low,Low,eroding,Low,Low,False,high,1.212183053462653,configured (lower bound),True,55.62917302625688,raster_clean
S1-0086,S1,86,4275.0,351767.0882534276,2031726.1596271805,0.4488560839647635,0.893604059910102,443.866,600,,,,0.0,136.06799999999993,0.0,454.358,388.564,524.632,476.29,454.358,5,1.102039024390244,1.8711434678334882,0.10364290500575213,-4.852774591472184,7.056852640252672,,,35.0,year_difference,PARTIAL,,1.212183053462653,,False,True,False,4.230561369295118,Linao,0.0,Low,Low,Low,stable,Low,Low,False,high,1.212183053462653,configured (lower bound),True,54.7719441273953,raster_clean
S1-0087,S1,87,4325.0,351811.7684564231,2031703.7168229823,0.4488560839647635,0.893604059910102,443.866,600,,,,0.0,166.24199999999996,0.0,449.521,383.024,549.266,482.769,449.521,5,1.2974951219512194,2.317443326832719,0.09460420517950141,-6.077643831231951,8.67263407513439,,,35.0,year_difference,PARTIAL,,1.212183053462653,,False,True,False,4.280376896325332,Linao,0.0,Low,Low,Low,stable,Low,Low,False,high,1.212183053462653,configured (lower bound),True,68.55347256786095,raster_clean
S1-0088,S1,88,4375.0,351856.44865941856,2031681.274018784,0.4488560839647635,0.893604059910102,443.866,600,,,,65.79399999999998,178.06099999999998,1.879828571428571,439.702,395.839,573.9,505.496,505.496,5,2.8114670731707307,2.2323598139974647,0.345853085123616,-4.292898168949327,9.915832315290787,,,35.0,year_difference,PARTIAL,,1.212183053462653,,True,True,False,4.3301924233555456,Linao,0.0,Low,Low,Low,accreting,Low,Low,False,high,1.212183053462653,configured (lower bound),True,68.49895236258224,raster_clean
S1-0089,S1,89,4425.0,351901.12886241404,2031658.8312145858,0.4488560839647635,0.893604059910102,443.866,600,,,,66.49700000000001,232.73900000000003,1.899914285714286,432.292,399.044,631.783,498.789,498.789,5,2.797734146341463,3.2144765760896803,0.20160040837232618,-7.4321649566561625,13.02763324933909,,,35.0,year_difference,PARTIAL,,1.212183053462653,,True,True,False,4.380007950385759,Linao,0.0,Low,Low,Low,accreting,Low,Low,False,high,1.212183053462653,configured (lower bound),True,68.55485864696549,raster_clean
S1-0090,S1,90,4475.0,351945.8090654096,2031636.3884103876,0.4488560839647635,0.893604059910102,443.866,600,,,,109.695,265.988,3.134142857142857,446.978,390.43,656.418,490.84,556.673,5,3.604846341463414,3.5830238849238176,0.2522839215719974,-7.797934782855666,15.007627465782495,,,35.0,year_difference,PARTIAL,,1.212183053462653,,True,True,False,4.429823477416027,Linao,0.0,Low,Low,Low,accreting,Low,Low,False,high,1.212183053462653,configured (lower bound),True,68.81126650479617,raster_clean
S1-0091,S1,91,4525.0,351990.76930592087,2031613.8109898365,0.44823052931748286,0.8939180010424721,443.866,600,,,,111.99100000000004,263.243,3.1997428571428586,448.306,406.738,669.981,494.486,560.297,5,3.5312475609756104,3.6308702408754843,0.23971283055450188,-8.02380202206314,15.08629714401436,,,35.0,year_difference,PARTIAL,,1.212183053462653,,True,True,False,4.479948987964226,Linao,0.0,Low,Low,Low,accreting,Low,Low,False,high,1.212183053462653,configured (lower bound),True,54.55491628851473,raster_clean
S1-0092,S1,92,4575.0,352036.4153845371,2031590.9894695568,0.44614851787402116,0.894958937604857,443.866,600,,,,132.79699999999997,245.36,3.794199999999999,439.607,406.408,651.768,506.006,572.404,5,4.104991463414633,3.2347111498907837,0.34930757398272916,-6.189303084215306,14.399286011044572,,,35.0,year_difference,PARTIAL,,1.212183053462653,,True,True,False,4.53080196587342,Linao,0.0,Low,Low,Low,accreting,Low,Low,False,high,1.212183053462653,configured (lower bound),True,54.20817717045792,raster_clean
S1-0093,S1,93,4625.0,352082.11447265284,2031568.2742582557,0.4440640653450489,0.8959950367436351,443.866,600,,,,131.848,249.281,3.767085714285715,435.637,413.662,662.943,523.536,567.485,5,4.270168292682926,3.26166635338489,0.36359784612492063,-6.1099097427150015,14.650246328080854,,,35.0,year_difference,PARTIAL,,1.212183053462653,,True,True,False,4.581664792010463,Linao,0.0,Low,Low,Low,accreting,Low,Low,False,high,1.212183053462653,configured (lower bound),True,54.37283527032322,raster_clean
S1-0094,S1,94,4675.0,352127.8663077474,2031545.665486818,0.44197721693643843,0.8970262759301538,443.866,600,,,,132.49700000000007,258.963,3.7856285714285733,455.044,421.92,680.883,521.293,587.541,5,4.11298292682927,3.4643867573198395,0.3196487478420674,-6.912241909077059,15.138207762735599,,,35.0,year_difference,PARTIAL,,1.212183053462653,,True,True,False,4.632537174044434,Linao,0.0,Low,Low,Low,accreting,Low,Low,False,high,1.212183053462653,configured (lower bound),True,54.75165102935376,raster_clean
S1-0095,S1,95,4725.0,352173.3880698901,2031523.2958490432,0.44051928902493787,0.8977431458925005,443.866,600,,,,132.04299999999995,231.688,3.7726571428571414,464.17,446.025,677.713,545.32,596.213,5,4.1246170731707315,3.0317417681934153,0.38155800746619506,-5.523738315590699,13.772972461932163,,,35.0,year_difference,PARTIAL,,1.212183053462653,,True,True,False,4.683107256395611,Linao,0.0,Low,Low,Low,accreting,Low,Low,False,high,1.212183053462653,configured (lower bound),True,54.48811100040993,raster_clean
S1-0096,S1,96,4775.0,352218.2752271848,2031501.2698845922,0.44051928902493787,0.8977431458925005,443.866,600,,,,132.043,198.06399999999996,3.772657142857143,467.355,470.085,665.419,536.281,599.398,5,3.712643902439024,2.6927780857684724,0.387870920013359,-4.856977767563786,12.282265572441833,,,35.0,year_difference,PARTIAL,,1.212183053462653,,True,True,False,4.732960565313746,Linao,0.0,Low,Low,Low,accreting,Low,Low,False,high,1.212183053462653,configured (lower bound),True,53.95455873220041,raster_clean
S1-0097,S1,97,4825.0,352263.16238447954,2031479.243920141,0.44051928902493787,0.8977431458925005,443.866,600,,,,119.53000000000003,185.551,3.415142857142858,461.046,470.54,646.597,536.562,580.576,5,3.467391463414635,2.4039686206185773,0.4094960487612469,-4.183109591290928,11.117892518120197,,,35.0,year_difference,PARTIAL,,1.212183053462653,,True,True,False,4.782813874231966,Linao,0.0,Low,Low,Low,accreting,Low,Low,False,high,1.212183053462653,configured (lower bound),True,53.95461911606375,raster_clean
S1-0098,S1,98,4875.0,352308.0495417742,2031457.2179556899,0.44051928902493787,0.8977431458925005,443.866,600,,,,131.753,197.77500000000003,3.7643714285714283,452.008,485.106,649.783,551.303,583.761,5,3.780714634146341,2.3017894802505356,0.4734849216189785,-3.544606792817882,11.106036061110563,,,35.0,year_difference,PARTIAL,,1.212183053462653,,True,True,False,4.832667183150047,Linao,0.0,Low,Low,Low,accreting,Low,Low,False,high,1.212183053462653,configured (lower bound),True,53.95444296680337,raster_clean
S1-0099,S1,99,4925.0,352352.93669906893,2031435.1919912389,0.44051928902493787,0.8977431458925005,443.866,600,,2010,,88.87200000000007,254.36400000000003,2.539200000000002,476.068,509.166,310.576,542.933,564.94,5,2.065967073170733,3.890958917397396,0.08590231263629977,-10.316800757511306,14.44873490385277,,,35.0,year_difference,PARTIAL,,1.212183053462653,,True,True,True,4.88252049206818,Linao,0.0,Low,Low,Low,accreting,Low,Low,False,medium,1.212183053462653,configured (lower bound),True,50.000000000047635,raster_clean
S1-0112,S1,112,5575.0,352833.43278595,2031190.8722187567,0.6393450994855647,0.7689199202542443,443.866,600,crossing,,,-166.015,193.53500000000003,-4.743285714285714,452.402,479.922,375.348,327.891,286.387,5,-5.305603658536585,1.2009388592150492,0.8667712535645731,-9.127527093917148,-1.4836802231560209,,,35.0,year_difference,PARTIAL,,1.212183053462653,,True,False,True,5.419341845262645,Linao,40.75115886408202,Medium,,High,eroding,Medium,High,True,low,1.212183053462653,configured (lower bound),False,50.00000000014877,raster_clean
S1-0113,S1,113,5625.0,352910.9695276233,2031133.015810735,0.5548917525052715,0.8319225582959202,443.866,600,crossing,,,-169.14599999999996,211.43199999999996,-4.832742857142856,443.631,485.917,359.058,295.628,274.485,5,-5.853068292682926,1.4986732494198443,0.8356428239221305,-10.622515438126637,-1.0836211472392145,,,35.0,year_difference,PARTIAL,,1.212183053462653,,True,False,True,5.5127965493508615,Linao,45.74270137141299,Medium,,High,eroding,Medium,High,True,low,1.212183053462653,configured (lower bound),False,83.56023139129465,raster_clean
S1-0114,S1,114,5675.0,352988.45471297024,2031086.6480402774,0.47710727661305563,0.8788450640487624,443.866,600,crossing,,,-223.985,260.271,-6.399571428571429,436.184,472.47,320.646,277.267,212.199,5,-7.041413414634147,1.6522342661329452,0.8582400377837145,-12.299560250352076,-1.7832665789162174,,,35.0,year_difference,PARTIAL,,1.212183053462653,,True,False,True,5.6019467144758055,Linao,42.94718918727024,High,,High,eroding,High,High,False,low,1.212183053462653,configured (lower bound),False,73.75441721101697,raster_clean
S1-0115,S1,115,5725.0,353026.29163881164,2031065.952279982,0.49065697071726494,0.8713528200944535,443.866,600,,,,-258.978,258.978,-7.3993714285714285,456.096,456.096,267.339,218.699,197.118,5,-8.468014634146341,1.6098036471974648,0.9021862167746318,-13.59112830340215,-3.344900964890532,,,35.0,year_difference,PARTIAL,,1.212183053462653,,True,True,False,5.64475871330434,Linao,41.3558410520095,High,High,High,eroding,High,High,False,high,1.212183053462653,configured (lower bound),True,32.29074242960696,raster_clean
S1-0111,S1,111,5525.0,352770.461266144,2031248.1341542264,0.6981542632515516,0.7159473616849796,443.866,600,crossing,"2000,2020,2025",,-268.68,268.68,-7.676571428571429,436.149,167.469,394.243,167.469,167.469,5,-5.9489585365853666,4.3007168982364625,0.38942177421678126,-19.635759139449206,7.737842066278472,,,35.0,year_difference,PARTIAL,,1.212183053462653,,True,False,True,5.339635993466579,Linao,0.0,High,,High,eroding,High,High,False,low,1.212183053462653,configured (lower bound),False,39.10980811973002,raster_clean
S1-0110,S1,110,5475.0,352749.67353775835,2031267.7166367853,0.662773675842262,0.7488197744521282,443.866,600,crossing,"1990,2000,2020,2025",,0.0,233.811,0.0,169.754,169.754,403.565,169.754,169.754,5,0.28513536585365845,4.2131906295833685,0.001524390243902607,-13.123117586719871,13.69338831842719,,,35.0,year_difference,PARTIAL,,1.212183053462653,,False,False,True,5.313072256830796,Linao,0.0,Low,,Low,stable,Low,Low,False,low,1.212183053462653,configured (lower bound),False,21.257563353450152,raster_clean
S1-0109,S1,109,5425.0,352767.6541732512,2031255.3739564077,0.533518797217995,0.8457882081319554,443.866,600,crossing,"1990,2000,2020,2025",,0.0,255.311,0.0,169.821,169.821,425.132,169.821,169.821,5,0.31135487804878065,4.600612943058962,0.00152439024390294,-14.32984878462962,14.95255854072718,,,35.0,year_difference,PARTIAL,,1.212183053462653,,False,False,True,5.334346268211167,Linao,0.0,Low,,Low,stable,Low,Low,False,low,1.212183053462653,configured (lower bound),False,4.416164914716646,raster_clean
S1-0108,S1,108,5375.0,352790.7697249214,2031242.4498802107,0.3805860621765934,0.9247455051401515,443.866,600,crossing,"1990,2000,2020,2025",,0.0,293.99699999999996,0.0,171.741,171.741,465.738,171.741,171.741,5,0.35853292682926813,5.297720832320214,0.0015243902439024959,-16.501179162412722,17.21824501607126,,,35.0,year_difference,PARTIAL,,1.212183053462653,,False,False,True,5.360605149329384,Linao,0.0,Low,,Low,stable,Low,Low,False,low,1.212183053462653,configured (lower bound),False,19.27621262203384,raster_clean
S1-0107,S1,107,5325.0,352772.4926187881,2031248.8163840408,0.31589108104577807,0.9487954599995353,443.866,600,crossing,"1990,2000,2010,2020,2025",,0.0,23.40299999999999,0.0,187.898,187.898,164.495,187.898,187.898,5,-0.028540243902439016,0.42171369312880747,0.0015243902439010526,-1.3706214284877596,1.3135409406828817,,,35.0,year_difference,PARTIAL,,1.212183053462653,,False,False,True,5.341269999087626,Linao,0.0,Low,,Low,stable,Low,Low,False,low,1.212183053462653,configured (lower bound),False,43.78943537806424,raster_clean
S1-0106,S1,106,5275.0,352732.4545607276,2031261.7505773345,0.29890353428723904,0.9542833317157947,443.866,600,crossing,"1990,2000,2010,2020,2025",,0.0,0.0,0.0,213.06,213.06,213.06,213.06,213.06,5,0.0,0.0,,0.0,0.0,,,35.0,year_difference,PARTIAL,,1.212183053462653,,False,False,True,5.2992892618078615,Linao,0.0,Low,,Low,stable,Low,Low,False,low,1.212183053462653,configured (lower bound),False,65.83825889350834,raster_clean
S1-0105,S1,105,5225.0,352643.8193724255,2031293.764378153,0.3924762057693024,0.9197621583349318,443.866,600,crossing,"1990,2000,2010,2020,2025",,-22.48600000000002,22.48600000000002,-0.6424571428571434,271.745,249.259,249.259,249.259,249.259,5,-0.5210170731707322,0.2719247479004489,0.5503048780487757,-1.3864029824417194,0.34436883610025504,,,35.0,year_difference,PARTIAL,,1.212183053462653,,False,False,True,5.205100940586365,Linao,0.0,Low,,Low,eroding,Low,Low,False,low,1.212183053462653,configured (lower bound),False,58.4943818850619,raster_clean
S2-0006,S2,6,275.0,352581.26171795983,2031423.8987868347,0.729310124304293,0.6841832668132544,195.482,600,crossing,"1990,2000,2010,2020,2025",,-20.59700000000001,20.59700000000001,-0.5884857142857145,205.345,184.748,184.748,184.748,184.748,5,-0.47724756097561,0.24908094069667905,0.5503048780487787,-1.2699342804123466,0.3154391584611265,,,35.0,year_difference,PARTIAL,,1.212183053462653,,False,False,True,5.0987795385548145,Linao,0.0,Low,,Low,eroding,Low,Low,False,low,1.212183053462653,configured (lower bound),False,32.19968312084297,raster_clean
S1-0104,S1,104,5175.0,352577.37248554244,2031325.0621689833,0.44051928902493787,0.8977431458925005,443.866,600,,"1990,2000,2010,2020,2025",,-22.007000000000005,22.007000000000005,-0.6287714285714288,294.778,272.771,272.771,272.771,272.771,5,-0.509918292682927,0.26613216788424604,0.5503048780487786,-1.3568696270832892,0.3370330417174352,,,35.0,year_difference,PARTIAL,,1.212183053462653,,False,True,True,5.131787036658917,Linao,0.0,Low,Low,Low,eroding,Low,Low,False,medium,1.212183053462653,configured (lower bound),True,24.993101042302268,raster_clean
S2-0005,S2,5,225.0,352547.2240899779,2031460.1816783606,0.7284326247992429,0.6851174433103316,195.482,600,crossing,"1990,2000,2010,2020,2025",,-20.596000000000004,20.596000000000004,-0.588457142857143,205.288,184.692,184.692,184.692,184.692,5,-0.4772243902439025,0.24906884762775064,0.5503048780487823,-1.2698726241381082,0.3154238436503033,,,35.0,year_difference,PARTIAL,,1.212183053462653,,False,False,True,5.053721252438985,Linao,0.0,Low,,Low,eroding,Low,Low,False,low,1.212183053462653,configured (lower bound),False,26.71249726638911,raster_clean
S1-0103,S1,103,5125.0,352532.4853282477,2031347.0881334343,0.44051928902493787,0.8977431458925005,443.866,600,,"1990,2000,2010,2020,2025",,-22.007000000000005,22.007000000000005,-0.6287714285714288,313.599,291.592,291.592,291.592,291.592,5,-0.509918292682927,0.26613216788424604,0.5503048780487786,-1.3568696270832892,0.3370330417174352,,,35.0,year_difference,PARTIAL,,1.212183053462653,,False,True,True,5.0819337277407834,Linao,0.0,Low,Low,Low,eroding,Low,Low,False,medium,1.212183053462653,configured (lower bound),True,24.384875974614577,raster_clean
S2-0004,S2,4,175.0,352530.73186576535,2031476.2418951297,0.6273432076064055,0.7787428971554773,195.482,600,crossing,"1990,2000,2010,2020,2025",,-20.793999999999983,20.793999999999983,-0.5941142857142853,208.283,187.489,187.489,187.489,187.489,5,-0.48181219512195084,0.251463275275367,0.5503048780487794,-1.2820805664365824,0.31845617619268074,,,35.0,year_difference,PARTIAL,,1.212183053462653,,False,False,True,5.0324523366076725,Linao,0.0,Low,,Low,eroding,Low,Low,False,low,1.212183053462653,configured (lower bound),False,26.712497267233157,raster_clean
S1-0102,S1,102,5075.0,352487.59817095305,2031369.1140978856,0.44051928902493787,0.8977431458925005,443.866,600,,"1990,2000,2010,2020,2025",,-6.146000000000015,6.146000000000015,-0.17560000000000042,316.559,310.413,310.413,310.413,310.413,5,-0.14240731707317109,0.07432400162750903,0.5503048780487722,-0.37893946144653745,0.09412482730019531,,,35.0,year_difference,PARTIAL,,1.212183053462653,,False,True,True,5.032080418822616,Linao,0.0,Low,Low,Low,eroding,Low,Low,False,medium,1.212183053462653,configured (lower bound),True,25.410330671431524,raster_clean
S2-0003,S2,3,125.0,352517.6810348306,2031485.0146824499,0.481983817034363,0.8761801185355587,195.482,600,crossing,"1990,2000,2010,2020,2025",,0.0,6.666999999999973,0.0,198.884,198.884,192.217,198.884,198.884,5,-0.008130487804878015,0.12013695646240889,0.0015243902438963897,-0.39045990102670086,0.3741989254169448,,,35.0,year_difference,PARTIAL,,1.212183053462653,,False,False,True,5.017079948727274,Linao,0.0,Low,,Low,stable,Low,Low,False,low,1.212183053462653,configured (lower bound),False,26.799951408874467,raster_clean
S1-0101,S1,101,5025.0,352442.7110136583,2031391.1400623366,0.44051928902493787,0.8977431458925005,443.866,600,,"1990,2000,2010,2020,2025",,0.0,18.37099999999998,0.0,325.597,325.597,307.226,325.597,325.597,5,-0.022403658536585342,0.3310388521330302,0.0015243902439040502,-1.075917030412707,1.0311097133395362,,,35.0,year_difference,PARTIAL,,1.212183053462653,,False,True,True,4.982227109904482,Linao,0.0,Low,Low,Low,stable,Low,Low,False,medium,1.212183053462653,configured (lower bound),True,27.61154866061172,raster_clean
S2-0002,S2,2,75.0,352500.71120041626,2031492.415186342,0.3353268491276633,0.9421018545009415,195.482,600,crossing,"1990,2000,2010,2020,2025",,0.0,5.186999999999983,0.0,202.909,202.909,197.722,202.909,202.909,5,-0.006325609756097541,0.09346788558129802,0.0015243902439016077,-0.30378213688697975,0.2911309173747847,,,35.0,year_difference,PARTIAL,,1.212183053462653,,False,False,True,4.9985759227462205,Linao,0.0,Low,,Low,stable,Low,Low,False,low,1.212183053462653,configured (lower bound),False,27.15423372556109,raster_clean
S1-0100,S1,100,4975.0,352397.8238563636,2031413.1660267876,0.44051928902493787,0.8977431458925005,443.866,600,,"1990,2000,2010,2020,2025",,22.007000000000005,22.007000000000005,0.6287714285714288,304.04,326.047,304.04,304.04,326.047,5,0.1878646341463415,0.4737968501297172,0.04979674796747957,-1.3199684010040356,1.6956976692967185,,,35.0,year_difference,PARTIAL,,1.212183053462653,,False,True,True,4.932373800986348,Linao,0.0,Low,Low,Low,accreting,Low,Low,False,medium,1.212183053462653,configured (lower bound),True,29.63825942402389,raster_clean
S2-0001,S2,1,25.0,352482.2309186292,2031496.3575069248,0.1819819266811196,0.9833018754998017,195.482,600,crossing,"1990,2000,2010,2020,2025",,15.089000000000027,15.089000000000027,0.4311142857142865,206.003,221.092,206.003,206.003,221.092,5,0.1288085365853661,0.3248566670426373,0.049796747967477906,-0.9050303631912547,1.162647436361987,,,35.0,year_difference,PARTIAL,,1.212183053462653,,False,False,True,4.97995024062378,Linao,0.0,Low,,Low,accreting,Low,Low,False,low,1.212183053462653,configured (lower bound),False,27.997429123052434,raster_clean
S3-0001,S3,1,25.0,355352.4233156879,2030427.7720101683,-0.43215429716511133,0.9017996803291343,373.298,600,crossing,2020,,87.83499999999998,87.83499999999998,2.509571428571428,366.73,432.606,378.244,409.103,454.565,5,1.5732841463414633,1.1640986500596455,0.37843974600641106,-2.131397301526607,5.277965594209534,,,35.0,year_difference,PARTIAL,,1.212183053462653,,True,False,True,8.041788307013322,Punta,0.0,Low,,Low,accreting,Low,Low,False,low,1.212183053462653,configured (lower bound),False,68.61003681804578,raster_clean
S3-0002,S3,2,75.0,355268.48028837197,2030399.742241845,-0.07522189658326696,0.9971668196818505,373.298,600,crossing;sharp_bend,2020,,88.78899999999999,327.77,2.536828571428571,369.788,458.577,369.788,130.807,458.577,5,-2.4478878048780492,5.227011569172147,0.06812587495622124,-19.082571460865143,14.186795851109043,,,35.0,year_difference,PARTIAL,,1.212183053462653,,True,False,True,7.9742049254876415,Punta,0.0,Low,,Medium,accreting,Low,Low,False,low,1.212183053462653,configured (lower bound),False,81.75944204374396,raster_clean
S3-0003,S3,3,125.0,355241.10312364274,2030401.7134530342,0.13176863516884285,0.9912804985400149,373.298,600,crossing,2020,,60.56400000000002,299.71000000000004,1.7304000000000006,369.174,429.738,369.622,130.028,429.738,5,-2.6904999999999997,4.763797130483878,0.09610704467030795,-17.851028577029545,12.470028577029547,,,35.0,year_difference,PARTIAL,,1.212183053462653,,True,False,True,7.948045879368286,Punta,0.0,Low,,Medium,accreting,Low,Low,False,low,1.212183053462653,configured (lower bound),False,70.61421969660934,raster_clean
S3-0004,S3,4,175.0,355235.1573853505,2030401.733004242,0.27795838356813324,0.9605931173000306,373.298,600,crossing;start_not_on_land,,,61.964,92.945,1.7704,350.026,442.971,381.008,442.971,411.99,5,1.4735317073170733,1.3890691483042046,0.2727814955371888,-2.9471062714872294,5.894169686121376,,,35.0,year_difference,PARTIAL,,1.212183053462653,,True,False,True,7.9425160637660825,Punta,0.0,Low,,Low,accreting,Low,Low,False,low,1.212183053462653,configured (lower bound),False,59.81189925621763,raster_clean
S3-0005,S3,5,225.0,355265.40451516275,2030391.8625465762,0.32439004602402544,0.9459234102402428,373.298,600,crossing,,,62.89799999999997,94.34799999999996,1.7970857142857133,365.48,450.928,381.059,459.828,428.378,5,1.5740768292682914,1.429800756254262,0.28774843236652903,-2.9761873047649363,6.124340963301519,,,35.0,year_difference,PARTIAL,,1.212183053462653,,True,False,True,7.974267563154548,Punta,0.0,Low,,Low,accreting,Low,Low,False,low,1.212183053462653,configured (lower bound),False,53.746208767648454,raster_clean
S3-0006,S3,6,275.0,355312.3468078582,2030375.7386567595,0.3253166850113698,0.9456051260717727,373.298,600,crossing,,,67.17399999999998,69.832,1.9192571428571423,377.98,445.154,382.234,447.812,445.154,5,1.5153951219512192,1.166483924035269,0.3600267768905586,-2.196877332267664,5.227667576170102,,,35.0,year_difference,PARTIAL,,1.212183053462653,,True,False,True,8.023842964515946,Punta,0.0,Low,,Low,accreting,Low,Low,False,low,1.212183053462653,configured (lower bound),False,52.229324826288554,raster_clean
S3-0007,S3,7,325.0,355383.3256111866,2030353.2340702657,0.2626549170100283,0.9648898354581497,373.298,600,crossing,,,78.57400000000001,109.42200000000003,2.244971428571429,349.794,459.216,397.52,459.216,428.368,5,1.858236585365854,1.5277409251941891,0.3302760910636686,-3.003716877449106,6.720190048180815,,,35.0,year_difference,PARTIAL,,1.212183053462653,,True,False,True,8.098108274243495,Punta,0.0,Low,,Low,accreting,Low,Low,False,low,1.212183053462653,configured (lower bound),False,48.225705901654706,raster_clean
S3-0008,S3,8,375.0,355469.7441298605,2030334.5496058557,0.16203692876552195,0.9867846947111801,373.298,600,crossing,,,90.56299999999999,120.75,2.587514285714285,346.894,467.644,407.269,467.644,437.457,5,2.135223170731707,1.6214868057193148,0.366292112509356,-3.025071523196008,7.295517864659422,,,35.0,year_difference,PARTIAL,,1.212183053462653,,True,False,True,8.185299040548125,Punta,0.0,Low,,Low,accreting,Low,Low,False,low,1.212183053462653,configured (lower bound),False,48.341097747729364,raster_clean
S3-0009,S3,9,425.0,355534.1120575091,2030325.653944787,0.12230428711343015,0.9924926505287964,373.298,600,,,,76.66000000000003,120.09300000000002,2.190285714285715,353.472,473.565,383.496,473.565,430.132,5,1.8253292682926834,1.8942570464880812,0.2363591875526453,-4.203042070560939,7.853700607146306,,,35.0,year_difference,PARTIAL,,1.212183053462653,,True,True,False,8.24838174071578,Punta,0.0,Low,Low,Low,accreting,Low,Low,False,high,1.212183053462653,configured (lower bound),True,53.82016542952716,raster_clean
S3-0010,S3,10,475.0,355581.614281778,2030319.6631569022,0.1279425621954915,0.9917815791689483,373.298,600,,,,60.08699999999999,109.23000000000002,1.7167714285714282,359.385,468.615,389.429,449.516,419.472,5,1.2192768292682925,1.636439030626947,0.15615212210400065,-3.988602517572487,6.427156176109072,,,35.0,year_difference,PARTIAL,,1.212183053462653,,True,True,False,8.294722809692914,Punta,0.0,Low,Low,Low,accreting,Low,Low,False,high,1.212183053462653,configured (lower bound),True,52.83788622595221,raster_clean
S3-0011,S3,11,525.0,355634.30946041463,2030312.9114716866,0.11963221650985506,0.9928182778197323,373.298,600,,,,51.252999999999986,81.267,1.4643714285714282,374.204,455.471,395.443,427.886,425.457,5,0.8541292682926829,1.168605879353329,0.15115372862560905,-2.8648961947881375,4.573154731373503,,,35.0,year_difference,PARTIAL,,1.212183053462653,,True,True,False,8.34616916299424,Punta,0.6978320465870073,Low,Low,Low,accreting,Low,Low,False,high,1.212183053462653,configured (lower bound),True,54.43764000532146,raster_clean
S3-0012,S3,12,575.0,355694.2953988349,2030306.3940244385,0.09208794503107556,0.9957508776696878,373.298,600,,,,29.932000000000016,89.79600000000005,0.8552000000000005,370.518,460.314,400.45,430.382,400.45,5,0.4380292682926832,1.352726085291579,0.033771106941837936,-3.866948863904396,4.743007400489763,,,35.0,year_difference,PARTIAL,,1.212183053462653,,False,True,False,8.404300594949314,Punta,4.869030312447174,Low,Low,Low,accreting,Low,Low,False,high,1.212183053462653,configured (lower bound),True,54.8238839415075,raster_clean
S3-0013,S3,13,625.0,355770.5598282019,2030302.0292823901,0.021479453885667604,0.9997692899168156,373.298,600,,,,23.406000000000006,82.20000000000005,0.6687428571428573,373.018,455.218,373.018,432.673,396.424,5,0.35475731707317065,1.4675294457657295,0.019106868481845618,-4.315576345499022,5.0250909796453636,,,35.0,year_difference,PARTIAL,,1.212183053462653,,False,True,False,8.476754356412382,Punta,8.236121828556202,Low,Low,Low,accreting,Low,Low,False,high,1.212183053462653,configured (lower bound),True,55.221691611615526,raster_clean
S3-0014,S3,14,675.0,355847.09480917687,2030303.1136434425,-0.049646897505803554,0.9987668324328998,373.298,600,,,,29.87299999999999,89.62,0.8535142857142854,342.057,431.677,342.057,404.929,371.93,5,0.442658536585365,1.5701682982124814,0.025808823957253146,-4.554317762734553,5.4396348359052835,,,35.0,year_difference,PARTIAL,,1.212183053462653,,False,True,False,8.54744046823777,Punta,0.0,Low,Low,Low,accreting,Low,Low,False,high,1.212183053462653,configured (lower bound),True,54.97167449334505,raster_clean
S3-0015,S3,15,725.0,355906.12852224585,2030307.3076361895,-0.0742052280258116,0.9972429915189364,373.298,600,crossing,,,29.924000000000035,59.84899999999999,0.8549714285714296,337.991,397.84,337.991,376.939,367.915,5,0.44947682926829396,1.0110792728966413,0.06180399207780851,-2.7682286671105603,3.667182325647148,,,35.0,year_difference,PARTIAL,,1.212183053462653,,False,False,True,8.600718753352385,Punta,0.0,Low,,Low,accreting,Low,Low,False,low,1.212183053462653,configured (lower bound),False,49.84544113232147,raster_clean
S3-0016,S3,16,775.0,355925.333022258,2030308.0724402685,0.008159874451714726,0.9999667076702765,373.298,600,crossing,,,29.824000000000012,59.649,0.852114285714286,335.953,395.602,335.953,365.777,365.777,5,0.327325609756098,0.9882919951038035,0.0352753660619034,-2.8178605986034655,3.472511818115662,,,35.0,year_difference,PARTIAL,,1.212183053462653,,False,False,True,8.61827307458882,Punta,7.871751068224852,Low,,Low,accreting,Low,Low,False,low,1.212183053462653,configured (lower bound),False,50.3931518967781,raster_clean
S3-0017,S3,17,825.0,355942.0211808534,2030307.195576228,0.09716312816440927,0.9952684695725603,373.298,600,crossing,,,0.0,27.363999999999976,0.0,362.565,389.929,362.565,368.012,362.565,5,-0.22726707317073142,0.46011340786146626,0.0752083250829998,-1.6915532880309503,1.2370191416894876,,,35.0,year_difference,PARTIAL,,1.212183053462653,,False,False,True,8.634098399993382,Punta,27.140925030244723,Low,,Low,stable,Low,Low,False,low,1.212183053462653,configured (lower bound),False,53.54580236449028,raster_clean
S3-0018,S3,18,875.0,355958.5778414924,2030304.826400969,0.1853573705733035,0.9826711785608404,373.298,600,crossing,,,0.0,30.30899999999997,0.0,344.449,374.758,344.449,374.758,344.449,5,0.07392439024390236,0.6680518420174016,0.004065040650404916,-2.052114726122353,2.1999635066101577,,,35.0,year_difference,PARTIAL,,1.212183053462653,,False,False,True,8.650354502160024,Punta,20.50103436706025,Low,,Low,stable,Low,Low,False,low,1.212183053462653,configured (lower bound),False,59.77012700970786,raster_clean
S3-0019,S3,19,925.0,355977.9156212129,2030300.1974567012,0.2639250221293927,0.9645431989776299,373.298,600,crossing,,,21.588000000000022,30.85899999999998,0.6168000000000007,355.339,386.198,355.339,355.339,376.927,5,0.08253292682926894,0.5921562095842419,0.006433651564324738,-1.8019724145129066,1.9670382681714444,,,35.0,year_difference,PARTIAL,,1.212183053462653,,False,False,True,8.670031053629776,Punta,31.24727770400939,Low,,Low,accreting,Low,Low,False,low,1.212183053462653,configured (lower bound),False,63.25643333515157,raster_clean
S3-0020,S3,20,975.0,356024.99912795116,2030287.1570943145,0.26687972705048013,0.9637298435191582,373.298,600,,,,0.0,16.361000000000047,0.0,368.768,385.129,368.768,368.768,368.768,5,-0.17957195121951272,0.27622901020569757,0.12347560975609473,-1.0586559441608105,0.699512041721785,,,35.0,year_difference,PARTIAL,,1.212183053462653,,False,True,False,8.71859514172292,San Antonio,37.78515122241305,Low,Low,Low,stable,Low,Low,False,high,1.212183053462653,configured (lower bound),True,59.37954827455139,raster_clean
S3-0021,S3,21,1025.0,356073.1856201214,2030273.8131079632,0.26687972706551144,0.9637298435149958,373.298,600,,,,0.0,27.451999999999998,0.0,354.76,382.212,378.859,378.859,354.76,5,0.05136585365853645,0.5588853149091495,0.00280776822837403,-1.7272566518514079,1.8299883591684807,,,35.0,year_difference,PARTIAL,,1.212183053462653,,False,True,False,8.768296209847428,San Antonio,36.3126291144358,Low,Low,Low,stable,Low,Low,False,high,1.212183053462653,configured (lower bound),True,54.145924730161866,raster_clean
S3-0022,S3,22,1075.0,356121.37211229984,2030260.4691216098,0.2668797270588716,0.9637298435168346,373.298,600,,,,0.0,7.814999999999998,0.0,364.773,372.588,364.773,364.773,364.773,5,-0.08577439024390242,0.13194362904208223,0.12347560975610483,-0.5056779049946011,0.33412912450679627,,,35.0,year_difference,PARTIAL,,1.212183053462653,,False,True,False,8.817997277980279,San Antonio,33.4364358756065,Low,Low,Low,stable,Low,Low,False,high,1.212183053462653,configured (lower bound),True,52.03917111291423,raster_clean
S3-0023,S3,23,1125.0,356169.5586044749,2030247.1251352574,0.2668797270613544,0.963729843516147,373.298,600,,,,11.899000000000001,11.899000000000001,0.3399714285714286,366.318,378.217,366.318,378.217,378.217,5,0.26119756097560975,0.21523255072671044,0.3292682926829271,-0.4237684748613981,0.9461635968126176,,,35.0,year_difference,PARTIAL,,1.212183053462653,,False,True,False,8.86769834610965,San Antonio,41.23466263309935,Low,Low,Low,accreting,Low,Low,False,high,1.212183053462653,configured (lower bound),True,54.145672426045394,raster_clean
S3-0024,S3,24,1175.0,356217.74509665475,2030233.7811489035,0.2668797270505575,0.9637298435191368,373.298,600,,,,0.0,0.0,0.0,360.777,360.777,360.777,360.777,360.777,5,0.0,0.0,,0.0,0.0,,,35.0,year_difference,PARTIAL,,1.212183053462653,,False,True,False,8.917399414244024,San Antonio,29.232907199248302,Low,Low,Low,stable,Low,Low,False,high,1.212183053462653,configured (lower bound),True,55.7144979382512,raster_clean
S3-0025,S3,25,1225.0,356265.9315888266,2030220.4371625518,0.26687972706139307,0.9637298435161362,373.298,600,,,,0.0,20.44399999999996,0.0,353.778,353.778,353.778,374.222,353.778,5,0.2742487804878043,0.33294176964004996,0.18445121951219845,-0.785320524177792,1.3338180851534007,,,35.0,year_difference,PARTIAL,,1.212183053462653,,False,True,False,8.967100482370162,San Antonio,27.00045485930075,Low,Low,Low,stable,Low,Low,False,high,1.212183053462653,configured (lower bound),True,54.14587787474786,raster_clean
S3-0026,S3,26,1275.0,356314.11808100657,2030207.093176198,0.26687972705059615,0.9637298435191262,373.298,600,,,,0.0,0.0,0.0,356.783,356.783,356.783,356.783,356.783,5,0.0,0.0,,0.0,0.0,,,35.0,year_difference,PARTIAL,,1.212183053462653,,False,True,False,9.016801550504647,San Antonio,26.594234855712795,Low,Low,Low,stable,Low,Low,False,high,1.212183053462653,configured (lower bound),True,52.95230167417021,raster_clean
S3-0027,S3,27,1325.0,356362.3045731834,2030193.7491898448,0.26687972704795865,0.9637298435198565,373.298,600,,,,24.098000000000013,24.098000000000013,0.6885142857142861,341.239,365.337,341.239,341.239,365.337,5,0.20571463414634159,0.5188147632310596,0.04979674796747968,-1.4453854922249856,1.8568147605176688,,,35.0,year_difference,PARTIAL,,1.212183053462653,,False,True,False,9.066502618635951,San Antonio,21.36745742046286,Low,Low,Low,accreting,Low,Low,False,high,1.212183053462653,configured (lower bound),True,54.14564832512198,raster_clean
S3-0028,S3,28,1375.0,356410.49106535525,2030180.4052034933,0.26687972705875557,0.9637298435168666,373.298,600,,2020,,0.0,0.0,0.0,352.788,352.788,352.788,352.788,352.788,5,0.0,0.0,,0.0,0.0,,,35.0,year_difference,PARTIAL,,1.212183053462653,,False,True,True,9.116203686762004,San Antonio,23.9545626039285,Low,Low,Low,stable,Low,Low,False,medium,1.212183053462653,configured (lower bound),True,54.80146902200755,raster_clean
S3-0029,S3,29,1425.0,356458.6775575352,2030167.0612171395,0.26687972704791996,0.9637298435198672,373.298,600,,2020,,0.0,17.449000000000012,0.0,352.798,352.798,335.349,352.798,352.798,5,-0.02127926829268294,0.3144247417597982,0.0015243902439044943,-1.0219191259959366,0.9793605894105707,,,35.0,year_difference,PARTIAL,,1.212183053462653,,False,True,True,9.165904754896433,San Antonio,21.152562553470016,Low,Low,Low,stable,Low,Low,False,medium,1.212183053462653,configured (lower bound),True,54.14583103934524,raster_clean
S3-0030,S3,30,1475.0,356506.86404971266,2030153.7172307863,0.26687972704387897,0.9637298435209862,373.298,600,,2020,,0.0,0.0,0.0,348.795,348.795,348.795,348.795,348.795,5,0.0,0.0,,0.0,0.0,,,35.0,year_difference,PARTIAL,,1.212183053462653,,False,True,True,9.215605823028334,San Antonio,21.31689016864177,Low,Low,Low,stable,Low,Low,False,medium,1.212183053462653,configured (lower bound),True,53.11489086336535,raster_clean
S3-0031,S3,31,1525.0,356555.05054188194,2030140.3732444353,0.26687972706150914,0.9637298435161041,373.298,600,,2020,,21.978999999999985,21.978999999999985,0.6279714285714282,340.261,362.24,362.24,362.24,362.24,5,0.5092695121951216,0.2657935619542808,0.5503048780487758,-0.33660422701447557,1.3551432514047188,,,35.0,year_difference,PARTIAL,,1.212183053462653,,False,True,True,9.265306891151836,San Antonio,31.04273995361177,Low,Low,Low,accreting,Low,Low,False,medium,1.212183053462653,configured (lower bound),True,54.14560149259587,raster_clean
S3-0032,S3,32,1575.0,356603.23703405634,2030127.029258083,0.26687972706551144,0.9637298435149958,373.298,600,,2020,,0.0,0.0,0.0,344.801,344.801,344.801,344.801,344.801,5,0.0,0.0,,0.0,0.0,,,35.0,year_difference,PARTIAL,,1.212183053462653,,False,True,True,9.315007959280525,San Antonio,18.678217824910757,Low,Low,Low,stable,Low,Low,False,medium,1.212183053462653,configured (lower bound),True,56.48756011497268,raster_clean
S3-0033,S3,33,1625.0,356651.42352623877,2030113.6852717283,0.2668797270478426,0.9637298435198887,373.298,600,,,,0.0,24.098000000000013,0.0,327.723,351.821,327.723,327.723,327.723,5,-0.2644902439024392,0.4068557354646348,0.12347560975609351,-1.559286776015352,1.0303062882104734,,,35.0,year_difference,PARTIAL,,1.212183053462653,,False,True,False,9.364709027417625,Maura,8.174727661529868,Low,Low,Low,stable,Low,Low,False,high,1.212183053462653,configured (lower bound),True,55.63052043644757,raster_clean
S3-0034,S3,34,1675.0,356699.61001841363,2030100.341285376,0.2668797270507509,0.9637298435190833,373.298,600,,,,-19.354000000000042,19.354000000000042,-0.5529714285714298,340.809,340.809,340.809,340.809,321.455,5,-0.3776390243902447,0.2725374904852696,0.39024390243902296,-1.2449749540363846,0.4896969052558952,,,35.0,year_difference,PARTIAL,,1.212183053462653,,False,True,False,9.414410095546748,Maura,16.9598370796674,Low,Low,Low,eroding,Low,Low,False,high,1.212183053462653,configured (lower bound),True,54.17320769012601,raster_clean
S3-0035,S3,35,1725.0,356747.7965105869,2030086.9972990241,0.26687972705766155,0.9637298435171696,373.298,600,,,,0.0,15.913999999999987,0.0,323.37,339.284,323.37,323.37,323.37,5,-0.17466585365853646,0.2686821385253621,0.1234756097560974,-1.0297323327043004,0.6804006253872275,,,35.0,year_difference,PARTIAL,,1.212183053462653,,False,True,False,9.464111163674323,Maura,11.021462614558589,Low,Low,Low,stable,Low,Low,False,high,1.212183053462653,configured (lower bound),True,54.80107984529401,raster_clean
S3-0036,S3,36,1775.0,356795.9830027624,2030073.6533126712,0.2668797270586008,0.9637298435169095,373.298,600,,,,-24.097000000000037,27.89699999999999,-0.6884857142857154,333.016,336.816,308.919,333.016,308.919,5,-0.5412792682926832,0.46911051831451855,0.3073753980305207,-2.034198304072448,0.9516397674870813,,,35.0,year_difference,PARTIAL,,1.212183053462653,,False,True,False,9.513812231804298,Maura,13.021875907137682,Low,Low,Low,eroding,Low,Low,False,high,1.212183053462653,configured (lower bound),True,53.670024866710946,raster_clean
S3-0037,S3,37,1825.0,356837.9709899175,2030061.7497094863,0.28325073491276076,0.9590458910664186,373.298,600,,2025,,0.0,31.029999999999973,0.0,319.444,350.474,319.444,319.444,319.444,5,-0.340573170731707,0.523891338346235,0.1234756097560974,-2.0078292248218195,1.3266828833584055,,,35.0,year_difference,PARTIAL,,1.212183053462653,,False,True,True,9.557222275306982,Maura,18.55163049200411,Low,Low,Low,stable,Low,Low,False,medium,1.212183053462653,configured (lower bound),True,52.90193132872808,raster_clean
S3-0038,S3,38,1875.0,356877.5368512479,2030049.5670167257,0.3052680899791277,0.9522664507586599,373.298,600,,2025,,-20.55000000000001,31.246000000000038,-0.5871428571428575,323.416,334.112,323.416,302.866,302.866,5,-0.7940414634146348,0.32329431039572293,0.6678624171786568,-1.8229082470527476,0.2348253202234779,,,35.0,year_difference,PARTIAL,,1.212183053462653,,False,True,True,9.598485984507871,Maura,13.164288479729858,Low,Low,Low,eroding,Low,Low,False,medium,1.212183053462653,configured (lower bound),True,52.789641257828556,raster_clean
S3-0039,S3,39,1925.0,356916.8081150829,2030036.4769065839,0.3271323677158893,0.9449785256780157,373.298,600,,2025,,0.0,25.112000000000023,0.0,318.652,343.764,318.652,318.652,318.652,5,-0.2756195121951222,0.42397548464552504,0.12347560975610239,-1.6248987268361426,1.0736597024458983,,,35.0,year_difference,PARTIAL,,1.212183053462653,,False,True,True,9.639812270100434,Maura,21.286622579106755,Low,Low,Low,stable,Low,Low,False,medium,1.212183053462653,configured (lower bound),True,52.415576057892835,raster_clean
S3-0040,S3,40,1975.0,356955.7769837284,2030022.4821851156,0.3487973691228249,0.9371981622330444,373.298,600,,,,-14.704000000000008,31.73599999999999,-0.42011428571428594,318.786,335.818,304.082,304.082,304.082,5,-0.6890243902439024,0.40462157946151905,0.4915099495659483,-1.976710840839272,0.5986620603514672,,,35.0,year_difference,PARTIAL,,1.212183053462653,,False,True,False,9.681192849692865,Maura,11.647644128100094,Low,Low,Low,eroding,Low,Low,False,high,1.212183053462653,configured (lower bound),True,54.080221970786006,raster_clean
S3-0041,S3,41,2025.0,357000.49672518554,2030005.5778421361,0.35429417718061734,0.9351340203499761,373.298,600,,,,-27.89500000000004,27.89500000000004,-0.7970000000000012,322.41,317.431,322.41,322.41,294.515,5,-0.4896451219512198,0.39826073471693313,0.33504281636675215,-1.7570885256906985,0.7777982817882588,,,35.0,year_difference,PARTIAL,,1.212183053462653,,False,True,False,9.728993047419378,Maura,13.967742177265423,Low,Low,Low,eroding,Low,Medium,True,medium,1.212183053462653,configured (lower bound),True,53.95897069962713,raster_clean
S3-0042,S3,42,2075.0,357047.25342620304,2029987.8631332773,0.35429417718061734,0.9351340203499761,373.298,600,,,,-29.75200000000001,29.75200000000001,-0.8500571428571432,338.877,309.125,338.877,338.877,309.125,5,-0.25398048780487814,0.6405418223773957,0.04979674796747957,-2.292470443809514,1.7845094681997575,,,35.0,year_difference,PARTIAL,,1.212183053462653,,False,True,False,9.778985479854866,Maura,24.920736767183996,Low,Low,Low,eroding,Low,Medium,True,medium,1.212183053462653,configured (lower bound),True,53.778739941924115,raster_clean
S3-0043,S3,43,2125.0,357094.01012722054,2029970.1484244182,0.35429417718061734,0.9351340203499761,373.298,600,,,,-13.151999999999987,13.151999999999987,-0.3757714285714282,327.645,327.645,327.645,327.645,314.493,5,-0.25662439024390216,0.1852027009849256,0.3902439024390246,-0.846022041721942,0.33277326123413764,,,35.0,year_difference,PARTIAL,,1.212183053462653,,False,True,False,9.82897791229044,Maura,22.771223904822257,Low,Low,Low,eroding,Low,Low,False,high,1.212183053462653,configured (lower bound),True,54.17562857301811,raster_clean
S3-0044,S3,44,2175.0,357140.76682823803,2029952.433715559,0.35429417718061734,0.9351340203499761,373.298,600,,,,-31.805000000000007,31.805000000000007,-0.9087142857142859,346.165,335.94,314.36,314.36,314.36,5,-0.9737987804878049,0.22958945933317862,0.8570757561565822,-1.7044549070747632,-0.24314265390084655,,,35.0,year_difference,PARTIAL,,1.212183053462653,,False,True,False,9.878970344726014,Maura,22.605697028855293,Low,Low,Low,eroding,Low,Medium,True,medium,1.212183053462653,configured (lower bound),True,53.8216956835756,raster_clean
S3-0045,S3,45,2225.0,357187.52352925553,2029934.7190067002,0.35429417718061734,0.9351340203499761,373.298,600,,,,-1.5910000000000082,1.5910000000000082,-0.04545714285714309,334.471,332.88,332.88,332.88,332.88,5,-0.036864634146341654,0.01924007266341776,0.5503048780487849,-0.09809513230742556,0.024365864014742257,,,35.0,year_difference,PARTIAL,,1.212183053462653,,False,True,False,9.928962777161503,Maura,30.57891266617938,Low,Low,Low,eroding,Low,Low,False,high,1.212183053462653,configured (lower bound),True,54.17570256741358,raster_clean
S3-0046,S3,46,2275.0,357234.280230273,2029917.004297841,0.35429417718061734,0.9351340203499761,373.298,600,,,,-31.803999999999974,31.803999999999974,-0.9086857142857135,351.4,333.003,319.596,319.596,319.596,5,-0.8840719512195114,0.23986524380349292,0.8191071520735822,-1.6474302101279132,-0.12071369231110962,,,35.0,year_difference,PARTIAL,,1.212183053462653,,False,True,False,9.978955209597078,Maura,25.83101815699937,Low,Low,Low,eroding,Low,Medium,True,medium,1.212183053462653,configured (lower bound),True,54.352901574426916,raster_clean
S3-0047,S3,47,2325.0,357281.0369312905,2029899.289588982,0.35429417718061734,0.9351340203499761,373.298,600,,,,-6.581999999999994,6.581999999999994,-0.18805714285714267,338.116,338.116,331.534,331.534,331.534,5,-0.2247512195121949,0.06553878653251587,0.7967479674796738,-0.43332488856537765,-0.016177550459012147,,,35.0,year_difference,PARTIAL,,1.212183053462653,,False,True,False,10.028947642032652,Maura,31.17165238888344,Low,Low,Low,eroding,Low,Low,False,high,1.212183053462653,configured (lower bound),True,54.17562563865411,raster_clean
S3-0048,S3,48,2375.0,357327.793632308,2029881.574880123,0.35429417718061734,0.9351340203499761,373.298,600,,,,-28.150000000000034,28.150000000000034,-0.8042857142857153,352.982,330.066,324.832,324.832,324.832,5,-0.7097024390243908,0.2734181200505942,0.6919123314221725,-1.5798409249770216,0.16043604692823987,,,35.0,year_difference,PARTIAL,,1.212183053462653,,False,True,False,10.078940074468226,Maura,28.325744445466867,Low,Low,Low,eroding,Low,Medium,True,medium,1.212183053462653,configured (lower bound),True,54.854298162283804,raster_clean
S3-0049,S3,49,2425.0,357374.5503333255,2029863.860171264,0.35429417718061734,0.9351340203499761,373.298,600,,2025,,-31.803999999999974,31.803999999999974,-0.9086857142857135,343.352,343.352,328.598,328.598,311.548,5,-0.8364780487804867,0.22203131673648765,0.8255125132021253,-1.5430807923857985,-0.12987530517517487,,,35.0,year_difference,PARTIAL,,1.212183053462653,,False,True,True,10.128932506903714,Maura,27.718620688727906,Low,Low,Low,eroding,Low,Medium,True,medium,1.212183053462653,configured (lower bound),True,54.17574512884472,raster_clean
S3-0050,S3,50,2475.0,357421.307034343,2029846.145462405,0.35429417718061734,0.9351340203499761,373.298,600,,2025,,-31.803999999999974,34.742999999999995,-0.9086857142857135,361.873,330.069,330.069,327.13,330.069,5,-0.7763475609756095,0.38215677674249265,0.5790625993341263,-1.9925409831588858,0.4398458612076669,,,35.0,year_difference,PARTIAL,,1.212183053462653,,False,True,True,10.17892493933929,Maura,32.28306040339519,Low,Low,Low,eroding,Low,Medium,True,medium,1.212183053462653,configured (lower bound),True,53.93669279064267,raster_clean
S3-0051,S3,51,2525.0,357468.0637353605,2029828.4307535458,0.35429417718061734,0.9351340203499761,373.298,600,,2025,,-22.925999999999988,31.803999999999974,-0.6550285714285711,348.589,348.578,325.663,316.785,325.663,5,-0.9018134146341454,0.27746355114940785,0.7788235717997234,-1.7848262678404754,-0.018800561427815388,,,35.0,year_difference,PARTIAL,,1.212183053462653,,False,True,True,10.228917371774864,Maura,29.308753366791287,Low,Low,Low,eroding,Low,Low,False,medium,1.212183053462653,configured (lower bound),True,54.47453715925735,raster_clean
S3-0052,S3,52,2575.0,357514.820436378,2029810.7160446867,0.35429417718061734,0.9351340203499761,373.298,600,,,,-22.915999999999997,22.915999999999997,-0.6547428571428571,347.111,335.306,335.306,324.195,324.195,5,-0.639380487804878,0.10921340057411003,0.9195153020991962,-0.986946270949424,-0.291814704660332,,,35.0,year_difference,PARTIAL,,1.212183053462653,,False,True,False,10.278909804210437,Maura,29.2878254694552,Low,Low,Low,eroding,Low,Low,False,high,1.212183053462653,configured (lower bound),True,54.41454395877967,raster_clean
S3-0053,S3,53,2625.0,357561.5771373955,2029793.0013358279,0.35429417718061734,0.9351340203499761,373.298,600,,,,-31.805000000000007,31.805000000000007,-0.9087142857142859,353.827,322.728,322.728,322.022,322.022,5,-0.7438329268292686,0.37077450925296807,0.5729341170108145,-1.9238028938947567,0.4361370402362196,,,35.0,year_difference,PARTIAL,,1.212183053462653,,False,True,False,10.328902236645927,Maura,24.542730940688052,Low,Low,Low,eroding,Low,Medium,True,medium,1.212183053462653,configured (lower bound),True,53.876699589060365,raster_clean
S3-0054,S3,54,2675.0,357608.333838413,2029775.2866269688,0.35429417718061734,0.9351340203499761,373.298,600,,,,-26.548000000000002,26.548000000000002,-0.7585142857142858,367.091,340.543,340.543,340.543,340.543,5,-0.6151365853658537,0.32104679388335267,0.5503048780487814,-1.6368507683831095,0.4065775976514021,,,35.0,year_difference,PARTIAL,,1.212183053462653,,False,True,False,10.3788946690815,Maura,41.54188282431566,Low,Low,Low,eroding,Low,Low,False,high,1.212183053462653,configured (lower bound),True,54.17566530750006,raster_clean
S3-0055,S3,55,2725.0,357655.0905394305,2029757.5719181097,0.35429417718061734,0.9351340203499761,373.298,600,,,,-31.805000000000007,31.805000000000007,-0.9087142857142859,359.065,359.065,342.709,327.26,327.26,5,-1.0671841463414635,0.17788197534318265,0.9230625900108658,-1.6332839815489426,-0.5010843111339843,,,35.0,year_difference,PARTIAL,,1.212183053462653,,False,True,False,10.428887101517075,Maura,38.57317574812173,Low,Low,Low,eroding,Low,Medium,True,medium,1.212183053462653,configured (lower bound),True,54.29789224744741,raster_clean
S3-0056,S3,56,2775.0,357701.847240448,2029739.8572092506,0.35429417718061734,0.9351340203499761,373.298,600,,,,-22.914999999999964,22.914999999999964,-0.6547142857142847,364.157,345.782,345.782,341.242,341.242,5,-0.5752499999999988,0.19152375592955997,0.7504424589145744,-1.1847640694320856,0.03426406943208793,,,35.0,year_difference,PARTIAL,,1.212183053462653,,False,True,False,10.478879533952652,Maura,42.95441675663844,Low,Low,Low,eroding,Low,Low,False,high,1.212183053462653,configured (lower bound),True,54.17576207790874,raster_clean
S3-0057,S3,57,2825.0,357748.6039414655,2029722.1425003917,0.35429417718061734,0.9351340203499761,373.298,600,,,,-31.803999999999974,31.803999999999974,-0.9086857142857135,364.303,362.691,339.775,332.499,332.499,5,-1.0594243902439013,0.1974613551902645,0.9056177211231926,-1.6878345505054724,-0.4310142299823302,,,35.0,year_difference,PARTIAL,,1.212183053462653,,False,True,False,10.528871966388138,Maura,41.47889913373216,Low,Low,Low,eroding,Low,Medium,True,medium,1.212183053462653,configured (lower bound),True,54.909022091716324,raster_clean
S3-0058,S3,58,2875.0,357795.36064248293,2029704.4277915326,0.35429417718061734,0.9351340203499761,373.298,600,,,,-63.60899999999998,63.60899999999998,-1.8173999999999995,382.825,351.02,351.02,319.216,319.216,5,-1.784149999999999,0.30043592498289173,0.9216018874511402,-2.740271199436296,-0.828028800563702,,,35.0,year_difference,PARTIAL,,1.212183053462653,,True,True,False,10.57886439882366,Maura,39.596984381135684,Low,Low,Low,eroding,Low,Medium,True,medium,1.212183053462653,configured (lower bound),True,54.19977724399123,raster_clean
S3-0059,S3,59,2925.0,357842.11734350043,2029686.7130826735,0.35429417718061734,0.9351340203499761,373.298,600,,2025,,-22.91500000000002,22.91500000000002,-0.6547142857142862,359.757,337.738,337.738,336.842,336.842,5,-0.5396987804878055,0.2595887717256044,0.5903016663888275,-1.3658261079590912,0.2864285469834801,,,35.0,year_difference,PARTIAL,,1.212183053462653,,False,True,True,10.628856831259235,Maura,36.533077977439355,Low,Low,Low,eroding,Low,Low,False,medium,1.212183053462653,configured (lower bound),True,54.175630998702076,raster_clean
S3-0060,S3,60,2975.0,357888.8740445179,2029668.9983738144,0.35429417718061734,0.9351340203499761,373.298,600,,2025,,-31.805000000000007,31.805000000000007,-0.9087142857142859,356.26,335.376,335.376,324.455,324.455,5,-0.8434914634146342,0.19241992225279933,0.8649617385425162,-1.4558575340510336,-0.23112539277823474,,,35.0,year_difference,PARTIAL,,1.212183053462653,,False,True,True,10.678849263694808,Maura,29.74619787056461,Low,Low,Low,eroding,Low,Medium,True,medium,1.212183053462653,configured (lower bound),True,54.39536837009949,raster_clean
S3-0061,S3,61,3025.0,357935.6307455354,2029651.2836649555,0.35429417718061734,0.9351340203499761,373.298,600,,2025,,-22.914999999999964,45.65299999999996,-0.6547142857142847,356.825,333.91,311.172,333.91,333.91,5,-0.5586865853658528,0.5653117812511212,0.24560532306033045,-2.357760974941835,1.2403878042101297,,,35.0,year_difference,PARTIAL,,1.212183053462653,,False,True,True,10.728841696130297,Maura,28.319279904445366,Low,Low,Low,eroding,Low,Low,False,medium,1.212183053462653,configured (lower bound),True,54.175727782647385,raster_clean
S3-0062,S3,62,3075.0,357982.3874465529,2029633.5689560964,0.35429417718061734,0.9351340203499761,373.298,600,,2025,,-31.805000000000007,31.805000000000007,-0.9087142857142859,361.5,329.695,329.695,329.695,329.695,5,-0.7369451219512196,0.3846200572344451,0.5503048780487799,-1.9609778020349875,0.48708755813254834,,,35.0,year_difference,PARTIAL,,1.212183053462653,,False,True,True,10.778834128565872,Maura,30.24193827870591,Low,Low,Low,eroding,Low,Medium,True,medium,1.212183053462653,configured (lower bound),True,54.78702636549209,raster_clean
S3-0063,S3,63,3125.0,358029.1441475704,2029615.8542472373,0.35429417718061734,0.9351340203499761,373.298,600,,2025,,-37.480999999999995,37.480999999999995,-1.0708857142857142,353.893,330.978,348.217,316.412,316.412,5,-0.9895463414634148,0.4128891622954842,0.6569028592089101,-2.303543930502364,0.32445124757553423,,,35.0,year_difference,PARTIAL,,1.212183053462653,,False,True,True,10.828826561001446,Maura,27.18043185803371,Low,Low,Low,eroding,Low,Medium,True,medium,1.212183053462653,configured (lower bound),True,54.17567361675023,raster_clean
S3-0064,S3,64,3175.0,358075.9008485879,2029598.1395383782,0.35429417718061734,0.9351340203499761,373.298,600,,2025,,-31.805000000000007,31.805000000000007,-0.9087142857142859,366.74,334.935,334.935,334.935,334.935,5,-0.7369451219512196,0.3846200572344451,0.5503048780487799,-1.9609778020349875,0.48708755813254834,,,35.0,year_difference,PARTIAL,,1.212183053462653,,False,True,True,10.87881899343702,Maura,35.10604783128971,Low,Low,Low,eroding,Low,Medium,True,medium,1.212183053462653,configured (lower bound),True,54.003828230585455,raster_clean
S3-0065,S3,65,3225.0,358122.6575496054,2029580.4248295194,0.35429417718061734,0.9351340203499761,373.298,600,,2025,,-45.829999999999984,45.829999999999984,-1.309428571428571,373.877,350.962,328.047,350.962,328.047,5,-1.0060243902439021,0.5102057888305227,0.56445993031359,-2.6297269178419587,0.6176781373541544,,,35.0,year_difference,PARTIAL,,1.212183053462653,,True,True,True,10.928811425872508,Maura,40.00108521091289,Low,Low,Low,eroding,Low,Medium,True,medium,1.212183053462653,configured (lower bound),True,54.54107198726833,raster_clean
S3-0066,S3,66,3275.0,358169.4142506229,2029562.7101206603,0.35429417718061734,0.9351340203499761,373.298,600,,2025,,-45.399,45.399,-1.2971142857142857,371.981,340.176,340.176,326.582,326.582,5,-1.18455243902439,0.3032972494474794,0.8356486323432923,-2.149779649931232,-0.21932522811754818,,,35.0,year_difference,PARTIAL,,1.212183053462653,,True,True,True,10.978803858308083,Maura,34.53359578449879,Low,Low,Low,eroding,Low,Medium,True,medium,1.212183053462653,configured (lower bound),True,54.39526708305293,raster_clean
S3-0067,S3,67,3325.0,358216.1709516404,2029544.9954118012,0.35429417718061734,0.9351340203499761,373.298,600,,2025,,-33.581999999999994,33.581999999999994,-0.959485714285714,358.699,348.032,326.894,326.894,325.117,5,-1.0036207317073167,0.21336458439251882,0.8805997507687927,-1.6826420649856821,-0.32459939842895136,,,35.0,year_difference,PARTIAL,,1.212183053462653,,False,True,True,11.028796290743658,Maura,30.37349712362254,Low,Low,Low,eroding,Low,Medium,True,medium,1.212183053462653,configured (lower bound),True,54.66526654420798,raster_clean
S3-0068,S3,68,3375.0,358262.9276526579,2029527.280702942,0.35429417718061734,0.9351340203499761,373.298,600,,2025,,-55.86899999999997,55.86899999999997,-1.596257142857142,369.481,345.417,323.652,323.652,313.612,5,-1.4966780487804872,0.267086382455264,0.9127950303642818,-2.3466661198168333,-0.6466899777441409,,,35.0,year_difference,PARTIAL,,1.212183053462653,,True,True,True,11.078788723179233,Maura,28.221184281065934,Low,Low,Low,eroding,Low,Medium,True,medium,1.212183053462653,configured (lower bound),True,54.39539456847481,raster_clean
S3-0069,S3,69,3425.0,358309.6843536754,2029509.5659940832,0.35429417718061734,0.9351340203499761,373.298,600,,2025,,-41.75399999999996,41.75399999999996,-1.1929714285714275,363.941,345.102,332.135,332.135,322.187,5,-1.0733963414634138,0.19273802219279035,0.9118061416715126,-1.6867747480785487,-0.4600179348482789,,,35.0,year_difference,PARTIAL,,1.212183053462653,,False,True,True,11.128781155614721,Maura,31.97042975380559,Low,Low,Low,eroding,Low,Medium,True,medium,1.212183053462653,configured (lower bound),True,54.17573616408728,raster_clean
S3-0070,S3,70,3475.0,358356.4410546929,2029491.851285224,0.35429417718061734,0.9351340203499761,373.298,600,,2025,,-31.805000000000007,31.805000000000007,-0.9087142857142859,350.659,350.659,343.637,320.722,318.854,5,-1.0307426829268296,0.2387296549932767,0.8613793500749188,-1.790486991421837,-0.27099837443182195,,,35.0,year_difference,PARTIAL,,1.212183053462653,,False,True,True,11.178773588050294,Maura,29.588718531574045,Low,Low,Low,eroding,Low,Medium,True,medium,1.212183053462653,configured (lower bound),True,53.90850052595076,raster_clean
S3-0071,S3,71,3525.0,358403.1977557104,2029474.136576365,0.35429417718061734,0.9351340203499761,373.298,600,,2025,,-27.709000000000003,45.82900000000001,-0.7916857142857143,365.087,342.172,337.378,319.258,337.378,5,-0.9377280487804883,0.38077669157059263,0.6690477855255181,-2.1495294240074747,0.2740733264464982,,,35.0,year_difference,PARTIAL,,1.212183053462653,,False,True,True,11.228766020485871,Maura,32.749168162875506,Low,Low,Low,eroding,Low,Medium,True,medium,1.212183053462653,configured (lower bound),True,54.17563654466035,raster_clean
S3-0072,S3,72,3575.0,358449.9544567279,2029456.4218675059,0.35429417718061734,0.9351340203499761,373.298,600,,,,-31.805999999999983,31.805999999999983,-0.9087428571428566,355.902,324.096,324.096,324.096,324.096,5,-0.7369682926829264,0.3846321503033719,0.5503048780487804,-1.96103945830922,0.4871028729433673,,,35.0,year_difference,PARTIAL,,1.212183053462653,,False,True,False,11.278758452921446,Maura,22.763910647142218,Low,Low,Low,eroding,Low,Medium,True,medium,1.212183053462653,configured (lower bound),True,54.88214185473331,raster_clean
S3-0073,S3,73,3625.0,358496.7111577454,2029438.707158647,0.35429417718061734,0.9351340203499761,373.298,600,,,,-26.290999999999997,26.290999999999997,-0.7511714285714285,342.62,339.244,339.244,316.329,316.329,5,-0.8327426829268295,0.23206907307367464,0.811037694681135,-1.57129004710076,-0.09419531875289888,,,35.0,year_difference,PARTIAL,,1.212183053462653,,False,True,False,11.328750885356932,Maura,22.87198183895737,Low,Low,Low,eroding,Low,Low,False,high,1.212183053462653,configured (lower bound),True,54.56467787819721,raster_clean
S3-0074,S3,74,3675.0,358543.4678587629,2029420.992449788,0.35429417718061734,0.9351340203499761,373.298,600,,,,-45.82900000000001,45.82900000000001,-1.3094000000000001,360.694,329.339,329.339,314.865,314.865,5,-1.2031012195121953,0.2949848837237594,0.8472062485915738,-2.1418747728334173,-0.26432766619097303,,,35.0,year_difference,PARTIAL,,1.212183053462653,,True,True,False,11.378743317792509,Maura,21.75126170968696,Low,Low,Low,eroding,Low,Medium,True,medium,1.212183053462653,configured (lower bound),True,54.32386331949812,raster_clean
S3-0075,S3,75,3725.0,358590.2245597804,2029403.2777409288,0.35429417718061734,0.9351340203499761,373.298,600,,,,-31.805999999999983,34.462999999999965,-0.9087428571428566,347.864,316.058,316.058,313.401,316.058,5,-0.7726109756097554,0.3821567564022794,0.5767088388764234,-1.9888043330613956,0.4435823818418847,,,35.0,year_difference,PARTIAL,,1.212183053462653,,False,True,False,11.428735750228084,Maura,13.630791022325491,Low,Low,Low,eroding,Low,Medium,True,medium,1.212183053462653,configured (lower bound),True,53.78695386802275,raster_clean
S3-0076,S3,76,3775.0,358636.9812607979,2029385.56303207,0.35429417718061734,0.9351340203499761,373.298,600,,,,-23.18399999999997,54.99000000000001,-0.6623999999999991,357.767,334.583,334.583,302.777,334.583,5,-0.9638560975609755,0.5603630074239682,0.4965255866643622,-2.7471812801550497,0.8194690850330989,,,35.0,year_difference,PARTIAL,,1.212183053462653,,False,True,False,11.47872818266357,Maura,24.413586814607413,Low,Low,Low,eroding,Low,Low,False,high,1.212183053462653,configured (lower bound),True,54.17577604440473,raster_clean
S3-0077,S3,77,3825.0,358683.7379618154,2029367.8483232108,0.35429417718061734,0.9351340203499761,373.298,600,,,,-31.805000000000007,31.805000000000007,-0.9087142857142859,353.107,333.388,321.302,321.302,321.302,5,-0.8695963414634144,0.24878832481578686,0.8028560248342546,-1.6613518265711382,-0.07784085635569049,,,35.0,year_difference,PARTIAL,,1.212183053462653,,False,True,False,11.528720615099147,Maura,21.447279721437777,Low,Low,Low,eroding,Low,Medium,True,medium,1.212183053462653,configured (lower bound),True,55.00360031517959,raster_clean
S3-0078,S3,78,3875.0,358730.4946628329,2029350.1336143517,0.35429417718061734,0.9351340203499761,373.298,600,,,,-62.622000000000014,62.622000000000014,-1.7892000000000003,371.632,339.827,339.827,309.01,309.01,5,-1.7516512195121954,0.2969957426597859,0.920603888007096,-2.696824223424822,-0.8064782155995689,,,35.0,year_difference,PARTIAL,,1.212183053462653,,True,True,False,11.57871304753472,Maura,25.040326297358195,Low,Low,Low,eroding,Low,Medium,True,medium,1.212183053462653,configured (lower bound),True,54.686093714473294,raster_clean
S3-0079,S3,79,3925.0,358777.2513638504,2029332.4189054926,0.35429417718061734,0.9351340203499761,373.298,600,,,,-50.80499999999995,50.80499999999995,-1.4515714285714272,358.352,330.462,330.462,326.546,307.547,5,-1.1458853658536574,0.31322892354714116,0.8168851292837569,-2.14271959630425,-0.14905113540306503,,,35.0,year_difference,PARTIAL,,1.212183053462653,,True,True,False,11.628705479970295,Maura,21.665022093116868,Low,Low,Low,eroding,Low,Medium,True,medium,1.212183053462653,configured (lower bound),True,54.20230227380471,raster_clean
S3-0080,S3,80,3975.0,358824.00806486787,2029314.7041966338,0.35429417718061734,0.9351340203499761,373.298,600,,,,-38.64699999999999,38.64699999999999,-1.1041999999999998,351.913,345.071,328.999,313.266,313.266,5,-1.225371951219512,0.12071133098766008,0.9717109376505249,-1.6095292805270696,-0.8412146219119545,,,35.0,year_difference,PARTIAL,,1.212183053462653,,False,True,False,11.678697912405783,Maura,21.30629658192975,Low,Low,Low,eroding,Low,Medium,True,medium,1.212183053462653,configured (lower bound),True,53.77965287512053,raster_clean
S3-0081,S3,81,4025.0,358870.76476588537,2029296.9894877747,0.35429417718061734,0.9351340203499761,373.298,600,,,,-22.913999999999987,45.82900000000001,-0.6546857142857139,350.45,327.536,327.536,304.621,327.536,5,-0.8383304878048781,0.4388891443075092,0.5487741012535692,-2.235071623535439,0.5584106479256825,,,35.0,year_difference,PARTIAL,,1.212183053462653,,False,True,False,11.728690344841358,Maura,18.15119082243793,Low,Low,Low,eroding,Low,Low,False,high,1.212183053462653,configured (lower bound),True,54.175741872231285,raster_clean
S3-0082,S3,82,4075.0,358917.52146690286,2029279.2747789156,0.35429417718061734,0.9351340203499761,373.298,600,,2025,,-31.80499999999995,31.80499999999995,-0.9087142857142843,350.316,318.511,318.511,318.511,318.511,5,-0.7369451219512183,0.3846200572344431,0.550304878048783,-1.96097780203498,0.48708755813254323,,,35.0,year_difference,PARTIAL,,1.212183053462653,,False,True,True,11.778682777276932,Maura,15.299482919818024,Low,Low,Low,eroding,Low,Medium,True,medium,1.212183053462653,configured (lower bound),True,54.915809561507785,raster_clean
S3-0083,S3,83,4125.0,358964.27816792036,2029261.5600700565,0.35429417718061734,0.9351340203499761,373.298,600,,,,-42.29399999999998,42.29399999999998,-1.2083999999999995,347.525,324.61,324.61,324.61,305.231,5,-0.909084146341463,0.29936677004245216,0.7545306997881749,-1.8618028175877823,0.04363452490485631,,,35.0,year_difference,PARTIAL,,1.212183053462653,,False,True,False,11.828675209712506,Maura,15.55675305753955,Low,Low,Low,eroding,Low,Medium,True,medium,1.212183053462653,configured (lower bound),True,54.80744707236612,raster_clean
S3-0084,S3,84,4175.0,359011.03486893786,2029243.8453611976,0.35429417718061734,0.9351340203499761,373.298,600,,,,-45.82900000000001,45.82900000000001,-1.3094000000000001,346.062,323.756,323.148,323.148,300.233,5,-0.9847292682926825,0.3221481348252157,0.7569625506531821,-2.009948409721228,0.04048987313586294,,,35.0,year_difference,PARTIAL,,1.212183053462653,,True,True,False,11.878667642147995,Maura,13.321040804046413,Low,Low,Low,eroding,Low,Medium,True,medium,1.212183053462653,configured (lower bound),True,54.175633596328346,raster_clean
S3-0085,S3,85,4225.0,359057.79156995536,2029226.1306523385,0.35429417718061734,0.9351340203499761,373.298,600,,,,-31.805999999999983,31.805999999999983,-0.9087428571428566,342.282,321.685,310.476,310.476,310.476,5,-0.8599939024390241,0.25562125181183787,0.7904838798220437,-1.6734948108196037,-0.046492994058444315,,,35.0,year_difference,PARTIAL,,1.212183053462653,,False,True,False,11.92866007458357,Maura,8.94274368451276,Low,Low,Low,eroding,Low,Medium,True,medium,1.212183053462653,configured (lower bound),True,54.39503832742777,raster_clean
S3-0086,S3,86,4275.0,359104.54827097285,2029208.4159434794,0.35429417718061734,0.9351340203499761,373.298,600,,,,-63.49899999999997,63.49899999999997,-1.814257142857142,360.808,297.309,320.223,297.309,297.309,5,-1.4433743902439016,0.7422780761837168,0.557597626994812,-3.80563451128787,0.9188857308000666,,,35.0,year_difference,PARTIAL,,1.212183053462653,,True,True,False,11.978652507019143,Maura,4.2674486626403185,Low,Low,Low,eroding,Low,Medium,True,medium,1.212183053462653,configured (lower bound),True,54.70944660269579,raster_clean
S3-0087,S3,87,4325.0,359151.30497199035,2029190.7012346203,0.35429417718061734,0.9351340203499761,373.298,600,,,,-51.68100000000004,51.68100000000004,-1.4766000000000012,347.528,315.723,315.723,315.723,295.847,5,-1.1247695121951227,0.3721864092996967,0.7527372856529314,-2.309232775347752,0.05969375095750684,,,35.0,year_difference,PARTIAL,,1.212183053462653,,True,True,False,12.028644939454718,Maura,7.596697101688917,Low,Low,Low,eroding,Low,Medium,True,medium,1.212183053462653,configured (lower bound),True,54.1788058852804,raster_clean
S3-0088,S3,88,4375.0,359198.06167300785,2029172.9865257614,0.35429417718061734,0.9351340203499761,373.298,600,,,,-37.771000000000015,37.771000000000015,-1.079171428571429,340.214,317.299,334.249,317.299,302.443,5,-0.8001597560975614,0.39457748518873476,0.5781977772774293,-2.055881415984587,0.4555619037894644,,,35.0,year_difference,PARTIAL,,1.212183053462653,,False,True,False,12.078637371890206,Maura,11.600740774711285,Low,Low,Low,eroding,Low,Medium,True,medium,1.212183053462653,configured (lower bound),True,53.77991125340132,raster_clean
S3-0089,S3,89,4425.0,359244.81837402534,2029155.2718169023,0.35429417718061734,0.9351340203499761,373.298,600,,,,-36.936999999999955,36.936999999999955,-1.0553428571428558,352.775,320.969,320.969,315.838,315.838,5,-0.9059158536585353,0.3483332397754779,0.6927401901349972,-2.014467685589509,0.20263597827243818,,,35.0,year_difference,PARTIAL,,1.212183053462653,,False,True,False,12.128629804325781,Maura,14.389793029306064,Low,Low,Low,eroding,Low,Medium,True,medium,1.212183053462653,configured (lower bound),True,54.175750462646086,raster_clean
S3-0090,S3,90,4475.0,359291.57507504284,2029137.5571080432,0.35429417718061734,0.9351340203499761,373.298,600,,2025,,-63.61200000000002,63.61200000000002,-1.817485714285715,371.302,314.376,339.496,307.69,307.69,5,-1.5085317073170736,0.6842352935810574,0.6183541238525224,-3.686073789318823,0.6690103746846756,,,35.0,year_difference,PARTIAL,,1.212183053462653,,True,True,True,12.178622236761356,Maura,17.034846301234094,Low,Low,Low,eroding,Low,Medium,True,medium,1.212183053462653,configured (lower bound),True,54.038146821472914,raster_clean
S3-0091,S3,91,4525.0,359338.33177606034,2029119.8423991841,0.35429417718061734,0.9351340203499761,373.298,600,,2025,,-55.44100000000003,55.44100000000003,-1.5840285714285722,381.658,326.217,358.023,326.217,326.217,5,-1.2458207317073178,0.7242101087704803,0.4965811102150254,-3.550580516613045,1.0589390531984095,,,35.0,year_difference,PARTIAL,,1.212183053462653,,True,True,True,12.22861466919693,Maura,32.40240970931708,Low,Low,Low,eroding,Low,Medium,True,medium,1.212183053462653,configured (lower bound),True,53.32213169924243,raster_clean
S3-0092,S3,92,4575.0,359385.08847707784,2029102.1276903253,0.35429417718061734,0.9351340203499761,373.298,600,,2025,,-31.80499999999995,42.18099999999998,-0.9087142857142843,376.549,344.744,344.744,334.368,344.744,5,-0.8761353658536579,0.4021973112093862,0.6126685589610317,-2.1561067129070106,0.40383598119969477,,,35.0,year_difference,PARTIAL,,1.212183053462653,,False,True,True,12.278607101632419,Maura,37.577845108228765,Low,Low,Low,eroding,Low,Medium,True,medium,1.212183053462653,configured (lower bound),True,54.13696924057339,raster_clean
S3-0093,S3,93,4625.0,359431.84517809533,2029084.4129814662,0.35429417718061734,0.9351340203499761,373.298,600,,2025,,-30.363,31.805000000000007,-0.8675142857142857,363.27,332.907,332.907,331.465,332.907,5,-0.7228768292682927,0.3652677703393499,0.566259003060215,-1.8853218954239748,0.43956823688738933,,,35.0,year_difference,PARTIAL,,1.212183053462653,,False,True,True,12.328599534067992,Maura,27.051391415343442,Low,Low,Low,eroding,Low,Medium,True,medium,1.212183053462653,configured (lower bound),True,54.67344996994372,raster_clean
S3-0094,S3,94,4675.0,359478.60187911283,2029066.698272607,0.35429417718061734,0.9351340203499761,373.298,600,,2025,,-45.827999999999975,45.827999999999975,-1.3093714285714277,377.274,349.992,349.992,331.446,331.446,5,-1.24280487804878,0.24397294663805177,0.8963698900224596,-2.019235680666227,-0.4663740754313329,,,35.0,year_difference,PARTIAL,,1.212183053462653,,True,True,True,12.378591966503567,Maura,36.20219873469223,Low,Low,Low,eroding,Low,Medium,True,medium,1.212183053462653,configured (lower bound),True,54.395130702157985,raster_clean
S3-0095,S3,95,4725.0,359525.3585801303,2029048.983563748,0.35429417718061734,0.9351340203499761,373.298,600,,"2020,2025",,-22.913999999999987,45.827999999999975,-0.6546857142857139,352.899,336.713,336.713,307.071,329.985,5,-0.9039560975609753,0.42020607566311247,0.6066992961772808,-2.2412393705128135,0.4333271753908632,,,35.0,year_difference,PARTIAL,,1.212183053462653,,False,True,True,12.428584398939144,Maura,20.660580465617826,Low,Low,Low,eroding,Low,Low,False,medium,1.212183053462653,configured (lower bound),True,54.53176719183817,raster_clean
S3-0096,S3,96,4775.0,359572.1152811478,2029031.268854889,0.35429417718061734,0.9351340203499761,373.298,600,,"2020,2025",,-31.805000000000007,31.805000000000007,-0.9087142857142859,355.24,328.525,351.439,323.435,323.435,5,-0.7586597560975609,0.454136860156524,0.48193219370833373,-2.2039259287958344,0.6866064166007128,,,35.0,year_difference,PARTIAL,,1.212183053462653,,False,True,True,12.47857683137463,Maura,24.21122734110477,Low,Low,Low,eroding,Low,Medium,True,medium,1.212183053462653,configured (lower bound),True,54.39503905343929,raster_clean
S3-0097,S3,97,4825.0,359618.8719821653,2029013.55414603,0.35429417718061734,0.9351340203499761,373.298,600,,"2020,2025",,-22.913999999999987,22.913999999999987,-0.6546857142857139,349.978,341.962,341.962,341.962,327.064,5,-0.47642926829268273,0.19191662749636218,0.6725859128505933,-1.0871936303909902,0.1343350938056247,,,35.0,year_difference,PARTIAL,,1.212183053462653,,False,True,True,12.528569263810205,Maura,28.194071163624127,Low,Low,Low,eroding,Low,Low,False,medium,1.212183053462653,configured (lower bound),True,54.17576781248999,raster_clean
S3-0098,S3,98,4875.0,359665.62868318276,2028995.839437171,0.35429417718061734,0.9351340203499761,373.298,600,,2020,,-31.805999999999983,31.805999999999983,-0.9087428571428566,360.49,328.684,348.518,328.684,328.684,5,-0.7127804878048778,0.4300998808595127,0.4779392792839412,-2.081550264549197,0.6559892889394412,,,35.0,year_difference,PARTIAL,,1.212183053462653,,False,True,True,12.578561696245727,Maura,26.432555560562907,Low,Low,Low,eroding,Low,Medium,True,medium,1.212183053462653,configured (lower bound),True,54.39492468598464,raster_clean
S3-0099,S3,99,4925.0,359712.38538420026,2028978.1247283118,0.35429417718061734,0.9351340203499761,373.298,600,,2020,,-45.827999999999975,45.827999999999975,-1.3093714285714277,369.972,347.211,347.211,324.144,324.144,5,-1.2869121951219507,0.21615582199265887,0.9219679327111476,-1.9748164921880507,-0.5990078980558506,,,35.0,year_difference,PARTIAL,,1.212183053462653,,True,True,True,12.6285541286813,Maura,29.76900394868365,Low,Low,Low,eroding,Low,Medium,True,medium,1.212183053462653,configured (lower bound),True,54.175690974357934,raster_clean
S3-0100,S3,100,4975.0,359759.14208521775,2028960.410019453,0.35429417718061734,0.9351340203499761,373.298,600,,2020,,-31.805999999999983,31.805999999999983,-0.9087428571428566,365.739,345.598,345.598,333.933,333.933,5,-0.8507731707317071,0.18284350300005797,0.8782987561807772,-1.4326628012993723,-0.26888354016404203,,,35.0,year_difference,PARTIAL,,1.212183053462653,,False,True,True,12.67854656111679,Maura,32.004860111183206,Low,Low,Low,eroding,Low,Medium,True,medium,1.212183053462653,configured (lower bound),True,54.39502941432921,raster_clean
S3-0101,S3,101,5025.0,359805.89878623525,2028942.6953105938,0.35429417718061734,0.9351340203499761,373.298,600,,2020,,-45.82800000000003,45.82800000000003,-1.3093714285714295,367.052,344.138,344.138,321.224,321.224,5,-1.2854195121951224,0.21645253754876942,0.9216027874564483,-1.9742680905864867,-0.5965709338037581,,,35.0,year_difference,PARTIAL,,1.212183053462653,,True,True,True,12.728538993552364,Maura,26.411971570610522,Low,Low,Low,eroding,Low,Medium,True,medium,1.212183053462653,configured (lower bound),True,54.6969109558023,raster_clean
S3-0102,S3,102,5075.0,359852.65548725275,2028924.9806017347,0.35429417718061734,0.9351340203499761,373.298,600,,2020,,-45.827999999999975,45.827999999999975,-1.3093714285714277,365.592,339.184,339.184,339.184,319.764,5,-0.9908195121951213,0.32493859613041454,0.756056604426535,-2.024919146894434,0.04328012250419122,,,35.0,year_difference,PARTIAL,,1.212183053462653,,True,True,True,12.778531425987937,Maura,27.250437602852607,Low,Low,Low,eroding,Low,Medium,True,medium,1.212183053462653,configured (lower bound),True,54.191104494428764,raster_clean
S3-0103,S3,103,5125.0,359899.41218827025,2028907.2658928758,0.35429417718061734,0.9351340203499761,373.298,600,,2020,,-31.805999999999983,31.805999999999983,-0.9087428571428566,357.712,325.906,357.712,325.906,325.906,5,-0.6981804878048776,0.5753161197086928,0.32926829268292945,-2.529093147341966,1.132732171732211,,,35.0,year_difference,PARTIAL,,1.212183053462653,,False,True,True,12.828523858423427,Maura,25.10932468153183,Low,Low,Low,eroding,Low,Medium,True,medium,1.212183053462653,configured (lower bound),True,54.39499012844517,raster_clean
S3-0104,S3,104,5175.0,359946.16888928774,2028889.5511840167,0.35429417718061734,0.9351340203499761,373.298,600,,2020,,-45.827999999999975,45.827999999999975,-1.3093714285714277,362.673,344.434,339.759,316.845,316.845,5,-1.3367304878048774,0.1628779572516085,0.9573584718159946,-1.8550808410724167,-0.8183801345373382,,,35.0,year_difference,PARTIAL,,1.212183053462653,,True,True,True,12.878516290859,Maura,22.404215743416767,Low,Low,Low,eroding,Low,Medium,True,medium,1.212183053462653,configured (lower bound),True,54.17583067364795,raster_clean
S3-0105,S3,105,5225.0,359992.92559030524,2028871.8364751576,0.35429417718061734,0.9351340203499761,373.298,600,,,,-31.80600000000004,31.80600000000004,-0.9087428571428583,362.963,338.3,331.157,331.157,331.157,5,-0.815367073170733,0.2950016703211489,0.7180283443789777,-1.7541940489367955,0.12345990259532968,,,35.0,year_difference,PARTIAL,,1.212183053462653,,False,True,False,12.928508723294575,Maura,25.05186899696429,Low,Low,Low,eroding,Low,Medium,True,medium,1.212183053462653,configured (lower bound),True,54.288899651293896,raster_clean
S3-0106,S3,106,5275.0,360039.68229132274,2028854.1217662985,0.35429417718061734,0.9351340203499761,373.298,600,,,,-63.61200000000002,63.61200000000002,-1.817485714285715,381.492,336.841,336.841,317.88,317.88,5,-1.6589219512195128,0.4262889978368915,0.8346570566286572,-3.015563797368623,-0.3022801050704029,,,35.0,year_difference,PARTIAL,,1.212183053462653,,True,True,False,12.97850115573015,Maura,24.103947647147848,Low,Low,Low,eroding,Low,Medium,True,medium,1.212183053462653,configured (lower bound),True,54.20340905732819,raster_clean
S3-0107,S3,107,5325.0,360086.43899234023,2028836.4070574397,0.35429417718061734,0.9351340203499761,373.298,600,,,,-32.83299999999997,32.83299999999997,-0.9380857142857134,368.215,335.382,336.408,336.408,335.382,5,-0.7457499999999991,0.3933808456645709,0.5450306870555053,-1.997663418854593,0.5061634188545948,,,35.0,year_difference,PARTIAL,,1.212183053462653,,False,True,False,13.028493588165638,Maura,28.08819145997258,Low,Low,Low,eroding,Low,Medium,True,medium,1.212183053462653,configured (lower bound),True,54.17567702582535,raster_clean
S3-0108,S3,108,5375.0,360133.19569335773,2028818.6923485806,0.35429417718061734,0.9351340203499761,373.298,600,,,,-56.620000000000005,56.620000000000005,-1.6177142857142859,379.751,323.131,354.938,333.923,323.131,5,-1.1283670731707314,0.7328141753361268,0.44143431086303986,-3.4605088379287157,1.2037746915872527,,,35.0,year_difference,PARTIAL,,1.212183053462653,,True,True,False,13.078486020601213,Maura,28.516060392698936,Low,Low,Low,eroding,Low,Medium,True,medium,1.212183053462653,configured (lower bound),True,55.00116558522032,raster_clean
S3-0109,S3,109,5425.0,360179.9523943752,2028800.9776397215,0.35429417718061734,0.9351340203499761,373.298,600,,,,-45.525000000000034,45.525000000000034,-1.3007142857142866,355.379,332.465,341.661,332.465,309.854,5,-0.9609097560975617,0.3748625407263537,0.6865480004733969,-2.15388966382141,0.2320701516262862,,,35.0,year_difference,PARTIAL,,1.212183053462653,,True,True,False,13.128478453036786,Maura,19.7181944899207,Low,Low,Low,eroding,Low,Medium,True,medium,1.212183053462653,configured (lower bound),True,54.17597041297505,raster_clean
S3-0110,S3,110,5475.0,360226.7090953927,2028783.2629308624,0.35429417718061734,0.9351340203499761,373.298,600,,,,-31.805999999999983,31.805999999999983,-0.9087428571428566,360.19,328.384,353.92,328.384,328.384,5,-0.7058268292682923,0.492864078052826,0.4060450629346325,-2.2743402934745696,0.8626866349379847,,,35.0,year_difference,PARTIAL,,1.212183053462653,,False,True,False,13.178470885472363,Maura,25.017829011499494,Low,Low,Low,eroding,Low,Medium,True,medium,1.212183053462653,configured (lower bound),True,53.7886940997934,raster_clean
S3-0111,S3,111,5525.0,360273.4657964102,2028765.5482220035,0.35429417718061734,0.9351340203499761,373.298,600,,,,-49.17099999999999,49.17099999999999,-1.404885714285714,378.719,329.548,346.913,346.913,329.548,5,-0.8852060975609753,0.6280873230319665,0.3983536326305601,-2.8840602781395916,1.1136480830176412,,,35.0,year_difference,PARTIAL,,1.212183053462653,,True,True,False,13.22846331790785,Maura,31.305656553252607,Low,Low,Low,eroding,Low,Medium,True,medium,1.212183053462653,configured (lower bound),True,54.32452786426879,raster_clean
S3-0112,S3,112,5575.0,360320.2224974277,2028747.8335131444,0.35429417718061734,0.9351340203499761,373.298,600,,,,-45.82800000000003,45.82800000000003,-1.3093714285714295,373.918,333.637,333.637,351.004,328.09,5,-0.8086024390243907,0.5967019578500502,0.3796973413368243,-2.707574380139838,1.0903695020910564,,,35.0,year_difference,PARTIAL,,1.212183053462653,,True,True,False,13.278455750343424,Maura,28.846745876240487,Low,Low,Low,eroding,Low,Medium,True,medium,1.212183053462653,configured (lower bound),True,54.562993567438625,raster_clean
S3-0113,S3,113,5625.0,360366.9791984452,2028730.1188042853,0.35429417718061734,0.9351340203499761,373.298,600,,,,-31.805999999999983,31.805999999999983,-0.9087428571428566,352.166,349.546,349.546,326.632,320.36,5,-0.9375731707317069,0.26539484513664613,0.8062054324360441,-1.782178015078168,-0.09296832638524566,,,35.0,year_difference,PARTIAL,,1.212183053462653,,False,True,False,13.328448182779,Maura,24.251650287939103,Low,Low,Low,eroding,Low,Medium,True,medium,1.212183053462653,configured (lower bound),True,54.02715980517637,raster_clean
S3-0114,S3,114,5675.0,360413.7358994627,2028712.4040954262,0.35429417718061734,0.9351340203499761,373.298,600,,,,-31.80600000000004,31.80600000000004,-0.9087428571428583,370.696,338.89,338.89,338.89,338.89,5,-0.7369682926829277,0.3846321503033726,0.5503048780487805,-1.9610394583092237,0.4871028729433682,,,35.0,year_difference,PARTIAL,,1.212183053462653,,False,True,False,13.378440615214576,Maura,29.664884007130603,Low,Low,Low,eroding,Low,Medium,True,medium,1.212183053462653,configured (lower bound),True,54.17589101282031,raster_clean
S3-0115,S3,115,5725.0,360460.4926004802,2028694.6893865673,0.35429417718061734,0.9351340203499761,373.298,600,,,,-43.93000000000001,43.93000000000001,-1.2551428571428573,369.544,346.631,346.631,346.631,325.614,5,-0.940998780487805,0.3122878836521308,0.7516478938164439,-1.934838202001397,0.052840641025787005,,,35.0,year_difference,PARTIAL,,1.212183053462653,,True,True,False,13.428433047650062,Maura,31.235944865120686,Low,Low,Low,eroding,Low,Medium,True,medium,1.212183053462653,configured (lower bound),True,54.762566233829276,raster_clean
S3-0116,S3,116,5775.0,360507.2493014977,2028676.9746777082,0.35429417718061734,0.9351340203499761,373.298,600,,,,-45.827999999999975,45.827999999999975,-1.3093714285714277,368.087,344.144,344.144,344.144,322.259,5,-0.9818012195121946,0.32569364427050634,0.7518029079859321,-2.0183037543752538,0.05470131535086464,,,35.0,year_difference,PARTIAL,,1.212183053462653,,True,True,False,13.478425480085638,Maura,28.593435485025612,Low,Low,Low,eroding,Low,Medium,True,medium,1.212183053462653,configured (lower bound),True,54.44560629819493,raster_clean
S3-0117,S3,117,5825.0,360554.0060025152,2028659.2599688491,0.35429417718061734,0.9351340203499761,373.298,600,,,,-41.87199999999996,41.87199999999996,-1.1963428571428558,362.674,343.716,330.868,343.716,320.802,5,-0.9020414634146333,0.36394226033510196,0.6718839392825464,-2.06026816515468,0.2561852383254132,,,35.0,year_difference,PARTIAL,,1.212183053462653,,False,True,False,13.528417912521212,Maura,24.20513843598628,Low,Low,Low,eroding,Low,Medium,True,medium,1.212183053462653,configured (lower bound),True,54.44177039580611,raster_clean
S3-0118,S3,118,5875.0,360600.7627035327,2028641.54525999,0.35429417718061734,0.9351340203499761,373.298,600,,,,-31.80600000000004,31.80600000000004,-0.9087428571428583,349.398,342.259,342.259,342.259,317.592,5,-0.6467231707317082,0.3219695160289754,0.5735403764806488,-1.6713738674321044,0.37792752596868817,,,35.0,year_difference,PARTIAL,,1.212183053462653,,False,True,False,13.578410344956787,Maura,22.415423032142698,Low,Low,Low,eroding,Low,Medium,True,medium,1.212183053462653,configured (lower bound),True,54.394777911524116,raster_clean
S3-0119,S3,119,5925.0,360647.5194045502,2028623.8305511312,0.35429417718061734,0.9351340203499761,373.298,600,,,,-45.827,45.827,-1.3093428571428571,363.715,336.122,336.122,336.122,317.888,5,-0.9951353658536584,0.32777447616518385,0.7544509719169238,-2.0382600364918506,0.04798930478453367,,,35.0,year_difference,PARTIAL,,1.212183053462653,,True,True,False,13.628402777392274,Maura,21.467901679714974,Low,Low,Low,eroding,Low,Medium,True,medium,1.212183053462653,configured (lower bound),True,54.17587978724175,raster_clean
S3-0120,S3,120,5975.0,360694.2761055677,2028606.115842272,0.35429417718061734,0.9351340203499761,373.298,600,,,,-31.80600000000004,31.80600000000004,-0.9087428571428583,354.653,339.345,339.345,339.345,322.847,5,-0.6766097560975617,0.2306221905303586,0.7415452198223083,-1.4105524942673366,0.05733298207221327,,,35.0,year_difference,PARTIAL,,1.212183053462653,,False,True,False,13.67839520982785,Maura,22.393167099093247,Low,Low,Low,eroding,Low,Medium,True,medium,1.212183053462653,configured (lower bound),True,54.39488262338633,raster_clean
S3-0121,S3,121,6025.0,360741.0328065852,2028588.401133413,0.35429417718061734,0.9351340203499761,373.298,600,,,,-58.210000000000036,58.210000000000036,-1.6631428571428581,373.184,341.378,341.378,341.378,314.974,5,-1.2521682926829276,0.4118457738686899,0.7549804306034833,-2.5628453540780494,0.058508768712194126,,,35.0,year_difference,PARTIAL,,1.212183053462653,,True,True,False,13.728387642263424,Maura,25.55661670938246,Low,Low,Low,eroding,Low,Medium,True,medium,1.212183053462653,configured (lower bound),True,54.18403828357421,raster_clean
S3-0122,S3,122,6075.0,360787.9093543724,2028570.642911406,0.3539747877866057,0.9352549650290168,373.298,600,,,,-31.802999999999997,31.802999999999997,-0.9086571428571428,359.909,336.424,359.909,359.341,328.106,5,-0.37040365853658497,0.5797451911505656,0.11977074941486943,-2.2154116001196993,1.4746042830465291,,,35.0,year_difference,PARTIAL,,1.212183053462653,,False,True,False,13.778507513849192,Maura,31.649764150265515,Low,Low,Low,eroding,Low,Medium,True,medium,1.212183053462653,configured (lower bound),True,53.82617155614433,raster_clean
S3-0123,S3,123,6125.0,360835.3136731848,2028552.7495191335,0.35229821486410046,0.9358877965886553,373.298,600,,,,-43.5,43.5,-1.2428571428571429,378.372,334.872,357.809,346.591,334.872,5,-0.8227487804878049,0.5627126904300696,0.41608913579090956,-2.6135517030832345,0.9680541421076247,,,35.0,year_difference,PARTIAL,,1.212183053462653,,True,True,False,13.829167676148135,Maura,33.28865029049541,Low,Low,Low,eroding,Low,Medium,True,medium,1.212183053462653,configured (lower bound),True,54.25171768901392,raster_clean
S3-0124,S3,124,6175.0,360882.7551023012,2028534.939932653,0.3506074487751849,0.9365225127370703,373.298,600,,,,-31.760999999999967,31.760999999999967,-0.907457142857142,364.962,333.201,356.184,356.184,333.201,5,-0.3995890243902431,0.5432399994781455,0.1527955168859657,-2.1284211536117903,1.3292431048313043,,,35.0,year_difference,PARTIAL,,1.212183053462653,,False,True,False,13.879831256697136,Maura,31.49571845117685,Low,Low,Low,eroding,Low,Medium,True,medium,1.212183053462653,configured (lower bound),True,54.83390433469252,raster_clean
S3-0125,S3,125,6225.0,360930.2286166111,2028517.2160537408,0.3489155422068057,0.9371541732322013,373.298,600,,,,-34.72700000000003,34.72700000000003,-0.992200000000001,354.466,331.488,351.478,331.488,319.739,5,-0.7372878048780493,0.41562758936319344,0.5119389996029728,-2.060000291020918,0.5854246812648196,,,35.0,year_difference,PARTIAL,,1.212183053462653,,False,True,False,13.930492883403247,Maura,20.53538495536894,Low,Low,Low,eroding,Low,Medium,True,medium,1.212183053462653,configured (lower bound),True,54.480108946512445,raster_clean
S3-0126,S3,126,6275.0,360977.6131603142,2028499.6208463854,0.3475447306002839,0.9376634045498289,373.298,600,,2025,,-39.976,39.976,-1.1421714285714286,369.642,337.92,329.666,329.666,329.666,5,-1.0168658536585369,0.3788564614624217,0.7059996680085749,-2.2225561996724803,0.18882449235540655,,,35.0,year_difference,PARTIAL,,1.212183053462653,,False,True,True,13.981024197603052,Maura,22.25844741095296,Low,Low,Low,eroding,Low,Medium,True,medium,1.212183053462653,configured (lower bound),True,54.19896888638593,raster_clean
S3-0127,S3,127,6325.0,361024.50125762937,2028482.2424987683,0.347532156049048,0.9376680652085259,373.298,600,,2025,,-49.51299999999998,49.51299999999998,-1.4146571428571422,373.832,327.843,324.319,324.319,324.319,5,-1.1859304878048775,0.5514568846475018,0.6065483678755701,-2.9409124128745834,0.5690514372648283,,,35.0,year_difference,PARTIAL,,1.212183053462653,,True,True,True,14.031014049563835,Maura,18.04601057754462,Low,Low,Low,eroding,Low,Medium,True,medium,1.212183053462653,configured (lower bound),True,54.87822542101285,raster_clean
S3-0128,S3,128,6375.0,361071.3846608897,2028464.8658909656,0.3475321560490463,0.9376680652085263,373.298,600,,2025,,-63.44499999999999,63.44499999999999,-1.8127142857142855,374.164,326.02,342.442,342.442,310.719,5,-1.173765853658536,0.6682818530070177,0.506977733341852,-3.3005369676488696,0.9530052603317973,,,35.0,year_difference,PARTIAL,,1.212183053462653,,True,True,True,14.080998896934142,Maura,22.450120510668526,Low,Low,Low,eroding,Low,Medium,True,medium,1.212183053462653,configured (lower bound),True,54.15724591720849,raster_clean
S3-0129,S3,129,6425.0,361118.26806415,2028447.4892831626,0.34753215604904464,0.9376680652085271,373.298,600,,2025,,-41.346000000000004,41.346000000000004,-1.1813142857142858,370.188,328.842,328.842,328.842,328.842,5,-0.9580170731707318,0.5000000278703145,0.5503048780487805,-2.5492403145083653,0.6332061681669015,,,35.0,year_difference,PARTIAL,,1.212183053462653,,False,True,True,14.130983744304537,Maura,20.577068076579714,Low,Low,Low,eroding,Low,Medium,True,medium,1.212183053462653,configured (lower bound),True,53.93793296646477,raster_clean
S3-0130,S3,130,6475.0,361165.15146741027,2028430.11267536,0.3475321560490429,0.9376680652085277,373.298,600,,2025,,-24.588000000000022,24.588000000000022,-0.7025142857142863,346.964,345.371,346.964,322.376,322.376,5,-0.7921207317073176,0.2717494937187663,0.739053329492059,-1.6569489039553233,0.07270744054068834,,,35.0,year_difference,PARTIAL,,1.212183053462653,,False,True,True,14.180968591674787,Maura,20.44920517989535,Low,Low,Low,eroding,Low,Low,False,medium,1.212183053462653,configured (lower bound),True,54.55030662611294,raster_clean
S3-0131,S3,131,6525.0,361212.0348706706,2028412.7360675572,0.34753215604904125,0.9376680652085283,373.298,600,,2025,,-44.533000000000015,44.533000000000015,-1.272371428571429,365.087,333.364,343.549,320.554,320.554,5,-1.144417073170732,0.35571364577285275,0.7752918323166059,-2.2764566508995445,-0.012377495441919129,,,35.0,year_difference,PARTIAL,,1.212183053462653,,True,True,True,14.230953439045095,Maura,20.433741609381862,Low,Low,Low,eroding,Low,Medium,True,medium,1.212183053462653,configured (lower bound),True,54.40789427999549,raster_clean
S3-0132,S3,132,6575.0,361258.9182739309,2028395.3594597543,0.34753215604903953,0.937668065208529,373.298,600,,2025,,-45.988999999999976,45.988999999999976,-1.313971428571428,364.721,319.764,341.727,319.764,318.732,5,-1.0350390243902434,0.5550411220212803,0.536856059678358,-2.8014275924473906,0.7313495436669037,,,35.0,year_difference,PARTIAL,,1.212183053462653,,True,True,True,14.280938286415488,Maura,16.926898970315875,Low,Low,Low,eroding,Low,Medium,True,medium,1.212183053462653,configured (lower bound),True,54.737861018858474,raster_clean
S3-0133,S3,133,6625.0,361305.8016771912,2028377.9828519516,0.34753215604903787,0.9376680652085296,373.298,600,,,,-56.73499999999996,56.73499999999996,-1.6209999999999987,362.9,337.887,337.887,337.887,306.165,5,-1.1985353658536577,0.4253233861841111,0.7257965233889934,-2.552104204766038,0.15503347305872217,,,35.0,year_difference,PARTIAL,,1.212183053462653,,True,True,False,14.330923133785795,Maura,20.70361266471609,Low,Low,Low,eroding,Low,Medium,True,medium,1.212183053462653,configured (lower bound),True,54.40779939813152,raster_clean
S3-0134,S3,134,6675.0,361352.6850804515,2028360.606244149,0.34753215604903614,0.9376680652085302,373.298,600,,,,-40.922000000000025,40.922000000000025,-1.1692000000000007,356.011,338.083,338.083,338.083,315.089,5,-0.8640682926829273,0.3076139863924112,0.7245211136413894,-1.843033287131049,0.11489670176519451,,,35.0,year_difference,PARTIAL,,1.212183053462653,,False,True,False,14.380907981156046,Maura,21.40134481848433,Low,Low,Low,eroding,Low,Medium,True,medium,1.212183053462653,configured (lower bound),True,54.15713189995354,raster_clean
S3-0135,S3,135,6725.0,361399.5684837118,2028343.229636346,0.3475321560490345,0.9376680652085309,373.298,600,,,,-63.44499999999999,63.44499999999999,-1.8127142857142855,374.134,336.262,342.411,342.411,310.689,5,-1.286521951219512,0.5279469646485818,0.6643614315455406,-2.9666848182511396,0.39364091581211547,,,35.0,year_difference,PARTIAL,,1.212183053462653,,True,True,False,14.430892828526439,Maura,25.686055467163104,Low,Low,Low,eroding,Low,Medium,True,medium,1.212183053462653,configured (lower bound),True,54.40790409810754,raster_clean
S3-0136,S3,136,6775.0,361446.4518869721,2028325.8530285433,0.34753215604903276,0.9376680652085315,373.298,600,,,,-49.089,49.089,-1.402542857142857,360.535,328.812,357.435,334.441,311.446,5,-0.9634768292682931,0.6132432925997616,0.451394257862341,-2.9150906800424203,0.988137021505834,,,35.0,year_difference,PARTIAL,,1.212183053462653,,True,True,False,14.480877675896746,Maura,23.211606638982797,Low,Low,Low,eroding,Low,Medium,True,medium,1.212183053462653,configured (lower bound),True,54.157055130756326,raster_clean
S3-0137,S3,137,6825.0,361493.33529023244,2028308.4764207406,0.34753215604903104,0.9376680652085321,373.298,600,,,,-40.400999999999954,40.400999999999954,-1.1543142857142843,355.614,346.936,346.936,332.62,315.213,5,-1.0121048780487794,0.26091089014008834,0.8337727153695464,-1.8424397763833869,-0.18176997971417186,,,35.0,year_difference,PARTIAL,,1.212183053462653,,False,True,False,14.530862523267054,Maura,24.3147363621576,Low,Low,Low,eroding,Low,Medium,True,medium,1.212183053462653,configured (lower bound),True,54.40778651085968,raster_clean
S3-0138,S3,138,6875.0,361540.2186934927,2028291.0998129377,0.3475321560490294,0.9376680652085327,373.298,600,,,,-57.25500000000005,57.25500000000005,-1.6358571428571445,365.059,333.336,333.336,333.336,307.804,5,-1.2332304878048792,0.4049806575918101,0.7555608528506867,-2.5220596852693014,0.055598709659543166,,,35.0,year_difference,PARTIAL,,1.212183053462653,,True,True,False,14.580847370637391,Maura,19.59830097481114,Low,Low,Low,eroding,Low,Medium,True,medium,1.212183053462653,configured (lower bound),True,54.157148751855686,raster_clean
S3-0139,S3,139,6925.0,361587.102096753,2028273.723205135,0.34753215604902765,0.9376680652085334,373.298,600,,,,-55.228999999999985,55.228999999999985,-1.5779714285714281,374.967,328.978,351.46,328.978,319.738,5,-1.218474390243902,0.5655080111507563,0.6074601458541711,-3.018173270938964,0.5812244904511603,,,35.0,year_difference,PARTIAL,,1.212183053462653,,True,True,False,14.630832218007697,Maura,26.02139880366751,Low,Low,Low,eroding,Low,Medium,True,medium,1.212183053462653,configured (lower bound),True,54.34708777412335,raster_clean
S3-0140,S3,140,6975.0,361633.98550001334,2028256.3465973323,0.347532156049026,0.937668065208534,373.298,600,,,,-63.44499999999999,63.44499999999999,-1.8127142857142855,369.584,337.862,337.862,327.158,306.139,5,-1.4975975609756094,0.32833374057697146,0.8739738995265539,-2.5425020605747717,-0.45269306137644727,,,35.0,year_difference,PARTIAL,,1.212183053462653,,True,True,False,14.680817065378005,Maura,21.091364697096985,Low,Low,Low,eroding,Low,Medium,True,medium,1.212183053462653,configured (lower bound),True,54.15707198863563,raster_clean
S3-0141,S3,141,7025.0,361680.86890327366,2028238.9699895293,0.34753215604902427,0.9376680652085346,373.298,600,,,,-31.723000000000013,31.723000000000013,-0.9063714285714289,355.986,348.332,325.337,324.263,324.263,5,-0.9979073170731712,0.22405990030624148,0.8686279657435594,-1.7109659189650053,-0.28484871518133703,,,35.0,year_difference,PARTIAL,,1.212183053462653,,False,True,False,14.730801912748397,Maura,21.17970050398725,Low,Low,Low,eroding,Low,Medium,True,medium,1.212183053462653,configured (lower bound),True,54.1569952266598,raster_clean
S3-0142,S3,142,7075.0,361727.7523065339,2028221.5933817266,0.3475321560490226,0.9376680652085353,373.298,600,,,,-63.446000000000026,63.446000000000026,-1.8127428571428579,374.11,342.387,342.387,323.517,310.664,5,-1.607164634146342,0.2701376386413518,0.921866255668156,-2.4668631641585774,-0.7474661041341064,,,35.0,year_difference,PARTIAL,,1.212183053462653,,True,True,False,14.78078676011865,Maura,24.329617956392582,Low,Low,Low,eroding,Low,Medium,True,medium,1.212183053462653,configured (lower bound),True,55.08045028235497,raster_clean
S3-0143,S3,143,7125.0,361774.63570979424,2028204.2167739237,0.3475321560490209,0.9376680652085359,373.298,600,,2025,,-68.98399999999998,68.98399999999998,-1.970971428571428,367.686,321.697,328.789,298.702,298.702,5,-1.8141024390243898,0.4571806043101176,0.8399589794283988,-3.2690551640584964,-0.3591497139902833,,,35.0,year_difference,PARTIAL,,1.212183053462653,,True,True,True,14.830771607489043,Maura,9.005046167090917,Low,Low,Low,eroding,Low,Medium,True,medium,1.212183053462653,configured (lower bound),True,54.15711156486759,raster_clean
S3-0144,S3,144,7175.0,361821.51911305456,2028186.840166121,0.34753215604901916,0.9376680652085365,373.298,600,,2025,,-63.446000000000026,63.446000000000026,-1.8127428571428579,378.636,315.19,346.913,315.19,315.19,5,-1.4314036585365861,0.7912644139862902,0.52172256097561,-3.9495601693297337,1.0867528522565615,,,35.0,year_difference,PARTIAL,,1.212183053462653,,True,True,True,14.880756454859348,Maura,20.286714867701292,Low,Low,Low,eroding,Low,Medium,True,medium,1.212183053462653,configured (lower bound),True,53.70201378307547,raster_clean
S3-0145,S3,145,7225.0,361868.4025163148,2028169.4635583183,0.3475321560490175,0.9376680652085372,373.298,600,,2025,,-46.980999999999995,46.980999999999995,-1.3423142857142856,365.038,333.315,341.051,333.315,318.057,5,-1.0233280487804877,0.36244375316634014,0.7265681537376742,-2.176785831917867,0.13012973435689168,,,35.0,year_difference,PARTIAL,,1.212183053462653,,True,True,True,14.930741302229602,Maura,24.39122659695388,Low,Low,Low,eroding,Low,Medium,True,medium,1.212183053462653,configured (lower bound),True,54.1571825052517,raster_clean
S3-0146,S3,146,7275.0,361915.28591957514,2028152.0869505154,0.3475321560490158,0.9376680652085377,373.298,600,,2025,,-42.509000000000015,42.509000000000015,-1.2145428571428576,362.226,339.232,339.232,319.717,319.717,5,-1.1753548780487812,0.20774375782398632,0.91430954541692,-1.83648823258148,-0.5142215235160826,,,35.0,year_difference,PARTIAL,,1.212183053462653,,True,True,True,14.980726149599995,Maura,22.433974667717123,Low,Low,Low,eroding,Low,Medium,True,medium,1.212183053462653,configured (lower bound),True,54.40764315611561,raster_clean
S3-0147,S3,147,7325.0,361962.16932283546,2028134.7103427127,0.3475321560490141,0.9376680652085384,373.298,600,,2025,,-45.988999999999976,45.988999999999976,-1.313971428571428,360.407,337.842,337.412,337.842,314.418,5,-0.980425609756097,0.3309897747678804,0.7452023879788221,-2.0337827955528245,0.07293157604063039,,,35.0,year_difference,PARTIAL,,1.212183053462653,,True,True,True,15.030710996970301,Maura,24.16650061759084,Low,Low,Low,eroding,Low,Medium,True,medium,1.212183053462653,configured (lower bound),True,54.1571057556437,raster_clean
S3-0148,S3,148,7375.0,362009.05272609583,2028117.33373491,0.3475321560490124,0.9376680652085391,373.298,600,,,,-31.722999999999956,31.722999999999956,-0.9063714285714273,355.967,335.593,324.244,355.967,324.244,5,-0.43405487804877996,0.594058615654659,0.1510709101900739,-2.3246145245609036,1.4565047684633439,,,35.0,year_difference,PARTIAL,,1.212183053462653,,False,True,False,15.080695844340662,Maura,25.95842621152039,Low,Low,Low,eroding,Low,Medium,True,medium,1.212183053462653,configured (lower bound),True,54.40774784789585,raster_clean
S3-0149,S3,149,7425.0,362055.9361293561,2028099.957127107,0.3475321560490107,0.9376680652085396,373.298,600,,,,-45.988999999999976,45.988999999999976,-1.313971428571428,356.768,342.369,333.774,333.774,310.779,5,-1.0758060975609753,0.26098822199503147,0.8499345975603502,-1.9063871003716273,-0.2452250947503234,,,35.0,year_difference,PARTIAL,,1.212183053462653,,True,True,False,15.130680691711001,Maura,22.421383753279517,Low,Low,Low,eroding,Low,Medium,True,medium,1.212183053462653,configured (lower bound),True,54.764992843396264,raster_clean
S3-0150,S3,150,7475.0,362102.8195326164,2028082.5805193044,0.347532156049009,0.9376680652085403,373.298,600,,,,-51.535000000000025,51.535000000000025,-1.472428571428572,360.495,331.955,328.772,328.772,308.96,5,-1.156556097560976,0.32918953767586345,0.8044785655732161,-2.20418412547558,-0.10892806964637258,,,35.0,year_difference,PARTIAL,,1.212183053462653,,True,True,False,15.180665539081309,Dodan,12.010066908397423,Low,Low,Low,eroding,Low,Medium,True,medium,1.212183053462653,configured (lower bound),True,54.16109375268466,raster_clean
S3-0151,S3,151,7525.0,362149.70293587673,2028065.2039115017,0.34753215604900733,0.937668065208541,373.298,600,,,,-37.95600000000002,37.95600000000002,-1.0844571428571435,353.13,330.136,330.136,346.897,315.174,5,-0.5998865853658544,0.5001989931872567,0.3240671314666774,-2.19174302314127,0.9919698524095613,,,35.0,year_difference,PARTIAL,,1.212183053462653,,False,True,False,15.230650386451615,Dodan,15.585441462340192,Low,Low,Low,eroding,Low,Medium,True,medium,1.212183053462653,configured (lower bound),True,54.40748304750244,raster_clean
S3-0152,S3,152,7575.0,362196.58633913705,2028047.8273036988,0.3475321560490056,0.9376680652085415,373.298,600,,2025,,-59.700000000000045,59.700000000000045,-1.705714285714287,365.023,333.3,333.3,351.311,305.323,5,-1.0393268292682942,0.678658336160203,0.4387612667348759,-3.199120543731321,1.1204668851947324,,,35.0,year_difference,PARTIAL,,1.212183053462653,,True,True,True,15.280635233822007,Dodan,18.413827038755585,Low,Low,Low,eroding,Low,Medium,True,medium,1.212183053462653,configured (lower bound),True,54.15723902959239,raster_clean
S3-0153,S3,153,7625.0,362243.4697423973,2028030.450695896,0.3475321560490039,0.9376680652085422,373.298,600,,2025,,-31.723000000000013,31.723000000000013,-0.9063714285714289,351.426,326.499,326.499,326.499,319.703,5,-0.7101817073170734,0.2766088971856812,0.6872341567173317,-1.5904746701742456,0.17011125554009876,,,35.0,year_difference,PARTIAL,,1.212183053462653,,False,True,True,15.33062008119226,Dodan,11.159361399794962,Low,Low,Low,eroding,Low,Medium,True,medium,1.212183053462653,configured (lower bound),True,54.27196799227836,raster_clean
S3-0154,S3,154,7675.0,362290.35314565763,2028013.0740880934,0.3475321560490022,0.9376680652085428,373.298,600,,2025,,-63.447,63.447,-1.8127714285714287,369.552,337.829,337.829,337.829,306.105,5,-1.3540500000000002,0.4550220019472658,0.7469492012015158,-2.8021330889198723,0.09403308891987194,,,35.0,year_difference,PARTIAL,,1.212183053462653,,True,True,True,15.380604928562567,Dodan,19.1344710304216,Low,Low,Low,eroding,Low,Medium,True,medium,1.212183053462653,configured (lower bound),True,54.9042733949534,raster_clean
S3-0155,S3,155,7725.0,362337.23654891795,2027995.6974802904,0.3475321560490005,0.9376680652085434,373.298,600,,2025,,-56.08699999999999,56.08699999999999,-1.602485714285714,355.955,345.856,345.856,324.231,299.868,5,-1.4214195121951219,0.3858256475139952,0.8189780774049416,-2.64928891860973,-0.1935501057805138,,,35.0,year_difference,PARTIAL,,1.212183053462653,,True,True,True,15.430589775932958,Dodan,15.930545620756671,Low,Low,Low,eroding,Low,Medium,True,medium,1.212183053462653,configured (lower bound),True,54.157278663271526,raster_clean
S3-0156,S3,156,7775.0,362384.11995217827,2027978.3208724877,0.34753215604899884,0.9376680652085441,373.298,600,,2025,,-63.446000000000026,63.446000000000026,-1.8127428571428579,374.081,342.358,342.358,342.358,310.635,5,-1.3540304878048788,0.45501301564418173,0.7469512195121946,-2.802084978297703,0.09402400268794531,,,35.0,year_difference,PARTIAL,,1.212183053462653,,True,True,True,15.480574623303266,Dodan,24.20685080692103,Low,Low,Low,eroding,Low,Medium,True,medium,1.212183053462653,configured (lower bound),True,53.70240175792662,raster_clean
S3-0157,S3,157,7825.0,362431.00335543853,2027960.944264685,0.3475321560489971,0.9376680652085447,373.298,600,,2025,,-45.988,45.988,-1.313942857142857,365.214,342.22,328.761,342.22,319.226,5,-0.9978646341463415,0.3960486121176572,0.6790804310783936,-2.2582680764929197,0.2625388082002369,,,35.0,year_difference,PARTIAL,,1.212183053462653,,True,True,True,15.530559470673518,Dodan,21.648715868040288,Low,Low,Low,eroding,Low,Medium,True,medium,1.212183053462653,configured (lower bound),True,54.15700882272,raster_clean
S3-0158,S3,158,7875.0,362477.88675869885,2027943.567656882,0.34753215604899546,0.9376680652085453,373.298,600,,2025,,-63.447,63.447,-1.8127714285714287,378.611,340.402,340.402,317.408,315.164,5,-1.6862353658536582,0.3337010332364694,0.8948627961051169,-2.748220986146416,-0.6242497455609004,,,35.0,year_difference,PARTIAL,,1.212183053462653,,True,True,True,15.580544318043911,Dodan,20.78955585838119,Low,Low,Low,eroding,Low,Medium,True,medium,1.212183053462653,configured (lower bound),True,54.74720746592372,raster_clean
S3-0159,S3,159,7925.0,362523.9283962938,2027926.4625095825,0.34975066892961104,0.9368428201055338,373.298,600,,2025,,-63.500999999999976,63.500999999999976,-1.814314285714285,365.046,333.296,333.296,333.296,301.545,5,-1.3552024390243897,0.4554092714810055,0.7469492029179435,-2.8045179924410606,0.09411311439228132,,,35.0,year_difference,PARTIAL,,1.212183053462653,,True,True,True,15.629646730644613,Dodan,15.920205975081453,Low,Low,Low,eroding,Low,Medium,True,medium,1.212183053462653,configured (lower bound),True,54.142979641355694,raster_clean
S3-0160,S3,160,7975.0,362569.4966540296,2027909.3581921419,0.353079632747263,0.9355932732438054,373.298,600,,2025,,-68.781,68.781,-1.9651714285714288,382.974,337.12,319.825,314.193,314.193,5,-1.8384756097560977,0.5026691716657866,0.8168136882633814,-3.438193257903902,-0.23875796160829332,,,35.0,year_difference,PARTIAL,,1.212183053462653,,True,True,True,15.678309147029413,Dodan,16.34960754340384,Low,Low,Low,eroding,Low,Medium,True,medium,1.212183053462653,configured (lower bound),True,53.90961829787952,raster_clean
S3-0161,S3,161,8025.0,362615.00378884544,2027892.0919581624,0.35640417448523254,0.9343318812978073,373.298,600,,2025,,-63.668000000000006,63.668000000000006,-1.8190857142857144,370.164,312.87,338.33,306.496,306.496,5,-1.5063707317073172,0.6899972016255147,0.613708957356617,-3.702249776676534,0.6895083132618998,,,35.0,year_difference,PARTIAL,,1.212183053462653,,True,True,True,15.726974782351599,Dodan,9.446778492282004,Low,Low,Low,eroding,Low,Medium,True,medium,1.212183053462653,configured (lower bound),True,54.152364222945494,raster_clean
S3-0162,S3,162,8075.0,362660.44927274814,2027874.6640088984,0.35972412610441834,0.9330587082806808,373.298,600,,2025,,-45.696000000000026,45.696000000000026,-1.3056000000000008,357.425,325.186,334.577,325.186,311.729,5,-0.998124390243903,0.36790131039716273,0.7104383774458163,-2.168950556226388,0.17270177573858203,,,35.0,year_difference,PARTIAL,,1.212183053462653,,True,True,True,15.775643071629291,Dodan,13.10583480481218,Low,Low,Low,eroding,Low,Medium,True,medium,1.212183053462653,configured (lower bound),True,54.027650986383435,raster_clean
S3-0163,S3,163,8125.0,362706.6722685004,2027856.7905931359,0.3608279153781979,0.9326324117699449,373.298,600,,2025,,-44.127999999999986,44.127999999999986,-1.2607999999999997,356.328,333.493,344.091,312.2,312.2,5,-1.2172902439024387,0.3542487207417046,0.7974050800116159,-2.3446677763783565,-0.0899127114265208,,,35.0,year_difference,PARTIAL,,1.212183053462653,,True,True,True,15.825198585809654,Dodan,13.518248793544654,Low,Low,Low,eroding,Low,Medium,True,medium,1.212183053462653,configured (lower bound),True,54.344183187880326,raster_clean
S3-0164,S3,164,8175.0,362753.30388908886,2027838.7491973669,0.36082791537819614,0.9326324117699456,373.298,600,,2025,,-53.464999999999975,53.464999999999975,-1.527571428571428,363.027,331.136,332.397,309.562,309.562,5,-1.447763414634146,0.2927174675587313,0.890759472822957,-2.379321037758434,-0.516205791509858,,,35.0,year_difference,PARTIAL,,1.212183053462653,,True,True,True,15.875195880645203,Dodan,10.553499572962727,Low,Low,Low,eroding,Low,Medium,True,medium,1.212183053462653,configured (lower bound),True,54.41965529159252,raster_clean
S3-0165,S3,165,8225.0,362799.93550967734,2027820.7078015981,0.36082791537819436,0.9326324117699463,373.298,600,,2025,,-68.505,68.505,-1.957285714285714,376.972,331.302,331.302,318.181,308.467,5,-1.6797817073170735,0.42613206840820683,0.8381771601920263,-3.0359241339856755,-0.3236392806484716,,,35.0,year_difference,PARTIAL,,1.212183053462653,,True,True,True,15.925193175480667,Dodan,14.22209437324122,Low,Low,Low,eroding,Low,Medium,True,medium,1.212183053462653,configured (lower bound),True,54.433556973846265,raster_clean
S3-0166,S3,166,8275.0,362846.5671302658,2027802.6664058291,0.3608279153781926,0.9326324117699469,373.298,600,,2025,,-63.78199999999998,63.78199999999998,-1.8223428571428566,369.008,337.117,330.206,330.206,305.226,5,-1.4623378048780484,0.3706026434889481,0.8384459230521686,-2.6417608183778265,-0.28291479137827036,,,35.0,year_difference,PARTIAL,,1.212183053462653,,True,True,True,15.975190470316214,Dodan,14.890604945913214,Low,Low,Low,eroding,Low,Medium,True,medium,1.212183053462653,configured (lower bound),True,53.97429830507279,raster_clean
S3-0167,S3,167,8325.0,362893.1987508543,2027784.6250100601,0.3608279153781908,0.9326324117699476,373.298,600,,2025,,-63.78200000000004,63.78200000000004,-1.8223428571428582,387.944,351.946,324.162,324.162,324.162,5,-1.7828219512195136,0.4757943032723019,0.8239471229796018,-3.2970117737434865,-0.26863212869554043,,,35.0,year_difference,PARTIAL,,1.212183053462653,,True,True,True,16.025187765151763,Dodan,22.57364482964881,Low,Low,Low,eroding,Low,Medium,True,medium,1.212183053462653,configured (lower bound),True,54.197027467332404,raster_clean
S3-0168,S3,168,8375.0,362939.8303714428,2027766.5836142912,0.3608279153781891,0.9326324117699483,373.298,600,,2025,,-63.78199999999998,63.78199999999998,-1.8223428571428566,374.99,343.099,343.099,343.099,311.208,5,-1.3612012195121947,0.45742269274370395,0.746951219512197,-2.81692437798732,0.0945219389629306,,,35.0,year_difference,PARTIAL,,1.212183053462653,,True,True,True,16.075185059987312,Dodan,22.758174078965407,Low,Low,Low,eroding,Low,Medium,True,medium,1.212183053462653,configured (lower bound),True,54.270910516679244,raster_clean
S3-0169,S3,169,8425.0,362986.46199203125,2027748.542218522,0.36082791537818737,0.932632411769949,373.298,600,,2025,,-45.670000000000016,45.670000000000016,-1.3048571428571434,372.591,362.035,349.756,330.144,326.921,5,-1.3725219512195126,0.09626082835272987,0.9854581377607544,-1.678866868754207,-1.0661770336848182,,,35.0,year_difference,PARTIAL,,1.212183053462653,,True,True,True,16.125182354822947,Dodan,27.509127111062007,Low,Low,Low,eroding,Low,Medium,True,medium,1.212183053462653,configured (lower bound),True,54.196950756713214,raster_clean
S3-0170,S3,170,8475.0,363033.09361261973,2027730.5008227532,0.36082791537818565,0.9326324117699497,373.298,600,,2025,,-63.78199999999998,63.78199999999998,-1.8223428571428566,380.972,349.081,349.081,325.826,317.19,5,-1.6731585365853654,0.2637680378683322,0.930615615421025,-2.5125861541513723,-0.8337309190193585,,,35.0,year_difference,PARTIAL,,1.212183053462653,,True,True,True,16.17517964965841,Dodan,23.21062935951937,Low,Low,Low,eroding,Low,Medium,True,medium,1.212183053462653,configured (lower bound),True,54.38446221119846,raster_clean
S3-0171,S3,171,8525.0,363079.7252332082,2027712.4594269842,0.36082791537818387,0.9326324117699504,373.298,600,,2025,,-45.670000000000016,45.670000000000016,-1.3048571428571434,370.401,347.566,347.566,336.127,324.731,5,-1.1281146341463415,0.2056005204119214,0.9093829318892352,-1.7824272506956684,-0.4738020175970147,,,35.0,year_difference,PARTIAL,,1.212183053462653,,True,True,True,16.22517694449396,Dodan,23.619549949872795,Low,Low,Low,eroding,Low,Medium,True,medium,1.212183053462653,configured (lower bound),True,54.197051141632016,raster_clean
S3-0172,S3,172,8575.0,363126.3568537967,2027694.4180312152,0.36082791537818215,0.932632411769951,373.298,600,,2025,,-63.78199999999998,63.78199999999998,-1.8223428571428566,386.955,355.064,346.471,323.636,323.173,5,-1.7932756097560971,0.2371132525127034,0.9501646300335636,-2.547875804148953,-1.0386754153632414,,,35.0,year_difference,PARTIAL,,1.212183053462653,,True,True,True,16.27517423932951,Dodan,24.961834521800636,Low,Low,Low,eroding,Low,Medium,True,medium,1.212183053462653,configured (lower bound),True,54.38435103553234,raster_clean
S3-0173,S3,173,8625.0,363172.9884743852,2027676.3766354462,0.3608279153781804,0.9326324117699517,373.298,600,,2025,,-68.50500000000005,68.50500000000005,-1.9572857142857158,391.047,345.377,342.11,322.542,322.542,5,-1.814075609756099,0.42227044108184686,0.8601767064815706,-3.1579286148075445,-0.4702226047046538,,,35.0,year_difference,PARTIAL,,1.212183053462653,,True,True,True,16.325171534165058,Dodan,22.186477992368552,Low,Low,Low,eroding,Low,Medium,True,medium,1.212183053462653,configured (lower bound),True,54.37361492512989,raster_clean
S3-0174,S3,174,8675.0,363219.62009497365,2027658.3352396772,0.3608279153781786,0.9326324117699524,373.298,600,,2025,,-45.66900000000004,45.66900000000004,-1.3048285714285726,367.117,344.283,344.283,321.448,321.448,5,-1.2809646341463428,0.21570050730440196,0.9216040406919666,-1.967419916665058,-0.5945093516276273,,,35.0,year_difference,PARTIAL,,1.212183053462653,,True,True,True,16.375168829000607,Dodan,16.739624555560322,Low,Low,Low,eroding,Low,Medium,True,medium,1.212183053462653,configured (lower bound),True,54.47940735941627,raster_clean
S3-0175,S3,175,8725.0,363266.25171556213,2027640.2938439085,0.3608279153781768,0.932632411769953,373.298,600,,2025,,-49.821000000000026,49.821000000000026,-1.4234571428571436,366.023,348.094,348.094,316.202,316.202,5,-1.4655304878048785,0.2659030351094332,0.9101174151692197,-2.3117526194526183,-0.6193083561571388,,,35.0,year_difference,PARTIAL,,1.212183053462653,,True,True,True,16.42516612383607,Dodan,15.507608469345532,Low,Low,Low,eroding,Low,Medium,True,medium,1.212183053462653,configured (lower bound),True,54.75135325714384,raster_clean
S3-0176,S3,176,8775.0,363312.8833361506,2027622.2524481395,0.36082791537817505,0.9326324117699537,373.298,600,,2025,,-63.78199999999998,63.78199999999998,-1.8223428571428566,367.031,342.094,342.094,335.14,303.249,5,-1.4290451219512192,0.41197626694336453,0.8004293131614275,-2.740137470549704,-0.11795277335273435,,,35.0,year_difference,PARTIAL,,1.212183053462653,,True,True,True,16.475163418671617,Dodan,14.067000432362184,Low,Low,Low,eroding,Low,Medium,True,medium,1.212183053462653,configured (lower bound),True,54.19722061367249,raster_clean
S3-0177,S3,177,8825.0,363359.5149567391,2027604.2110523705,0.3608279153781733,0.9326324117699544,373.298,600,,2025,,-41.64799999999997,41.64799999999997,-1.1899428571428563,363.835,354.078,341.001,322.187,322.187,5,-1.292093902439023,0.11179904294700797,0.9780333942237327,-1.647888353599983,-0.9362994512780629,,,35.0,year_difference,PARTIAL,,1.212183053462653,,False,True,True,16.52516071350717,Dodan,16.36364817575723,Low,Low,Low,eroding,Low,Medium,True,medium,1.212183053462653,configured (lower bound),True,54.017403882227335,raster_clean
S3-0178,S3,178,8875.0,363406.14657732757,2027586.1696566015,0.36082791537817155,0.932632411769955,373.298,600,,2025,,-55.94400000000002,55.94400000000002,-1.5984000000000005,373.016,341.124,341.124,317.072,317.072,5,-1.5309170731707324,0.2849129617207539,0.9058738963020304,-2.4376372755263844,-0.6241968708150807,,,35.0,year_difference,PARTIAL,,1.212183053462653,,True,True,True,16.57515800834272,Dodan,13.148508617520807,Low,Low,Low,eroding,Low,Medium,True,medium,1.212183053462653,configured (lower bound),True,54.19694412803881,raster_clean
S3-0179,S3,179,8925.0,363452.77819791605,2027568.1282608327,0.36082791537816983,0.9326324117699557,373.298,600,,2025,,-56.31200000000001,56.31200000000001,-1.608914285714286,384.483,360.063,360.063,328.171,328.171,5,-1.6159317073170736,0.2700631490256093,0.9226857220248241,-2.4753931781269074,-0.7564702365072399,,,35.0,year_difference,PARTIAL,,1.212183053462653,,True,True,True,16.62515530317818,Dodan,27.017309794389618,Low,Low,Low,eroding,Low,Medium,True,medium,1.212183053462653,configured (lower bound),True,54.37658478487859,raster_clean
S3-0180,S3,180,8975.0,363499.4098185046,2027550.0868650638,0.3608279153781681,0.9326324117699565,373.298,600,,2025,,-63.78299999999996,63.78299999999996,-1.8223714285714274,379.001,347.109,337.72,347.109,315.218,5,-1.3726743902439014,0.47694372197117874,0.7341191679985222,-2.8905221760593394,0.1451733955715364,,,35.0,year_difference,PARTIAL,,1.212183053462653,,True,True,True,16.675152598013785,Dodan,19.619531643269443,Low,Low,Low,eroding,Low,Medium,True,medium,1.212183053462653,configured (lower bound),True,54.663697142437826,raster_clean
S3-0181,S3,181,9025.0,363546.04143909307,2027532.0454692948,0.3608279153781664,0.9326324117699571,373.298,600,,2025,,-68.50400000000002,68.50400000000002,-1.9572571428571435,382.296,336.627,334.156,336.627,313.792,5,-1.5067585365853664,0.5213361575634555,0.7357567590814436,-3.16588286503399,0.1523657918632575,,,35.0,year_difference,PARTIAL,,1.212183053462653,,True,True,True,16.725149892849334,Dodan,14.648659838232781,Low,Low,Low,eroding,Low,Medium,True,medium,1.212183053462653,configured (lower bound),True,54.196990536127146,raster_clean
S3-0182,S3,182,9075.0,363592.67305968155,2027514.0040735258,0.3608279153781646,0.9326324117699578,373.298,600,,2025,,-60.0,60.0,-1.7142857142857142,381.203,353.095,335.534,335.534,321.203,5,-1.530556097560976,0.2853237992429575,0.9055875651622913,-2.4385837682712364,-0.6225284268507156,,,35.0,year_difference,PARTIAL,,1.212183053462653,,True,True,True,16.77514718768488,Dodan,18.82343510507798,Low,Low,Low,eroding,Low,Medium,True,medium,1.212183053462653,configured (lower bound),True,54.38427223935951,raster_clean
S3-0183,S3,183,9125.0,363639.30468027,2027495.9626777568,0.36082791537816283,0.9326324117699585,373.298,600,,2025,,-60.428,60.428,-1.7265142857142857,372.034,340.142,340.142,334.441,311.606,5,-1.372237804878049,0.3599427176807464,0.8289060714386358,-2.517736176874917,-0.22673943288118092,,,35.0,year_difference,PARTIAL,,1.212183053462653,,True,True,True,16.825144482520432,Dodan,12.743606094629794,Low,Low,Low,eroding,Low,Medium,True,medium,1.212183053462653,configured (lower bound),True,54.197090955559986,raster_clean
S3-0184,S3,184,9175.0,363685.9363008585,2027477.921281988,0.36082791537816106,0.9326324117699591,373.298,600,,2025,,-51.82899999999995,51.82899999999995,-1.48082857142857,379.018,356.183,333.348,327.189,327.189,5,-1.5116317073170717,0.2689424863529322,0.9132740222961491,-2.367526729344775,-0.6557366852893686,,,35.0,year_difference,PARTIAL,,1.212183053462653,,True,True,True,16.875141777355893,Dodan,17.21656985444631,Low,Low,Low,eroding,Low,Medium,True,medium,1.212183053462653,configured (lower bound),True,54.27384653183791,raster_clean
S3-0185,S3,185,9225.0,363732.567921447,2027459.879886219,0.3608279153781593,0.9326324117699598,373.298,600,,2025,,-63.68799999999999,63.68799999999999,-1.8196571428571424,377.925,346.128,346.128,346.128,314.237,5,-1.359023170731707,0.4569202579197637,0.7467612624264905,-2.813147357357738,0.09510101589432374,,,35.0,year_difference,PARTIAL,,1.212183053462653,,True,True,True,16.925139072191442,Dodan,18.301064374526888,Low,Low,Low,eroding,Low,Medium,True,medium,1.212183053462653,configured (lower bound),True,54.76618416172568,raster_clean
S3-0186,S3,186,9275.0,363779.19954203547,2027441.83849045,0.36082791537815756,0.9326324117699605,373.298,600,,2025,,-56.738,56.738,-1.6210857142857142,365.067,333.176,333.176,331.163,308.329,5,-1.2507609756097557,0.37751260785020735,0.7853624652115422,-2.4521745796606655,-0.049347371558846165,,,35.0,year_difference,PARTIAL,,1.212183053462653,,True,True,True,16.975136367026995,Dodan,5.9352779376836615,Low,Low,Low,eroding,Low,Medium,True,medium,1.212183053462653,configured (lower bound),True,54.49438713409162,raster_clean
S3-0187,S3,187,9325.0,363825.83116262394,2027423.797094681,0.3608279153781558,0.9326324117699611,373.298,600,,2025,,-68.50299999999999,68.50299999999999,-1.957228571428571,375.74,352.115,352.115,320.224,307.237,5,-1.8508829268292686,0.2957868131711151,0.928836051583387,-2.792208577557326,-0.909557276101211,,,35.0,year_difference,PARTIAL,,1.212183053462653,,True,True,True,17.025133661862544,Dodan,12.799749409640993,Low,Low,Low,eroding,Low,Medium,True,medium,1.212183053462653,configured (lower bound),True,54.35837228934921,raster_clean
S3-0188,S3,188,9375.0,363872.4627832124,2027405.755698912,0.36082791537815406,0.9326324117699618,373.298,600,,2025,,-63.78299999999996,63.78299999999996,-1.8223714285714274,371.054,339.163,339.163,328.979,307.271,5,-1.4978353658536578,0.33581820586139366,0.8689606637202534,-2.5665587743442537,-0.42911195736306196,,,35.0,year_difference,PARTIAL,,1.212183053462653,,True,True,True,17.07513095669809,Dodan,8.00047098298666,Low,Low,Low,eroding,Low,Medium,True,medium,1.212183053462653,configured (lower bound),True,54.384199942304576,raster_clean
S3-0189,S3,189,9425.0,363919.0944038009,2027387.7143031433,0.36082791537815234,0.9326324117699626,373.298,600,,2025,,-68.50299999999999,68.50299999999999,-1.957228571428571,373.556,327.887,327.887,326.211,305.053,5,-1.5262085365853653,0.49807809046709844,0.7578554271659101,-3.1113153153351467,0.058898242164416414,,,35.0,year_difference,PARTIAL,,1.212183053462653,,True,True,True,17.125128251533557,Dodan,2.5542175231338233,Low,Low,Low,eroding,Low,Medium,True,medium,1.212183053462653,configured (lower bound),True,54.19718383481263,raster_clean
S3-0190,S3,190,9475.0,363965.7260243894,2027369.6729073743,0.36082791537815057,0.9326324117699633,373.298,600,,2025,,-63.78299999999996,63.78299999999996,-1.8223714285714274,377.042,345.15,345.15,313.259,313.259,5,-1.7890304878048766,0.30125775315583725,0.921601889906615,-2.747767111273742,-0.8302938643360112,,,35.0,year_difference,PARTIAL,,1.212183053462653,,True,True,True,17.175125546369102,Paddaya,9.171645774351795,Low,Low,Low,eroding,Low,Medium,True,medium,1.212183053462653,configured (lower bound),True,54.38430460213487,raster_clean
S3-0191,S3,191,9525.0,364012.35764497786,2027351.6315116053,0.36082791537814884,0.9326324117699639,373.298,600,,2025,,-91.33799999999997,91.33799999999997,-2.609657142857142,394.207,348.538,348.538,332.199,302.869,5,-2.168468292682926,0.46374078781443906,0.8793499670752263,-3.644298449472344,-0.6926381358935088,,,35.0,year_difference,PARTIAL,,1.212183053462653,,True,True,True,17.22512284120465,Paddaya,16.225230161768092,Medium,Medium,Medium,eroding,Low,Medium,True,medium,1.212183053462653,configured (lower bound),True,54.19710716430548,raster_clean
S3-0192,S3,192,9575.0,364058.98926556634,2027333.5901158364,0.36082791537814707,0.9326324117699646,373.298,600,,2025,,-63.78299999999996,63.78299999999996,-1.8223714285714274,383.03,347.447,347.447,324.612,319.247,5,-1.681051219512194,0.2975571456004385,0.9140817959182662,-2.628010858139076,-0.7340915808853122,,,35.0,year_difference,PARTIAL,,1.212183053462653,,True,True,True,17.2751201360402,Paddaya,15.867472461145377,Low,Low,Low,eroding,Low,Medium,True,medium,1.212183053462653,configured (lower bound),True,53.86134620805578,raster_clean
S3-0193,S3,193,9625.0,364105.6208861548,2027315.5487200674,0.36082791537814535,0.9326324117699653,373.298,600,,,,-68.50299999999999,68.50299999999999,-1.957228571428571,392.024,338.187,338.187,338.187,323.521,5,-1.5336085365853656,0.5974326710169713,0.687157153247939,-3.4349059331191025,0.36768885994837164,,,35.0,year_difference,PARTIAL,,1.212183053462653,,True,True,False,17.32511743087575,Paddaya,18.08775547577044,Low,Low,Low,eroding,Low,Medium,True,medium,1.212183053462653,configured (lower bound),True,54.261291065534785,raster_clean
S3-0194,S3,194,9675.0,364152.2525067433,2027297.5073242986,0.3608279153781435,0.9326324117699659,373.298,600,,,,-66.589,66.589,-1.902542857142857,389.019,357.127,357.127,325.235,322.43,5,-1.8437951219512192,0.2919299425790022,0.9300542252108839,-2.7728464891134497,-0.9147437547889887,,,35.0,year_difference,PARTIAL,,1.212183053462653,,True,True,False,17.375114725711214,Paddaya,22.80968392532686,Low,Low,Low,eroding,Low,Medium,True,medium,1.212183053462653,configured (lower bound),True,54.591379827734926,raster_clean
S3-0195,S3,195,9725.0,364198.8841273318,2027279.4659285296,0.3608279153781418,0.9326324117699666,373.298,600,,2025,,-77.55799999999999,77.55799999999999,-2.2159428571428568,389.842,344.176,367.008,344.173,312.284,5,-1.6525939024390244,0.67364827436028,0.667339008459019,-3.7964433642376427,0.491255559359594,,,35.0,year_difference,PARTIAL,,1.212183053462653,,True,True,True,17.425112020546763,Paddaya,24.674388909384017,Medium,Medium,Low,eroding,Low,Medium,True,medium,1.212183053462653,configured (lower bound),False,54.3841869315969,raster_clean
S3-0196,S3,196,9775.0,364245.51574792026,2027261.4245327606,0.36082791537814,0.9326324117699673,373.298,600,,2025,,-68.50299999999999,68.50299999999999,-1.957228571428571,388.751,363.116,363.116,331.224,320.248,5,-1.8582499999999995,0.28350942166848236,0.9347271154954422,-2.760503511501982,-0.9559964884980171,,,35.0,year_difference,PARTIAL,,1.212183053462653,,True,True,True,17.47510931538231,Paddaya,27.024463904570183,Low,Low,Low,eroding,Low,Medium,True,medium,1.212183053462653,configured (lower bound),True,54.19705428549113,raster_clean
S3-0197,S3,197,9825.0,364292.14736850874,2027243.3831369916,0.3608279153781383,0.9326324117699679,373.298,600,,2025,,-63.78399999999999,63.78399999999999,-1.8223999999999998,382.057,350.165,350.165,341.992,318.273,5,-1.470881707317073,0.3570278243612557,0.8497950970843718,-2.6071035878390316,-0.3346598267951144,,,35.0,year_difference,PARTIAL,,1.212183053462653,,True,True,True,17.525106610217858,Paddaya,22.819943877294822,Low,Low,Low,eroding,Low,Medium,True,medium,1.212183053462653,configured (lower bound),True,54.67568252437375,raster_clean
S3-0198,S3,198,9875.0,364338.7789890972,2027225.3417412227,0.3608279153781366,0.9326324117699687,373.298,600,,,,-81.24799999999999,81.24799999999999,-2.321371428571428,386.57,363.736,340.901,337.214,305.322,5,-2.0524963414634145,0.3258098460266351,0.9297192023961998,-3.089368682175933,-1.0156240007508959,,,35.0,year_difference,PARTIAL,,1.212183053462653,,True,True,False,17.57510390505341,Paddaya,21.5940398154784,Medium,Medium,Medium,eroding,Low,Medium,True,medium,1.212183053462653,configured (lower bound),True,54.363874715673425,raster_clean
S3-0199,S3,199,9925.0,364385.4106096857,2027207.300345454,0.3608279153781348,0.9326324117699694,373.298,600,,,,-68.50200000000001,68.50200000000001,-1.9572000000000003,385.479,356.155,356.155,324.263,316.977,5,-1.871726829268293,0.27835925755061297,0.9377774980260188,-2.7575902200017572,-0.9858634385348286,,,35.0,year_difference,PARTIAL,,1.212183053462653,,True,True,False,17.62510119988887,Paddaya,23.206960356366448,Low,Low,Low,eroding,Low,Medium,True,medium,1.212183053462653,configured (lower bound),True,54.197100774484475,raster_clean
S3-0200,S3,200,9975.0,364432.0422302742,2027189.258949685,0.3608279153781331,0.93263241176997,373.298,600,,,,-63.78399999999999,63.78399999999999,-1.8223999999999998,375.096,343.204,343.204,315.887,311.312,5,-1.727691463414634,0.27314900274261467,0.9302434879543259,-2.5969734979847976,-0.8584094288444707,,,35.0,year_difference,PARTIAL,,1.212183053462653,,True,True,False,17.67509849472442,Paddaya,13.698168055239652,Low,Low,Low,eroding,Low,Medium,True,medium,1.212183053462653,configured (lower bound),True,54.380950765199444,raster_clean
S3-0201,S3,201,10025.0,364478.63878975034,2027171.2311208057,0.3609218379609621,0.9325960684470426,373.298,600,,,,-47.346000000000004,47.346000000000004,-1.3527428571428572,362.145,362.145,362.145,330.252,314.799,5,-1.3516573170731703,0.4530482971553099,0.7479226843367053,-2.7934591964701614,0.09014456232382106,,,35.0,year_difference,PARTIAL,,1.212183053462653,,True,True,False,17.725058197131958,Paddaya,22.8099951824476,Low,Low,Low,eroding,Low,Medium,True,medium,1.212183053462653,configured (lower bound),True,54.14148997165823,raster_clean
S3-0202,S3,202,10075.0,364524.6415195301,2027153.3835843327,0.3625612514050727,0.9319599449437661,373.298,600,,,,-63.82900000000001,63.82900000000001,-1.8236857142857146,381.139,359.434,359.434,336.62,317.31,5,-1.6308939024390248,0.2929734747347928,0.9117337877649021,-2.563266254654896,-0.6985215502231538,,,35.0,year_difference,PARTIAL,,1.212183053462653,,True,True,False,17.7743995334521,Paddaya,27.80854478761727,Low,Low,Low,eroding,Low,Medium,True,medium,1.212183053462653,configured (lower bound),True,54.26289508974591,raster_clean
S3-0203,S3,203,10125.0,364570.5790018982,2027135.4635197662,0.36428564427061777,0.9312872646924476,373.298,600,,,,-55.40499999999997,55.40499999999997,-1.5829999999999993,368.315,368.315,358.498,335.704,312.91,5,-1.5305097560975605,0.4004511501129792,0.8296171553439646,-2.8049240392212225,-0.25609547297389823,,,35.0,year_difference,PARTIAL,,1.212183053462653,,True,True,False,17.823707138475246,Paddaya,26.185814667571073,Low,Low,Low,eroding,Low,Medium,True,medium,1.212183053462653,configured (lower bound),True,54.104664231898205,raster_clean
S3-0204,S3,204,10175.0,364616.4832363943,2027117.4584577063,0.36600878899346945,0.9306113938586471,373.298,600,,,missing_1990;missing_2000;missing_2010;missing_2020,,,,,,,,323.606,1,,,,,,,only 1 date(s); need >= 3,35.0,year_difference,PARTIAL,,1.212183053462653,,False,False,True,17.873015354322668,Paddaya,1.3675239949348112,,,,,,,False,low,1.212183053462653,configured (lower bound),True,41.00026388451552,raster_clean
