transect_id,year,d_m,x,y,n_hits,multi_hit,rule
S1-0041,1990,451.417,349997.2971333467,2033209.4434055889,1,False,nearest
S1-0042,1990,457.581,350043.8679869701,2033189.966621943,1,False,nearest
S1-0043,1990,442.632,350079.6335174011,2033151.914559538,1,False,nearest
S1-0044,1990,427.725,350115.3668856728,2033113.89686575,1,False,nearest
S1-0045,1990,445.338,350167.44504815945,2033103.9931916331,1,False,nearest
S1-0046,1990,440.894,350208.4371981614,2033075.0209156745,1,False,nearest
S1-0047,1990,433.747,350248.07080023095,2033043.7118563468,1,False,nearest
S1-0048,1990,454.064,350301.5080132575,2033036.145830114,1,False,nearest
S1-0049,1990,456.5,350345.95810250303,2033013.1214156358,1,False,nearest
S1-0050,1990,450.705,350386.27122984256,2032982.98118025,1,False,nearest
S1-0051,1990,452.329,350430.31320184015,2032959.2547797947,1,False,nearest
S1-0052,1990,458.914,350476.8486093882,2032939.8172370144,1,False,nearest
S1-0053,1990,465.5,350523.3845195437,2032920.3805587487,1,False,nearest
S1-0054,1990,450.595,350559.11889303016,2032882.3645939901,1,False,nearest
S1-0055,1990,456.075,350605.098919348,2032861.971762411,1,False,nearest
S1-0056,1990,450.28,350645.4120466875,2032831.8315270254,1,False,nearest
S1-0057,1990,448.862,350687.9250868277,2032805.4752727004,1,False,nearest
S1-0058,1990,438.691,350726.038803974,2032771.5519207686,1,False,nearest
S1-0059,1990,462.035,350780.99740974617,2032766.6027806841,1,False,nearest
S1-0060,1990,447.131,350816.7322858401,2032728.5876804402,1,False,nearest
S1-0061,1990,453.718,350863.2686986031,2032709.1518666893,1,False,nearest
S1-0062,1990,449.86,350904.55537656974,2032680.6861963745,1,False,nearest
S1-0063,1990,445.401,350945.53998746,2032651.700952695,1,False,nearest
S1-0064,1990,438.273,350985.1831390711,2032620.408319147,1,False,nearest
S1-0065,1990,437.085,351027.81202357006,2032594.250760991,1,False,nearest
S1-0066,1990,443.443,351074.3513569411,2032574.812391978,1,False,nearest
S1-0067,1990,453.88,351123.0621715689,2032559.6861645319,1,False,nearest
S1-0068,1990,454.062,351167.08404986566,2032536.3061781484,1,False,nearest
S1-0069,1990,438.326,351204.2618663206,2032499.4038584826,1,False,nearest
S1-0070,1990,440.043,351249.7209832557,2032478.4687056877,1,False,nearest
S1-0071,1990,421.747,351286.18891533895,2032439.6765216093,1,False,nearest
S1-0072,1990,445.755,351341.6452551983,2032438.6873636814,1,False,nearest
S1-0073,1990,450.949,351388.6568166939,2032420.8859389704,1,False,nearest
S1-0074,1990,454.584,351434.96861155465,2032401.69138553,1,False,nearest
S1-0075,1990,453.156,351479.0078480622,2032377.972514734,1,False,nearest
S1-0076,1990,444.54,351519.8207070383,2032347.8304179555,1,False,nearest
S1-0077,1990,443.56,351564.06103107147,2032324.5118817785,1,False,nearest
S1-0078,1990,460.557,351616.37044092617,2032317.2576657864,1,False,nearest
S1-0079,1990,450.832,351656.68551850505,2032286.1245621056,1,False,nearest
S1-0080,1990,443.327,351697.9970565904,2032256.9752594377,1,False,nearest
S1-0081,1990,458.105,351749.31045479473,2032247.7381360368,1,False,nearest
S1-0082,1990,439.81,351785.7788357341,2032208.9468455627,1,False,nearest
S1-0083,1990,450.73,351835.3605471665,2032196.2621976985,1,False,nearest
S1-0084,1990,447.084,351878.40422087983,2032170.5613130978,1,False,nearest
S1-0085,1990,450.721,351924.7169134527,2032151.3685468656,1,False,nearest
S1-0086,1990,454.358,351971.02960602567,2032132.1757806332,1,False,nearest
S1-0087,1990,449.521,352013.538692143,2032105.4106135971,1,False,nearest
S1-0088,1990,439.702,352053.81157725,2032074.1935111347,1,False,nearest
S1-0089,1990,432.292,352095.16575666337,2032045.1291008524,1,False,nearest
S1-0090,1990,446.978,352146.437860108,2032035.8097658781,1,False,nearest
S1-0091,1990,448.306,352191.7137415971,2032014.5597932118,1,False,nearest
S1-0092,1990,439.607,352232.54539603414,2031984.4196832406,1,False,nearest
S1-0093,1990,435.637,352275.5652098876,2031958.6028480777,1,False,nearest
S1-0094,1990,455.044,352328.985388451,2031953.8519115222,1,False,nearest
S1-0095,1990,464.17,352377.8639082768,2031940.0012850722,1,False,nearest
S1-0096,1990,467.355,352424.15411950706,2031920.8346325408,1,False,nearest
S1-0097,1990,461.046,352466.26204060734,2031893.144806582,1,False,nearest
S1-0098,1990,452.008,352507.1677845678,2031863.0050395785,1,False,nearest
S1-0099,1990,476.068,352562.6538359565,2031862.5787752175,1,False,nearest
S1-0100,1990,304.04,352531.7593409987,2031686.1158528647,2,True,nearest
S1-0101,1990,325.597,352586.142772607,2031683.4425374097,2,True,nearest
S1-0102,1990,316.559,352627.0485165675,2031653.3027704062,2,True,nearest
S1-0103,1990,313.599,352670.63173676666,2031628.619486243,2,True,nearest
S1-0104,1990,294.778,352707.2278805226,2031589.6970980433,2,True,nearest
S1-0105,1990,271.745,352750.4728189623,2031543.7051458696,2,True,nearest
S1-0106,1990,213.06,352796.1389477428,2031465.0701839898,2,True,nearest
S1-0107,1990,187.898,352831.84792113444,2031427.0931533838,2,True,nearest
S1-0108,1990,171.741,352856.13195582567,2031401.266598009,2,True,nearest
S1-0109,1990,169.821,352858.25686891354,2031399.006555701,2,True,nearest
S1-0110,1990,169.754,352862.1820203273,2031394.8317887776,2,True,nearest
S1-0111,1990,436.149,353074.9605499069,2031560.3938800779,1,False,nearest
S1-0112,1990,452.402,353122.6737876475,2031538.7331285195,1,False,nearest
S1-0113,1990,443.631,353157.136710679,2031502.0824471945,1,False,nearest
S1-0114,1990,436.184,353196.5612733124,2031469.9861956944,1,False,nearest
S1-0115,1990,456.096,353250.0783205279,2031463.3728158157,1,False,nearest
S1-0116,1990,441.576,353285.92337422696,2031425.253447895,1,False,nearest
S1-0117,1990,448.01,353332.4726609307,2031405.8157973322,1,False,nearest
S1-0118,1990,448.858,353375.17065223696,2031379.144290751,1,False,nearest
S1-0119,1990,444.512,353414.65635873243,2031348.4825161272,1,False,nearest
S1-0120,1990,439.395,353455.1827908471,2031318.8823829591,1,False,nearest
S1-0121,1990,437.675,353496.8650444002,2031291.12468337,1,False,nearest
S1-0122,1990,441.837,353543.51940105046,2031271.5766314403,1,False,nearest
S1-0123,1990,455.383,353594.6890260062,2031258.1668329788,1,False,nearest
S1-0124,1990,467.341,353640.97330821335,2031217.4894248694,1,False,nearest
S1-0125,1990,433.96,353612.07047747367,2031161.7572639463,1,False,nearest
S1-0126,1990,421.236,353590.7639365942,2031116.9376501169,1,False,nearest
S1-0127,1990,457.556,353625.60089504375,2031064.0264399922,1,False,nearest
S2-0001,1990,206.003,352519.7197414713,2031698.9206431834,2,True,nearest
S2-0002,1990,202.909,352568.7520360459,2031683.576131537,2,True,nearest
S2-0003,1990,198.884,352613.5399042976,2031659.2728891447,2,True,nearest
S2-0004,1990,208.283,352661.39679107524,2031638.4408019779,2,True,nearest
S2-0005,1990,205.288,352696.7625666577,2031600.828068063,2,True,nearest
S2-0006,1990,205.345,352731.0219054351,2031564.3923997583,2,True,nearest
S3-0001,1990,366.73,355193.9393702886,2030758.4890069354,1,False,nearest
S3-0002,1990,369.788,355240.66413367825,2030768.4825657615,1,False,nearest
S3-0003,1990,369.174,355289.7486777626,2030767.6684398022,1,False,nearest
S3-0004,1990,350.026,355332.4500465173,2030737.965570718,1,False,nearest
S3-0005,1990,365.48,355383.9625891836,2030737.5786345508,1,False,nearest
S3-0006,1990,377.98,355435.3100084588,2030733.158482312,1,False,nearest
S3-0007,1990,349.794,355475.20072522725,2030690.7467453699,1,False,nearest
S3-0008,1990,346.894,355525.95376822766,2030676.8592957428,1,False,nearest
S3-0009,1990,353.472,355577.34319848364,2030676.472306955,1,False,nearest
S3-0010,1990,359.385,355627.5949194926,2030676.0945797318,1,False,nearest
S3-0011,1990,374.204,355679.0763143615,2030684.4280425198,1,False,nearest
S3-0012,1990,370.518,355728.41564005194,2030675.337648131,1,False,nearest
S3-0013,1990,373.018,355778.5720511314,2030674.9612233762,1,False,nearest
S3-0014,1990,342.057,355830.1127403567,2030644.748829844,1,False,nearest
S3-0015,1990,337.991,355881.0478230202,2030644.3667921359,1,False,nearest
S3-0016,1990,335.953,355928.07435655966,2030644.0142556105,1,False,nearest
S3-0017,1990,362.565,355977.24913041637,2030668.0450888986,1,False,nearest
S3-0018,1990,344.449,356022.424002429,2030643.306505753,1,False,nearest
S3-0019,1990,355.339,356071.6984746514,2030642.9372724828,1,False,nearest
S3-0020,1990,368.768,356123.4158311361,2030642.5498212494,1,False,nearest
S3-0021,1990,354.76,356167.8638720952,2030615.7059072487,1,False,nearest
S3-0022,1990,364.773,356218.7226309783,2030612.011747819,1,False,nearest
S3-0023,1990,366.318,356267.32145233254,2030600.1567240746,1,False,nearest
S3-0024,1990,360.777,356314.02916394087,2030581.4727106588,1,False,nearest
S3-0025,1990,353.778,356360.34776490694,2030561.3835791312,1,False,nearest
S3-0026,1990,356.783,356409.3362306629,2030550.9356009583,1,False,nearest
S3-0027,1990,341.239,356453.37434436154,2030522.6113979176,1,False,nearest
S3-0028,1990,352.788,356504.64303050487,2030520.397527528,1,False,nearest
S3-0029,1990,352.798,356552.8321914782,2030507.0631784736,1,False,nearest
S3-0030,1990,348.795,356599.9503641069,2030489.8613815573,1,False,nearest
S3-0031,1990,340.261,356645.8593046916,2030468.2929247199,1,False,nearest
S3-0032,1990,344.801,356695.25743082823,2030459.3242718568,1,False,nearest
S3-0033,1990,327.723,356738.88615102606,2030429.5217072363,1,False,nearest
S3-0034,1990,340.809,356790.5650313101,2030428.789089616,1,False,nearest
S3-0035,1990,323.37,356834.0974079256,2030398.6386185223,1,False,nearest
S3-0036,1990,333.016,356884.85822194855,2030394.59077024,1,False,nearest
S3-0037,1990,319.444,356928.453737681,2030368.1111651121,1,False,nearest
S3-0038,1990,323.416,356976.26543583657,2030357.5452231641,1,False,nearest
S3-0039,1990,318.652,357021.0494983203,2030337.5962037481,1,False,nearest
S3-0040,1990,318.786,357066.9687018416,2030321.2478384613,1,False,nearest
S3-0041,1990,322.41,357114.72471085034,2030307.074401637,1,False,nearest
S3-0042,1990,338.877,357167.3155740835,2030304.7585446914,1,False,nearest
S3-0043,1990,327.645,357210.0928429029,2030276.5404105159,1,False,nearest
S3-0044,1990,346.165,357263.41107208177,2030276.1443837136,1,False,nearest
S3-0045,1990,334.471,357306.0246569913,2030247.4942176207,1,False,nearest
S3-0046,1990,351.4,357358.7792041343,2030245.6103925921,1,False,nearest
S3-0047,1990,338.116,357400.82946130214,2030215.4733634067,1,False,nearest
S3-0048,1990,352.982,357452.8530995576,2030211.6603568941,1,False,nearest
S3-0049,1990,343.352,357496.1979476488,2030184.9403074193,1,False,nearest
S3-0050,1990,361.873,357549.5165311219,2030184.545215751,1,False,nearest
S3-0051,1990,348.589,357591.56678828975,2030154.4081865656,1,False,nearest
S3-0052,1990,347.111,357637.79984251334,2030135.3113496245,1,False,nearest
S3-0053,1990,353.827,357686.9359832248,2030123.8770008462,1,False,nearest
S3-0054,1990,367.091,357738.3920422084,2030118.565909633,1,False,nearest
S3-0055,1990,359.065,357782.30517815985,2030093.3458151266,1,False,nearest
S3-0056,1990,364.157,357830.86594512756,2030080.392808699,1,False,nearest
S3-0057,1990,364.303,357877.6743730949,2030062.8146294074,1,False,nearest
S3-0058,1990,382.825,357930.9933108621,2030062.4204728731,1,False,nearest
S3-0059,1990,359.757,357969.5771538004,2030023.1340924324,1,False,nearest
S3-0060,1990,356.26,358015.0948880803,2030002.1492199043,1,False,nearest
S3-0061,1990,356.825,358062.0517653079,2029984.9628617668,1,False,nearest
S3-0062,1990,361.5,358110.46479160374,2029971.619904453,1,False,nearest
S3-0063,1990,353.893,358154.5263768154,2029946.791631101,1,False,nearest
S3-0064,1990,366.74,358205.83469512715,2029941.0905890013,1,False,nearest
S3-0065,1990,373.877,358255.1199936872,2029930.0499316456,1,False,nearest
S3-0066,1990,371.981,358301.2049529447,2029910.5622086842,1,False,nearest
S3-0067,1990,358.699,358343.25591870095,2029880.4270497668,1,False,nearest
S3-0068,1990,369.481,358393.8326195368,2029872.794955915,1,False,nearest
S3-0069,1990,363.941,358438.6265308127,2029849.8996045834,1,False,nearest
S3-0070,1990,350.659,358480.6774965689,2029819.764445666,1,False,nearest
S3-0071,1990,365.087,358532.5459539747,2029815.5418504525,1,False,nearest
S3-0072,1990,355.902,358576.04846297484,2029789.2379356164,1,False,nearest
S3-0073,1990,342.62,358618.099428731,2029759.1027766992,1,False,nearest
S3-0074,1990,360.694,358671.2596427069,2029758.289680124,1,False,nearest
S3-0075,1990,347.864,358713.4707494311,2029728.577201784,1,False,nearest
S3-0076,1990,357.767,358763.73602568527,2029720.1231251284,1,False,nearest
S3-0077,1990,353.107,358808.8417158371,2029698.0506917345,1,False,nearest
S3-0078,1990,371.632,358862.16171648685,2029697.6593406023,1,False,nearest
S3-0079,1990,358.352,358904.2133908314,2029667.5260519532,1,False,nearest
S3-0080,1990,351.913,358948.688791642,2029643.7900151373,1,False,nearest
S3-0081,1990,350.45,358994.9271602783,2029624.7072052064,1,False,nearest
S3-0082,1990,350.316,359041.63638587605,2029606.8671883885,1,False,nearest
S3-0083,1990,347.525,359087.40425184503,2029586.5425204786,1,False,nearest
S3-0084,1990,346.062,359133.6426204813,2029567.459710548,1,False,nearest
S3-0085,1990,342.282,359179.0600895091,2029546.210195092,1,False,nearest
S3-0086,1990,360.808,359232.38044445304,2029545.8197790938,1,False,nearest
S3-0087,1990,347.528,359274.43211879756,2029515.6864904445,1,False,nearest
S3-0088,1990,340.214,359318.59751220315,2029491.1322113608,1,False,nearest
S3-0089,1990,352.775,359369.80450238026,2029485.1637209314,1,False,nearest
S3-0090,1990,371.302,359423.1252116184,2029484.7742400672,1,False,nearest
S3-0091,1990,381.658,359473.5509831347,2029476.7437791228,1,False,nearest
S3-0092,1990,376.549,359518.497595201,2029454.251470554,1,False,nearest
S3-0093,1990,363.27,359560.54962383973,2029424.1191170388,1,False,nearest
S3-0094,1990,377.274,359612.26786051446,2029419.5000250007,1,False,nearest
S3-0095,1990,352.899,359650.3886409632,2029378.9914243955,1,False,nearest
S3-0096,1990,355.24,359697.9747446495,2029363.4658642781,1,False,nearest
S3-0097,1990,349.978,359742.86714970664,2029340.830480204,1,False,nearest
S3-0098,1990,360.49,359793.3481911146,2029332.9459001669,1,False,nearest
S3-0099,1990,369.972,359843.46430952015,2029324.0981320888,1,False,nearest
S3-0100,1990,365.739,359888.7212832856,2029302.4250009216,1,False,nearest
S3-0101,1990,367.052,359935.94317255775,2029285.9381230313,1,False,nearest
S3-0102,1990,365.592,359982.1826040766,2029266.8581185024,1,False,nearest
S3-0103,1990,357.712,360026.1474669779,2029241.7745535632,1,False,nearest
S3-0104,1990,362.673,360074.6618214084,2029228.6990445792,1,False,nearest
S3-0105,1990,362.963,360121.52126773726,2029211.255524586,1,False,nearest
S3-0106,1990,381.492,360174.8426855637,2029210.8679139898,1,False,nearest
S3-0107,1990,368.215,360216.8954227908,2029180.737430743,1,False,nearest
S3-0108,1990,379.751,360267.7392614363,2029173.8104279425,1,False,nearest
S3-0109,1990,355.379,360305.8611047675,2029133.3046327394,1,False,nearest
S3-0110,1990,360.19,360354.3223150714,2029120.0888536521,1,False,nearest
S3-0111,1990,378.719,360407.6437328979,2029119.7012430565,1,False,nearest
S3-0112,1990,373.918,360452.69946757075,2029097.4969557656,1,False,nearest
S3-0113,1990,352.166,360491.7495616462,2029059.4412116958,1,False,nearest
S3-0114,1990,370.696,360545.07133376686,2029059.054536234,1,False,nearest
S3-0115,1990,369.544,360591.41988789226,2029040.2625529836,1,False,nearest
S3-0116,1990,368.087,360637.6603822936,2029021.1853538568,1,False,nearest
S3-0117,1990,362.674,360682.49928893003,2028998.4087645456,1,False,nearest
S3-0118,1990,349.398,360724.55238045123,2028968.2792164322,1,False,nearest
S3-0119,1990,363.715,360776.3815112034,2028963.9528213427,1,False,nearest
S3-0120,1990,354.653,360819.92759838735,2028937.7639279913,1,False,nearest
S3-0121,1990,373.184,360873.24972480215,2028937.3781876632,1,False,nearest
S3-0122,1990,359.909,360915.3080662699,2028907.2495906146,1,False,nearest
S3-0123,1990,378.372,360968.6134533393,2028906.8632565043,1,False,nearest
S3-0124,1990,364.962,361010.71349802107,2028876.7350619466,1,False,nearest
S3-0125,1990,354.466,361053.907313195,2028849.4053449098,1,False,nearest
S3-0126,1990,369.642,361106.08028962277,2028846.22062257,1,False,nearest
S3-0127,1990,373.832,361154.4198985895,2028832.7728269212,1,False,nearest
S3-0128,1990,374.164,361201.41868252563,2028815.7075249162,1,False,nearest
S3-0129,1990,370.188,361246.9202979335,2028794.602748886,1,False,nearest
S3-0130,1990,346.964,361285.73261440167,2028755.449737937,1,False,nearest
S3-0131,1990,365.087,361338.91434292606,2028755.06648848,1,False,nearest
S3-0132,1990,364.721,361385.67054941726,2028737.3466941651,1,False,nearest
S3-0133,1990,362.9,361431.92109662143,2028718.2625928158,1,False,nearest
S3-0134,1990,356.011,361476.41035085864,2028694.426389712,1,False,nearest
S3-0135,1990,374.134,361529.59207938303,2028694.0431402547,1,False,nearest
S3-0136,1990,360.535,361571.74939285323,2028663.9151844333,1,False,nearest
S3-0137,1990,355.614,361616.92259037367,2028641.9243120817,1,False,nearest
S3-0138,1990,365.059,361667.0884348478,2028633.4039791545,1,False,nearest
S3-0139,1990,374.967,361717.41518671025,2028625.317786542,1,False,nearest
S3-0140,1990,369.584,361762.4278243746,2028602.8937115443,1,False,nearest
S3-0141,1990,355.986,361804.58548537694,2028572.7666933907,1,False,nearest
S3-0142,1990,374.11,361857.76756143343,2028572.3843816018,1,False,nearest
S3-0143,1990,367.686,361902.41841812327,2028548.984194148,1,False,nearest
S3-0144,1990,378.636,361953.10729849234,2028541.8750516593,1,False,nearest
S3-0145,1990,365.038,361995.26495949464,2028511.7480335059,1,False,nearest
S3-0146,1990,362.226,362041.1711023321,2028491.7347031035,1,False,nearest
S3-0147,1990,360.407,362087.4223446006,2028472.6524770902,1,False,nearest
S3-0148,1990,355.967,362132.7627050881,2028451.112623078,1,False,nearest
S3-0149,1990,356.768,362179.9244816054,2028434.4870873955,1,False,nearest
S3-0150,1990,360.495,362228.1031372113,2028420.6051684718,1,False,nearest
S3-0151,1990,353.13,362272.4269661423,2028396.3226353687,1,False,nearest
S3-0152,1990,365.023,362323.4435693345,2028390.0977138653,1,False,nearest
S3-0153,1990,351.426,362365.601577869,2028359.97163338,1,False,nearest
S3-0154,1990,369.552,362418.78434898984,2028359.5911969272,1,False,nearest
S3-0155,1990,355.955,362460.94235752436,2028329.4651164417,1,False,nearest
S3-0156,1990,374.081,362514.1251286452,2028329.084679989,1,False,nearest
S3-0157,1990,365.214,362557.9269642778,2028303.393769452,1,False,nearest
S3-0158,1990,378.611,362609.4662558327,2028298.5791007187,1,False,nearest
S3-0159,1990,365.046,362651.60347898386,2028268.4532336907,1,False,nearest
S3-0160,1990,382.974,362704.7169733013,2028267.6660903692,1,False,nearest
S3-0161,1990,370.164,362746.9317836896,2028237.947984671,1,False,nearest
S3-0162,1990,357.425,362789.023668521,2028208.1625177057,1,False,nearest
S3-0163,1990,356.328,362835.24535793124,2028189.113635157,1,False,nearest
S3-0164,1990,363.027,362884.2941647249,2028177.3199439144,1,False,nearest
S3-0165,1990,376.972,362935.95753059327,2028172.284107128,1,False,nearest
S3-0166,1990,369.008,362979.7155176637,2028146.8152268315,1,False,nearest
S3-0167,1990,387.944,363033.1797756578,2028146.4341584118,1,False,nearest
S3-0168,1990,374.99,363075.13723143045,2028116.3114423808,1,False,nearest
S3-0169,1990,372.591,363120.9032258499,2028096.0326614557,1,False,nearest
S3-0170,1990,380.972,363170.5589451972,2028085.80765793,1,False,nearest
S3-0171,1990,370.401,363213.3762538922,2028057.9074049362,1,False,nearest
S3-0172,1990,386.955,363265.98101979186,2028055.3048061116,1,False,nearest
S3-0173,1990,391.047,363314.08914821007,2028041.0797421716,1,False,nearest
S3-0174,1990,367.117,363352.08615678357,2028000.720452789,1,False,nearest
S3-0175,1990,366.023,363398.3230316326,2027981.6587571618,1,False,nearest
S3-0176,1990,367.031,363445.3183667598,2027964.5574548638,1,False,nearest
S3-0177,1990,363.835,363490.7967813307,2027943.5353659068,1,False,nearest
S3-0178,1990,373.016,363540.7411630103,2027934.0564683103,1,False,nearest
S3-0179,1990,384.483,363591.5103973044,2027926.7095684074,1,False,nearest
S3-0180,1990,379.001,363636.16395926086,2027903.555481757,1,False,nearest
S3-0181,1990,382.296,363683.98450783046,2027888.5871097848,1,False,nearest
S3-0182,1990,381.203,363730.2217435074,2027869.5263467897,1,False,nearest
S3-0183,1990,372.034,363773.5449329398,2027842.9336444372,1,False,nearest
S3-0184,1990,379.018,363822.6965756893,2027831.4057534323,1,False,nearest
S3-0185,1990,377.925,363868.93381136627,2027812.3449904372,1,False,nearest
S3-0186,1990,365.067,363910.9259066188,2027782.3118071177,1,False,nearest
S3-0187,1990,375.74,363961.40864354814,2027774.2243970796,1,False,nearest
S3-0188,1990,371.054,364006.34942452516,2027751.812685829,1,False,nearest
S3-0189,1990,373.556,364053.8838365579,2027736.1047363544,1,False,nearest
S3-0190,1990,377.042,364101.7733032594,2027721.3144971728,1,False,nearest
S3-0191,1990,394.207,364154.59853501536,2027719.281736752,1,False,nearest
S3-0192,1990,383.03,364197.19718199363,2027690.8163085165,1,False,nearest
S3-0193,1990,392.024,364247.074088853,2027681.1630086591,1,False,nearest
S3-0194,1990,389.019,364292.6214215558,2027660.319052493,1,False,nearest
S3-0195,1990,389.842,364339.55000351864,2027643.0452131988,1,False,nearest
S3-0196,1990,388.751,364385.78796085145,2027623.9863154686,1,False,nearest
S3-0197,1990,382.057,364430.00419937435,2027599.7018783353,1,False,nearest
S3-0198,1990,386.57,364478.26423634496,2027585.8694526406,1,False,nearest
S3-0199,1990,385.479,364524.50219367776,2027566.8105549107,1,False,nearest
S3-0200,1990,375.096,364567.38733802084,2027539.0856368102,1,False,nearest
S3-0201,1990,362.145,364609.34482875874,2027508.9661240135,1,False,nearest
S3-0202,1990,381.139,364662.82775232935,2027508.5898657886,1,False,nearest
S3-0203,1990,368.315,364704.75086896773,2027478.4705886615,1,False,nearest
S1-0042,2000,393.043,350011.6143882962,2033134.0661853026,1,False,nearest
S1-0043,2000,388.241,350052.29619568685,2033104.8927377688,1,False,nearest
S1-0044,2000,384.742,350093.76330972736,2033076.7374282493,1,False,nearest
S1-0045,2000,376.649,350132.921445151,2033044.610537968,1,False,nearest
S1-0046,2000,376.419,350176.03158293955,2033019.2813271661,1,False,nearest
S1-0047,2000,383.004,350222.5669904876,2032999.8437843858,1,False,nearest
S1-0048,2000,393.606,350271.12137215503,2032983.8789973564,1,False,nearest
S1-0049,2000,396.175,350315.6383081912,2032960.96956334,1,False,nearest
S1-0050,2000,402.76,350362.1737157393,2032941.5320205595,1,False,nearest
S1-0051,2000,387.854,350397.9075866183,2032903.5151912863,1,False,nearest
S1-0052,2000,394.44,350444.44349677383,2032884.0785130206,1,False,nearest
S1-0053,2000,379.534,350480.1773676529,2032846.0616837472,1,False,nearest
S1-0054,2000,393.18,350530.2616863926,2032832.728479617,1,False,nearest
S1-0055,2000,392.706,350573.2491879639,2032807.1883272163,1,False,nearest
S1-0056,2000,381.59,350610.8879410716,2032772.4480088456,1,False,nearest
S1-0057,2000,384.387,350655.51947160595,2032749.735684192,1,False,nearest
S1-0058,2000,370.001,350691.5146983581,2032712.1684025887,1,False,nearest
S1-0059,2000,376.069,350737.79025785543,2032692.2839056826,1,False,nearest
S1-0060,2000,382.656,350784.3266706183,2032672.8480919315,1,False,nearest
S1-0061,2000,386.964,350829.71764100686,2032651.4420490656,1,False,nearest
S1-0062,2000,374.339,350866.59795947524,2032615.3971779372,1,False,nearest
S1-0063,2000,375.376,350910.3449009008,2032591.1633073236,1,False,nearest
S1-0064,2000,366.023,350948.86975093966,2032557.947128457,1,False,nearest
S1-0065,2000,363.79,350990.97605500044,2032530.8846151042,1,False,nearest
S1-0066,2000,358.336,351032.447027381,2032500.7365618232,1,False,nearest
S1-0067,2000,362.41,351079.24783672707,2032479.3925473362,1,False,nearest
S1-0068,2000,345.733,351116.654954723,2032440.4308497051,1,False,nearest
S1-0069,2000,348.782,351163.7903304913,2032419.5278124888,1,False,nearest
S1-0070,2000,352.317,351210.3446344338,2032400.0763959282,1,False,nearest
S1-0071,2000,354.628,351256.0621438393,2032379.6987107124,1,False,nearest
S1-0072,2000,379.259,351311.79812103894,2032379.2662681136,1,False,nearest
S1-0073,2000,370.643,351352.610980015,2032349.1241713353,1,False,nearest
S1-0074,2000,366.858,351395.59226273274,2032323.2990757702,1,False,nearest
S1-0075,2000,386.66,351449.1607139029,2032318.5514191661,1,False,nearest
S1-0076,2000,374.129,351488.2163013102,2032284.910862493,1,False,nearest
S1-0077,2000,369.428,351530.786431855,2032258.2672256092,1,False,nearest
S1-0078,2000,360.813,351571.59973968717,2032228.1260224348,1,False,nearest
S1-0079,2000,363.106,351617.3091696832,2032207.732252346,1,False,nearest
S1-0080,2000,366.742,351663.6214134,2032188.5385925095,1,False,nearest
S1-0081,2000,368.215,351708.9627814071,2032167.4120670916,1,False,nearest
S1-0082,2000,359.6,351749.77608923934,2032137.2708639172,1,False,nearest
S1-0083,2000,384.234,351805.5134130072,2032136.8411021307,1,False,nearest
S1-0084,2000,381.289,351848.8717348354,2032111.766633976,1,False,nearest
S1-0085,2000,384.927,351895.18487626436,2032092.5747613478,1,False,nearest
S1-0086,2000,388.564,351941.49756883725,2032073.3819951154,1,False,nearest
S1-0087,2000,383.024,351983.6911091276,2032045.9886244254,1,False,nearest
S1-0088,2000,395.839,352034.12340283906,2032034.9973562548,1,False,nearest
S1-0089,2000,399.044,352080.24218958366,2032015.4185530685,1,False,nearest
S1-0090,2000,390.43,352121.0559462719,2031985.2782434982,1,False,nearest
S1-0091,2000,406.738,352173.0816949544,2031977.4014097445,1,False,nearest
S1-0092,2000,406.408,352217.73371138924,2031954.707941471,1,False,nearest
S1-0093,2000,413.662,352265.8069020516,2031938.9133571452,1,False,nearest
S1-0094,2000,421.92,352314.3453351172,2031924.1388131585,1,False,nearest
S1-0095,2000,446.025,352369.87068577745,2031923.7117356898,1,False,nearest
S1-0096,2000,470.085,352425.3567371661,2031923.285471329,1,False,nearest
S1-0097,2000,470.54,352470.44433073734,2031901.6679800092,1,False,nearest
S1-0098,2000,485.106,352521.74809199595,2031892.7185422212,1,False,nearest
S1-0099,2000,509.166,352577.2341433846,2031892.2922778605,1,False,nearest
S1-0100,2000,326.047,352541.4538489923,2031705.8724862763,2,True,nearest
S1-0101,2000,325.597,352586.142772607,2031683.4425374097,2,True,nearest
S1-0102,2000,310.413,352624.34108501713,2031647.7852410316,2,True,nearest
S1-0103,2000,291.592,352660.9372287731,2031608.8628528314,2,True,nearest
S1-0104,2000,272.771,352697.5333725291,2031569.9404646314,2,True,nearest
S1-0105,2000,249.259,352741.6475989993,2031523.0233739775,2,True,nearest
S1-0106,2000,213.06,352796.1389477428,2031465.0701839898,2,True,nearest
S1-0107,2000,187.898,352831.84792113444,2031427.0931533838,2,True,nearest
S1-0108,2000,171.741,352856.13195582567,2031401.266598009,2,True,nearest
S1-0109,2000,169.821,352858.25686891354,2031399.006555701,2,True,nearest
S1-0110,2000,169.754,352862.1820203273,2031394.8317887776,2,True,nearest
S1-0111,2000,167.469,352887.3804624565,2031368.0331429404,2,True,nearest
S1-0112,2000,479.922,353140.2685647853,2031559.893804725,1,False,nearest
S1-0113,2000,485.917,353180.6008633254,2031537.2611244945,1,False,nearest
S1-0114,2000,472.47,353213.8735879516,2031501.8759676886,1,False,nearest
S1-0115,2000,456.096,353250.0783205279,2031463.3728158157,1,False,nearest
S1-0116,2000,441.576,353285.92337422696,2031425.253447895,1,False,nearest
S1-0117,2000,426.514,353321.6827204758,2031387.2239926597,1,False,nearest
S1-0118,2000,414.676,353355.69756724796,2031351.0514431738,1,False,nearest
S1-0119,2000,401.691,353392.6609160475,2031311.742367215,1,False,nearest
S1-0120,2000,387.027,353428.0858515223,2031274.0698478464,1,False,nearest
S1-0121,2000,373.423,353463.9192659683,2031235.9622397374,1,False,nearest
S1-0122,2000,353.357,353505.60722853686,2031191.630539758,1,False,nearest
S1-0123,2000,343.027,353528.2234877941,2031167.578737921,1,False,nearest
S1-0124,2000,338.077,353517.6167530682,2031178.858582286,1,False,nearest
S1-0125,2000,347.95,353526.4103354675,2031169.507113718,1,False,nearest
S1-0126,2000,401.588,353571.6332799675,2031121.4166992381,1,False,nearest
S2-0001,2000,221.092,352522.465666763,2031713.7576851828,2,True,nearest
S2-0002,2000,202.909,352568.7520360459,2031683.576131537,2,True,nearest
S2-0003,2000,198.884,352613.5399042976,2031659.2728891447,2,True,nearest
S2-0004,2000,187.489,352648.35181641625,2031622.2476221744,2,True,nearest
S2-0005,2000,184.692,352681.75976831734,2031586.7173892003,2,True,nearest
S2-0006,2000,184.748,352716.0003048048,2031550.300277012,2,True,nearest
S3-0001,2000,432.606,355165.4707738085,2030817.8959626767,1,False,nearest
S3-0002,2000,458.577,355233.9852567025,2030857.0200105142,1,False,nearest
S3-0003,2000,429.738,355297.7291133829,2030827.7043519157,1,False,nearest
S3-0004,2000,442.971,355358.28488847805,2030827.2478980054,1,False,nearest
S3-0005,2000,450.928,355411.68106983625,2030818.405898109,1,False,nearest
S3-0006,2000,445.154,355457.16283145774,2030796.678561051,1,False,nearest
S3-0007,2000,459.216,355503.9409515563,2030796.3269209454,1,False,nearest
S3-0008,2000,467.644,355545.5197273761,2030796.0135476291,1,False,nearest
S3-0009,2000,473.565,355592.03108723596,2030795.6637268348,1,False,nearest
S3-0010,2000,468.615,355641.57008556125,2030784.4268816244,1,False,nearest
S3-0011,2000,455.471,355688.7984657006,2030765.1114055035,1,False,nearest
S3-0012,2000,460.314,355736.68476916396,2030764.7520939421,1,False,nearest
S3-0013,2000,455.218,355780.33766224084,2030757.1422590076,1,False,nearest
S3-0014,2000,431.677,355825.66338540224,2030734.2583133667,1,False,nearest
S3-0015,2000,397.84,355876.60671432805,2030704.0507879355,1,False,nearest
S3-0016,2000,395.602,355928.5610849109,2030703.6612697563,1,False,nearest
S3-0017,2000,389.929,355979.9079022554,2030695.2796153,1,False,nearest
S3-0018,2000,374.758,356028.04199897376,2030673.090286504,1,False,nearest
S3-0019,2000,386.198,356079.84293690923,2030672.70211106,1,False,nearest
S3-0020,2000,385.129,356127.7822503504,2030658.3174052192,1,False,nearest
S3-0021,2000,382.212,356175.1902543626,2030642.1622189127,1,False,nearest
S3-0022,2000,372.588,356220.80829604523,2030619.543296546,1,False,nearest
S3-0023,2000,378.217,356270.49705420487,2030611.6241454824,1,False,nearest
S3-0024,2000,360.777,356314.02916394087,2030581.4727106588,1,False,nearest
S3-0025,2000,353.778,356360.34776490694,2030561.3835791312,1,False,nearest
S3-0026,2000,356.783,356409.3362306629,2030550.9356009583,1,False,nearest
S3-0027,2000,365.337,356459.8056120239,2030545.8353596868,1,False,nearest
S3-0028,2000,352.788,356504.64303050487,2030520.397527528,1,False,nearest
S3-0029,2000,352.798,356552.8321914782,2030507.0631784736,1,False,nearest
S3-0030,2000,348.795,356599.9503641069,2030489.8613815573,1,False,nearest
S3-0031,2000,362.24,356651.7250542127,2030489.4747429506,1,False,nearest
S3-0032,2000,344.801,356695.25743082823,2030459.3242718568,1,False,nearest
S3-0033,2000,351.821,356745.31741868844,2030452.7456690054,1,False,nearest
S3-0034,2000,340.809,356790.5650313101,2030428.789089616,1,False,nearest
S3-0035,2000,339.284,356838.34453190194,2030413.975415252,1,False,nearest
S3-0036,2000,336.816,356885.8723649114,2030398.2529436452,1,False,nearest
S3-0037,2000,350.474,356937.24300798535,2030397.8703591118,1,False,nearest
S3-0038,2000,334.112,356979.530583327,2030367.7306651215,1,False,nearest
S3-0039,2000,343.764,357029.2644463384,2030361.326504485,1,False,nearest
S3-0040,2000,335.818,357072.9094186325,2030337.2101975603,1,False,nearest
S3-0041,2000,317.431,357112.96068014216,2030302.4183693498,1,False,nearest
S3-0042,2000,309.125,357156.774613724,2030276.9364373179,1,False,nearest
S3-0043,2000,327.645,357210.0928429029,2030276.5404105159,1,False,nearest
S3-0044,2000,335.94,357259.7884141201,2030266.5826383554,1,False,nearest
S3-0045,2000,332.88,357305.4609749554,2030246.0064193944,1,False,nearest
S3-0046,2000,333.003,357352.2612541567,2030228.4067320197,1,False,nearest
S3-0047,2000,338.116,357400.82946130214,2030215.4733634067,1,False,nearest
S3-0048,2000,330.066,357444.7340941933,2030190.2308256838,1,False,nearest
S3-0049,2000,343.352,357496.1979476488,2030184.9403074193,1,False,nearest
S3-0050,2000,330.069,357538.24855911086,2030154.8042133679,1,False,nearest
S3-0051,2000,348.578,357591.5628910538,2030154.3979000915,1,False,nearest
S3-0052,2000,335.306,357633.61739975173,2030124.2720925142,1,False,nearest
S3-0053,2000,322.728,357675.91778860864,2030094.7952679475,1,False,nearest
S3-0054,2000,340.543,357728.9862403926,2030093.7399716608,1,False,nearest
S3-0055,2000,359.065,357782.30517815985,2030093.3458151266,1,False,nearest
S3-0056,2000,345.782,357824.3557896219,2030063.2097210751,1,False,nearest
S3-0057,2000,362.691,357877.1032508813,2030061.3071933663,1,False,nearest
S3-0058,2000,351.02,357919.7249845569,2030032.678535356,1,False,nearest
S3-0059,2000,337.738,357961.7759503131,2030002.5433764386,1,False,nearest
S3-0060,2000,335.376,358007.69580848404,2029982.6198810232,1,False,nearest
S3-0061,2000,333.91,358053.9331142378,2029963.5342656905,1,False,nearest
S3-0062,2000,329.695,358099.1964652985,2029941.8779669357,1,False,nearest
S3-0063,2000,330.978,358146.4077257453,2029925.3630350246,1,False,nearest
S3-0064,2000,334.935,358194.5663688219,2029911.3486514841,1,False,nearest
S3-0065,2000,350.962,358247.0013426171,2029908.6213355695,1,False,nearest
S3-0066,2000,340.176,358289.9366266395,2029880.8202711667,1,False,nearest
S3-0067,2000,348.032,358339.4766627129,2029870.4519751717,1,False,nearest
S3-0068,2000,345.417,358385.3068844571,2029850.2918908494,1,False,nearest
S3-0069,2000,345.102,358431.95198280877,2029832.282614774,1,False,nearest
S3-0070,2000,350.659,358480.6774965689,2029819.764445666,1,False,nearest
S3-0071,2000,342.172,358524.42730290466,2029794.1132543762,1,False,nearest
S3-0072,2000,324.096,358564.77978237544,2029759.4950629652,1,False,nearest
S3-0073,2000,339.244,358616.90333158884,2029755.9457642466,1,False,nearest
S3-0074,2000,329.339,358660.1507487814,2029728.9685529158,1,False,nearest
S3-0075,2000,316.058,358702.2020688317,2029698.8343291327,1,False,nearest
S3-0076,2000,334.583,358755.5220694815,2029698.4429780007,1,False,nearest
S3-0077,2000,333.388,358801.85538895725,2029679.6107839872,1,False,nearest
S3-0078,2000,339.827,358850.89339018165,2029667.9174030852,1,False,nearest
S3-0079,2000,330.462,358894.3321262298,2029641.4451641256,1,False,nearest
S3-0080,2000,345.071,358946.26471088175,2029637.39182817,1,False,nearest
S3-0081,2000,327.536,358986.8088635024,2029603.279544264,1,False,nearest
S3-0082,2000,318.511,359030.36805957084,2029577.1252508713,1,False,nearest
S3-0083,2000,324.61,359079.285600775,2029565.1139244023,1,False,nearest
S3-0084,2000,323.756,359125.73973456514,2029546.60061109,1,False,nearest
S3-0085,2000,321.685,359171.7626923417,2029526.9492396747,1,False,nearest
S3-0086,2000,297.309,359209.8831184962,2029486.4397039355,1,False,nearest
S3-0087,2000,315.723,359263.16379249236,2029485.9445529273,1,False,nearest
S3-0088,2000,317.299,359310.4788611331,2029469.7036152845,1,False,nearest
S3-0089,2000,320.969,359358.53582178085,2029455.42084828,1,False,nearest
S3-0090,2000,314.376,359402.95666128816,2029431.5408008248,1,False,nearest
S3-0091,2000,326.217,359453.9085596577,2029424.8990139007,1,False,nearest
S3-0092,2000,344.744,359507.2292688958,2029424.5095330367,1,False,nearest
S3-0093,2000,332.907,359549.792189738,2029395.725642779,1,False,nearest
S3-0094,2000,349.992,359602.60200677265,2029393.9876986574,1,False,nearest
S3-0095,2000,336.713,359644.65403541137,2029363.855345142,1,False,nearest
S3-0096,2000,328.525,359688.5097757061,2029338.4837589245,1,False,nearest
S3-0097,2000,341.962,359740.02712758235,2029333.3344458968,1,False,nearest
S3-0098,2000,328.684,359782.0795105152,2029303.2030275157,1,False,nearest
S3-0099,2000,347.211,359835.4002197533,2029302.8135466515,1,False,nearest
S3-0100,2000,345.598,359881.585444263,2029283.5904666178,1,False,nearest
S3-0101,2000,344.138,359927.82487578184,2029264.510462089,1,False,nearest
S3-0102,2000,339.184,359972.82640344556,2029242.1630992931,1,False,nearest
S3-0103,2000,325.906,360014.8787863785,2029212.031680912,1,False,nearest
S3-0104,2000,344.434,360068.19984991074,2029211.6431351819,1,False,nearest
S3-0105,2000,338.3,360112.78331044543,2029188.192314242,1,False,nearest
S3-0106,2000,336.841,360159.02309625846,2029169.1132448472,1,False,nearest
S3-0107,2000,335.382,360205.26288207143,2029150.0341754528,1,False,nearest
S3-0108,2000,323.131,360247.6791251243,2029120.8631397104,1,False,nearest
S3-0109,2000,332.465,360297.74280799157,2029111.876971797,1,False,nearest
S3-0110,2000,328.384,360343.053634472,2029090.345981001,1,False,nearest
S3-0111,2000,329.548,360390.22273391177,2029073.7197681419,1,False,nearest
S3-0112,2000,333.637,360438.42814381974,2029059.828822292,1,False,nearest
S3-0113,2000,349.546,360490.821310902,2029056.9911605625,1,False,nearest
S3-0114,2000,338.89,360533.80265316745,2029029.3116635827,1,False,nearest
S3-0115,2000,346.631,360583.3019454105,2029018.8358271753,1,False,nearest
S3-0116,2000,344.144,360629.1775168094,2028998.7954400075,1,False,nearest
S3-0117,2000,343.716,360675.78257991903,2028980.6804937876,1,False,nearest
S3-0118,2000,342.259,360722.02307432034,2028961.603294661,1,False,nearest
S3-0119,2000,336.122,360766.6054719725,2028938.1496683192,1,False,nearest
S3-0120,2000,339.345,360814.5040631231,2028923.4488964076,1,False,nearest
S3-0121,2000,341.378,360861.98104420275,2028907.635315012,1,False,nearest
S3-0122,2000,336.424,360906.99496837874,2028885.2851277608,1,False,nearest
S3-0123,2000,334.872,360953.2884809927,2028866.1521373526,1,False,nearest
S3-0124,2000,333.201,360999.57785484055,2028846.9901704194,1,False,nearest
S3-0125,2000,331.488,361045.88993186614,2028827.8714163173,1,False,nearest
S3-0126,2000,337.92,361095.05547567864,2028816.4760640508,1,False,nearest
S3-0127,2000,327.843,361138.437242265,2028789.6504102703,1,False,nearest
S3-0128,2000,326.02,361184.68709440477,2028770.564433585,1,False,nearest
S3-0129,2000,328.842,361232.5512334095,2028755.8339250619,1,False,nearest
S3-0130,2000,345.371,361285.1789956771,2028753.956032709,1,False,nearest
S3-0131,2000,333.364,361327.8895803397,2028725.3208444475,1,False,nearest
S3-0132,2000,319.764,361370.04654627776,2028695.1919509578,1,False,nearest
S3-0133,2000,337.887,361423.22827480215,2028694.8087015008,1,False,nearest
S3-0134,2000,338.083,361470.179794365,2028677.6158766388,1,False,nearest
S3-0135,2000,336.262,361516.4303415692,2028658.5317752892,1,False,nearest
S3-0136,2000,328.812,361560.7246302669,2028634.1695404006,1,False,nearest
S3-0137,2000,346.936,361613.90670632344,2028633.7872286118,1,False,nearest
S3-0138,2000,333.336,361656.0636722615,2028603.658335122,1,False,nearest
S3-0139,2000,328.978,361701.43253038573,2028582.1953698911,1,False,nearest
S3-0140,2000,337.862,361751.4034093204,2028573.1490051798,1,False,nearest
S3-0141,2000,348.332,361801.92547425453,2028565.5897820196,1,False,nearest
S3-0142,2000,342.387,361846.7427988471,2028542.638737569,1,False,nearest
S3-0143,2000,321.697,361886.43576179876,2028505.8617774972,1,False,nearest
S3-0144,2000,315.19,361931.05777331966,2028482.383763594,1,False,nearest
S3-0145,2000,333.315,361984.2401969083,2028482.0023894734,1,False,nearest
S3-0146,2000,339.232,362033.179947936,2028470.1739636122,1,False,nearest
S3-0147,2000,337.842,362079.58028149937,2028451.493997199,1,False,nearest
S3-0148,2000,335.593,362125.6820849408,2028432.0085739174,1,False,nearest
S3-0149,2000,342.369,362174.92036609043,2028420.9856049244,1,False,nearest
S3-0150,2000,331.955,362218.1845694777,2028393.8441218906,1,False,nearest
S3-0151,2000,330.136,362264.4358117461,2028374.7618958773,1,False,nearest
S3-0152,2000,333.3,362312.4188067482,2028360.3520698329,1,False,nearest
S3-0153,2000,326.499,362356.93864381517,2028336.5983815186,1,False,nearest
S3-0154,2000,337.829,362407.7595864035,2028329.8455528948,1,False,nearest
S3-0155,2000,345.856,362457.43263028044,2028319.9956066513,1,False,nearest
S3-0156,2000,342.358,362503.1003660589,2028299.3390359564,1,False,nearest
S3-0157,2000,342.22,362549.9358098816,2028281.8330299607,1,False,nearest
S3-0158,2000,340.402,362596.18739968224,2028262.7517416151,1,False,nearest
S3-0159,2000,333.296,362640.4988952453,2028238.7084741525,1,False,nearest
S3-0160,2000,337.12,362688.52685982134,2028224.7653964178,1,False,nearest
S3-0161,2000,312.87,362726.51196291664,2028184.416373864,1,False,nearest
S3-0162,2000,325.186,362777.42652241956,2028178.0816380093,1,False,nearest
S3-0163,2000,333.493,362827.0058524836,2028167.8169740343,1,False,nearest
S3-0164,2000,331.136,362872.7870016755,2028147.5773636708,1,False,nearest
S3-0165,2000,331.302,362919.47851969796,2028129.6907848823,1,False,nearest
S3-0166,2000,337.117,362968.2083546144,2028117.0726465879,1,False,nearest
S3-0167,2000,351.946,363020.19069236,2028112.861256853,1,False,nearest
S3-0168,2000,343.099,363063.63006838114,2028086.568862137,1,False,nearest
S3-0169,2000,362.035,363117.09432637517,2028086.187793717,1,False,nearest
S3-0170,2000,349.081,363159.05178214784,2028056.0650776862,1,False,nearest
S3-0171,2000,347.566,363205.1367484445,2028036.6107438134,1,False,nearest
S3-0172,2000,355.064,363254.47385674255,2028025.562225868,1,False,nearest
S3-0173,2000,345.377,363297.61013731477,2027998.4864199262,1,False,nearest
S3-0174,2000,344.283,363343.8470121638,2027979.4247242985,1,False,nearest
S3-0175,2000,348.094,363391.85374793777,2027964.9375906512,1,False,nearest
S3-0176,2000,342.094,363436.32040103397,2027941.3004004115,1,False,nearest
S3-0177,2000,354.078,363487.2761833604,2027934.4356714652,1,False,nearest
S3-0178,2000,341.124,363529.23363913305,2027904.3129554342,1,False,nearest
S3-0179,2000,360.063,363582.69897961087,2027903.934684912,1,False,nearest
S3-0180,2000,347.109,363624.6564353836,2027873.8119688807,1,False,nearest
S3-0181,2000,336.627,363667.50585776306,2027845.9947201717,1,False,nearest
S3-0182,2000,353.095,363720.079592462,2027843.3119149597,1,False,nearest
S3-0183,2000,340.142,363762.0374090626,2027813.1901315611,1,False,nearest
S3-0184,2000,356.183,363814.4570702416,2027810.1090923096,1,False,nearest
S3-0185,2000,346.128,363857.460566141,2027782.69007764,1,False,nearest
S3-0186,2000,333.176,363899.4187435695,2027752.569226874,1,False,nearest
S3-0187,2000,352.115,363952.88408404734,2027752.1909563513,1,False,nearest
S3-0188,2000,339.163,363994.8422614758,2027722.0701055853,1,False,nearest
S3-0189,2000,327.887,364037.4051864905,2027693.5123467413,1,False,nearest
S3-0190,2000,345.15,364090.26577938214,2027691.5709842967,1,False,nearest
S3-0191,2000,348.538,364138.11988494796,2027676.6893471389,1,False,nearest
S3-0192,2000,347.447,364184.35784228076,2027657.6304494087,1,False,nearest
S3-0193,2000,338.187,364227.6481963728,2027630.9528775066,1,False,nearest
S3-0194,2000,357.127,364281.11389767856,2027630.5755396169,1,False,nearest
S3-0195,2000,344.176,364323.07243593497,2027600.455621483,1,False,nearest
S3-0196,2000,363.116,364376.5381372407,2027600.0782835928,1,False,nearest
S3-0197,2000,350.165,364418.49667549715,2027569.958365459,1,False,nearest
S3-0198,2000,363.736,364470.0250917252,2027564.5737241502,1,False,nearest
S3-0199,2000,356.155,364513.9212758872,2027539.462042068,1,False,nearest
S3-0200,2000,343.204,364555.87981414364,2027509.342123934,1,False,nearest
S3-0201,2000,362.145,364609.34482875874,2027508.9661240135,1,False,nearest
S3-0202,2000,359.434,364654.95836036763,2027488.3616751835,1,False,nearest
S3-0203,2000,368.315,364704.75086896773,2027478.4705886615,1,False,nearest
S1-0042,2010,350.017,349990.11165600596,2033096.7986501004,1,False,nearest
S1-0043,2010,335.174,350025.6243262339,2033059.0155335288,1,False,nearest
S1-0044,2010,320.267,350061.3576945056,2033020.9978397407,1,False,nearest
S1-0045,2010,326.851,350107.8925994462,2033001.5594324458,1,False,nearest
S1-0046,2010,311.944,350143.6259677178,2032963.5417386575,1,False,nearest
S1-0047,2010,318.529,350190.16137526586,2032944.1041958772,1,False,nearest
S1-0048,2010,303.623,350225.8952461449,2032906.087366604,1,False,nearest
S1-0049,2010,319.121,350276.91039387864,2032894.355243791,1,False,nearest
S1-0050,2010,316.794,350318.9665638485,2032867.213145558,1,False,nearest
S1-0051,2010,323.379,350365.50197139656,2032847.7756027777,1,False,nearest
S1-0052,2010,329.965,350412.03788155207,2032828.3389245123,1,False,nearest
S1-0053,2010,330.285,350455.42445343715,2032803.4851968228,1,False,nearest
S1-0054,2010,321.645,350494.30766258657,2032770.8854169731,1,False,nearest
S1-0055,2010,318.695,350536.0507081162,2032743.2047260513,1,False,nearest
S1-0056,2010,313.326,350576.5779462286,2032713.432773949,1,False,nearest
S1-0057,2010,307.106,350616.67746540264,2032682.9251197944,1,False,nearest
S1-0058,2010,305.008,350658.8487324781,2032655.9809954397,1,False,nearest
S1-0059,2010,329.862,350714.5662754971,2032652.3372726277,1,False,nearest
S1-0060,2010,324.067,350754.87940283655,2032622.197037242,1,False,nearest
S1-0061,2010,324.769,350798.45797076693,2032597.6735541872,1,False,nearest
S1-0062,2010,331.356,350844.9943835299,2032578.2377404363,1,False,nearest
S1-0063,2010,337.944,350891.53129890026,2032558.8027912003,1,False,nearest
S1-0064,2010,335.237,350933.3964780398,2032531.3321773626,1,False,nearest
S1-0065,2010,329.626,350973.8062067132,2032501.3486166312,1,False,nearest
S1-0066,2010,324.218,351015.6482691598,2032471.0407768323,1,False,nearest
S1-0067,2010,319.061,351058.48356864945,2032441.340202176,1,False,nearest
S1-0068,2010,345.733,351116.654954723,2032440.4308497051,1,False,nearest
S1-0069,2010,348.782,351163.7903304913,2032419.5278124888,1,False,nearest
S1-0070,2010,352.317,351210.3446344338,2032400.0763959282,1,False,nearest
S1-0071,2010,354.628,351256.0621438393,2032379.6987107124,1,False,nearest
S1-0072,2010,359.587,351302.9682241552,2032361.687289047,1,False,nearest
S1-0073,2010,370.643,351352.610980015,2032349.1241713353,1,False,nearest
S1-0074,2010,366.858,351395.59226273274,2032323.2990757702,1,False,nearest
S1-0075,2010,353.412,351434.23714682326,2032288.8408713823,1,False,nearest
S1-0076,2010,374.129,351488.2163013102,2032284.910862493,1,False,nearest
S1-0077,2010,355.833,351524.68423339346,2032246.1186784147,1,False,nearest
S1-0078,2010,360.813,351571.59973968717,2032228.1260224348,1,False,nearest
S1-0079,2010,385.037,351627.1530324606,2032227.3298829838,1,False,nearest
S1-0080,2010,376.83,351668.149473575,2032197.553270266,1,False,nearest
S1-0081,2010,401.464,351723.88679734286,2032197.1235084794,1,False,nearest
S1-0082,2010,395.947,351766.09066132316,2032169.7506906828,1,False,nearest
S1-0083,2010,417.482,351820.43698008684,2032166.5516499146,1,False,nearest
S1-0084,2010,442.116,351876.1743038547,2032166.1218881283,1,False,nearest
S1-0085,2010,499.998,351946.83519470226,2032195.4026741257,1,False,nearest
S1-0086,2010,524.632,352002.5725184702,2032194.9729123393,1,False,nearest
S1-0087,2010,549.266,352058.3098422381,2032194.5431505528,1,False,nearest
S1-0088,2010,573.9,352114.04716600594,2032194.1133887665,1,False,nearest
S1-0089,2010,631.783,352184.70850570954,2032223.395068368,1,False,nearest
S1-0090,2010,656.418,352240.44627833355,2032222.9662001857,1,False,nearest
S1-0091,2010,669.981,352291.07524418354,2032212.719066093,1,False,nearest
S1-0092,2010,651.768,352327.20071173477,2032174.2950664016,1,False,nearest
S1-0093,2010,662.943,352376.5036363249,2032162.2678958997,1,False,nearest
S1-0094,2010,680.883,352428.8010811467,2032156.4354286522,1,False,nearest
S1-0095,2010,677.713,352471.93371881306,2032131.7080496754,1,False,nearest
S1-0096,2010,665.419,352511.4051319685,2032098.6452309887,1,False,nearest
S1-0097,2010,646.597,352548.0008352052,2032059.7219450455,1,False,nearest
S1-0098,2010,649.783,352594.2914869547,2032040.5561902574,1,False,nearest
S1-0099,2010,310.576,352489.75141777715,2031714.0094665175,2,True,nearest
S1-0100,2010,304.04,352531.7593409987,2031686.1158528647,2,True,nearest
S1-0101,2010,307.226,352578.0499927483,2031666.9500980766,2,True,nearest
S1-0102,2010,310.413,352624.34108501713,2031647.7852410316,2,True,nearest
S1-0103,2010,291.592,352660.9372287731,2031608.8628528314,2,True,nearest
S1-0104,2010,272.771,352697.5333725291,2031569.9404646314,2,True,nearest
S1-0105,2010,249.259,352741.6475989993,2031523.0233739775,2,True,nearest
S1-0106,2010,213.06,352796.1389477428,2031465.0701839898,2,True,nearest
S1-0107,2010,164.495,352824.45512216474,2031404.8884932334,2,True,nearest
S1-0108,2010,465.738,352968.0231163474,2031673.1390022836,1,False,nearest
S1-0109,2010,425.132,352994.47008655005,2031614.9455889072,1,False,nearest
S1-0110,2010,403.565,353017.1457962496,2031569.914089062,1,False,nearest
S1-0111,2010,394.243,353045.7036973511,2031530.3913899392,1,False,nearest
S1-0112,2010,375.348,353073.40969035175,2031479.4847729844,1,False,nearest
S1-0113,2010,359.058,353110.20785049436,2031431.7242606718,1,False,nearest
S1-0114,2010,320.646,353141.4372527871,2031368.4461946844,1,False,nearest
S1-0115,2010,267.339,353157.4633827062,2031298.8988715531,1,False,nearest
S1-0116,2010,244.382,353185.60949364427,2031255.481250529,1,False,nearest
S1-0126,2010,4.783,353185.2763885405,2031211.8742056813,1,False,nearest
S2-0001,2010,206.003,352519.7197414713,2031698.9206431834,2,True,nearest
S2-0002,2010,197.722,352567.0126956795,2031678.6894492176,2,True,nearest
S2-0003,2010,192.217,352610.32651818945,2031653.4313962944,2,True,nearest
S2-0004,2010,187.489,352648.35181641625,2031622.2476221744,2,True,nearest
S2-0005,2010,184.692,352681.75976831734,2031586.7173892003,2,True,nearest
S2-0006,2010,184.748,352716.0003048048,2031550.300277012,2,True,nearest
S3-0001,2010,378.244,355188.963545711,2030768.8723284546,1,False,nearest
S3-0002,2010,369.788,355240.66413367825,2030768.4825657615,1,False,nearest
S3-0003,2010,369.622,355289.80771011114,2030768.1125334655,1,False,nearest
S3-0004,2010,381.008,355341.061753157,2030767.7266666782,1,False,nearest
S3-0005,2010,381.059,355389.0162617106,2030752.315175359,1,False,nearest
S3-0006,2010,382.234,355436.69390563684,2030737.1810865183,1,False,nearest
S3-0007,2010,397.52,355487.73619379645,2030736.797077657,1,False,nearest
S3-0008,2010,407.269,355535.7367478019,2030736.436421686,1,False,nearest
S3-0009,2010,383.496,355581.0152623999,2030706.2709062942,1,False,nearest
S3-0010,2010,389.429,355631.4388258312,2030705.8916654964,1,False,nearest
S3-0011,2010,395.443,355681.61718300794,2030705.5145099224,1,False,nearest
S3-0012,2010,400.45,355731.1720164226,2030705.1424634012,1,False,nearest
S3-0013,2010,373.018,355778.5720511314,2030674.9612233762,1,False,nearest
S3-0014,2010,342.057,355830.1127403567,2030644.748829844,1,False,nearest
S3-0015,2010,337.991,355881.0478230202,2030644.3667921359,1,False,nearest
S3-0016,2010,335.953,355928.07435655966,2030644.0142556105,1,False,nearest
S3-0017,2010,362.565,355977.24913041637,2030668.0450888986,1,False,nearest
S3-0018,2010,344.449,356022.424002429,2030643.306505753,1,False,nearest
S3-0019,2010,355.339,356071.6984746514,2030642.9372724828,1,False,nearest
S3-0020,2010,368.768,356123.4158311361,2030642.5498212494,1,False,nearest
S3-0021,2010,378.859,356174.2954066377,2030638.9308327474,1,False,nearest
S3-0022,2010,364.773,356218.7226309783,2030612.011747819,1,False,nearest
S3-0023,2010,366.318,356267.32145233254,2030600.1567240746,1,False,nearest
S3-0024,2010,360.777,356314.02916394087,2030581.4727106588,1,False,nearest
S3-0025,2010,353.778,356360.34776490694,2030561.3835791312,1,False,nearest
S3-0026,2010,356.783,356409.3362306629,2030550.9356009583,1,False,nearest
S3-0027,2010,341.239,356453.37434436154,2030522.6113979176,1,False,nearest
S3-0028,2010,352.788,356504.64303050487,2030520.397527528,1,False,nearest
S3-0029,2010,335.349,356548.17540712096,2030490.247056434,1,False,nearest
S3-0030,2010,348.795,356599.9503641069,2030489.8613815573,1,False,nearest
S3-0031,2010,362.24,356651.7250542127,2030489.4747429506,1,False,nearest
S3-0032,2010,344.801,356695.25743082823,2030459.3242718568,1,False,nearest
S3-0033,2010,327.723,356738.88615102606,2030429.5217072363,1,False,nearest
S3-0034,2010,340.809,356790.5650313101,2030428.789089616,1,False,nearest
S3-0035,2010,323.37,356834.0974079256,2030398.6386185223,1,False,nearest
S3-0036,2010,308.919,356878.4272211656,2030371.3677722006,1,False,nearest
S3-0037,2010,319.444,356928.453737681,2030368.1111651121,1,False,nearest
S3-0038,2010,323.416,356976.26543583657,2030357.5452231641,1,False,nearest
S3-0039,2010,318.652,357021.0494983203,2030337.5962037481,1,False,nearest
S3-0040,2010,304.082,357061.839985326,2030307.4672766838,1,False,nearest
S3-0041,2010,322.41,357114.72471085034,2030307.074401637,1,False,nearest
S3-0042,2010,338.877,357167.3155740835,2030304.7585446914,1,False,nearest
S3-0043,2010,327.645,357210.0928429029,2030276.5404105159,1,False,nearest
S3-0044,2010,314.36,357252.1427457765,2030246.4024461962,1,False,nearest
S3-0045,2010,332.88,357305.4609749554,2030246.0064193944,1,False,nearest
S3-0046,2010,319.596,357347.51123212324,2030215.869390209,1,False,nearest
S3-0047,2010,331.534,357398.4974970279,2030209.3183112848,1,False,nearest
S3-0048,2010,324.832,357442.87971847,2030185.3363342213,1,False,nearest
S3-0049,2010,328.598,357490.9706913587,2030171.143340083,1,False,nearest
S3-0050,2010,330.069,357538.24855911086,2030154.8042133679,1,False,nearest
S3-0051,2010,325.663,357583.4442399837,2030132.9693040152,1,False,nearest
S3-0052,2010,335.306,357633.61739975173,2030124.2720925142,1,False,nearest
S3-0053,2010,322.728,357675.91778860864,2030094.7952679475,1,False,nearest
S3-0054,2010,340.543,357728.9862403926,2030093.7399716608,1,False,nearest
S3-0055,2010,342.709,357776.5103425979,2030078.0507630897,1,False,nearest
S3-0056,2010,345.782,357824.3557896219,2030063.2097210751,1,False,nearest
S3-0057,2010,339.775,357868.98424551706,2030039.877662156,1,False,nearest
S3-0058,2010,351.02,357919.7249845569,2030032.678535356,1,False,nearest
S3-0059,2010,337.738,357961.7759503131,2030002.5433764386,1,False,nearest
S3-0060,2010,335.376,358007.69580848404,2029982.6198810232,1,False,nearest
S3-0061,2010,311.172,358045.8771732371,2029942.271188336,1,False,nearest
S3-0062,2010,329.695,358099.1964652985,2029941.8779669357,1,False,nearest
S3-0063,2010,348.217,358152.5154030657,2029941.4838104015,1,False,nearest
S3-0064,2010,334.935,358194.5663688219,2029911.3486514841,1,False,nearest
S3-0065,2010,328.047,358238.882691547,2029887.1927394932,1,False,nearest
S3-0066,2010,340.176,358289.9366266395,2029880.8202711667,1,False,nearest
S3-0067,2010,326.894,358331.9875923957,2029850.6851122493,1,False,nearest
S3-0068,2010,323.652,358377.59567169077,2029829.9386988964,1,False,nearest
S3-0069,2010,332.135,358427.3578502133,2029820.1567319322,1,False,nearest
S3-0070,2010,343.637,358478.1896428567,2029813.1979345751,1,False,nearest
S3-0071,2010,337.378,358522.72881661926,2029789.6302218826,1,False,nearest
S3-0072,2010,324.096,358564.77978237544,2029759.4950629652,1,False,nearest
S3-0073,2010,339.244,358616.90333158884,2029755.9457642466,1,False,nearest
S3-0074,2010,329.339,358660.1507487814,2029728.9685529158,1,False,nearest
S3-0075,2010,316.058,358702.2020688317,2029698.8343291327,1,False,nearest
S3-0076,2010,334.583,358755.5220694815,2029698.4429780007,1,False,nearest
S3-0077,2010,321.302,358797.57338953187,2029668.3087542173,1,False,nearest
S3-0078,2010,339.827,358850.89339018165,2029667.9174030852,1,False,nearest
S3-0079,2010,330.462,358894.3321262298,2029641.4451641256,1,False,nearest
S3-0080,2010,328.999,358940.5704948661,2029622.362354195,1,False,nearest
S3-0081,2010,327.536,358986.8088635024,2029603.279544264,1,False,nearest
S3-0082,2010,318.511,359030.36805957084,2029577.1252508713,1,False,nearest
S3-0083,2010,324.61,359079.285600775,2029565.1139244023,1,False,nearest
S3-0084,2010,323.148,359125.5243237054,2029546.0320496056,1,False,nearest
S3-0085,2010,310.476,359167.79140890966,2029516.4673224406,1,False,nearest
S3-0086,2010,320.223,359218.0014152722,2029507.8673648778,1,False,nearest
S3-0087,2010,315.723,359263.16379249236,2029485.9445529273,1,False,nearest
S3-0088,2010,334.249,359316.4841474363,2029485.5541369293,1,False,nearest
S3-0089,2010,320.969,359358.53582178085,2029455.42084828,1,False,nearest
S3-0090,2010,339.496,359411.856531019,2029455.031367416,1,False,nearest
S3-0091,2010,358.023,359465.1772402571,2029454.6418865519,1,False,nearest
S3-0092,2010,344.744,359507.2292688958,2029424.5095330367,1,False,nearest
S3-0093,2010,332.907,359549.792189738,2029395.725642779,1,False,nearest
S3-0094,2010,349.992,359602.60200677265,2029393.9876986574,1,False,nearest
S3-0095,2010,336.713,359644.65403541137,2029363.855345142,1,False,nearest
S3-0096,2010,351.439,359696.628072482,2029359.9114198668,1,False,nearest
S3-0097,2010,341.962,359740.02712758235,2029333.3344458968,1,False,nearest
S3-0098,2010,348.518,359789.1065812254,2029321.7504756753,1,False,nearest
S3-0099,2010,347.211,359835.4002197533,2029302.8135466515,1,False,nearest
S3-0100,2010,345.598,359881.585444263,2029283.5904666178,1,False,nearest
S3-0101,2010,344.138,359927.82487578184,2029264.510462089,1,False,nearest
S3-0102,2010,339.184,359972.82640344556,2029242.1630992931,1,False,nearest
S3-0103,2010,357.712,360026.1474669779,2029241.7745535632,1,False,nearest
S3-0104,2010,339.759,360066.54352463246,2029207.2713836369,1,False,nearest
S3-0105,2010,331.157,360110.25258713786,2029181.5126519348,1,False,nearest
S3-0106,2010,336.841,360159.02309625846,2029169.1132448472,1,False,nearest
S3-0107,2010,336.408,360205.62638789724,2029150.9936229575,1,False,nearest
S3-0108,2010,354.938,360258.94816001784,2029150.6069474956,1,False,nearest
S3-0109,2010,341.661,360301.00089724496,2029120.4764642483,1,False,nearest
S3-0110,2010,353.92,360352.1008905805,2029114.2255633445,1,False,nearest
S3-0111,2010,346.913,360396.3750522985,2029089.9583704052,1,False,nearest
S3-0112,2010,333.637,360438.42814381974,2029059.828822292,1,False,nearest
S3-0113,2010,349.546,360490.821310902,2029056.9911605625,1,False,nearest
S3-0114,2010,338.89,360533.80265316745,2029029.3116635827,1,False,nearest
S3-0115,2010,346.631,360583.3019454105,2029018.8358271753,1,False,nearest
S3-0116,2010,344.144,360629.1775168094,2028998.7954400075,1,False,nearest
S3-0117,2010,330.868,360671.2306083306,2028968.6658918944,1,False,nearest
S3-0118,2010,342.259,360722.02307432034,2028961.603294661,1,False,nearest
S3-0119,2010,336.122,360766.6054719725,2028938.1496683192,1,False,nearest
S3-0120,2010,339.345,360814.5040631231,2028923.4488964076,1,False,nearest
S3-0121,2010,341.378,360861.98104420275,2028907.635315012,1,False,nearest
S3-0122,2010,359.909,360915.3080662699,2028907.2495906146,1,False,nearest
S3-0123,2010,357.809,360961.3691451471,2028887.618595743,1,False,nearest
S3-0124,2010,356.184,361007.6358658357,2028868.5142673298,1,False,nearest
S3-0125,2010,351.478,361052.86475355487,2028846.60512824,1,False,nearest
S3-0126,2010,329.666,361092.1868414723,2028808.7365903098,1,False,nearest
S3-0127,2010,324.319,361137.21253894706,2028786.3460680086,1,False,nearest
S3-0128,2010,342.442,361190.39426747145,2028785.9628185518,1,False,nearest
S3-0129,2010,328.842,361232.5512334095,2028755.8339250619,1,False,nearest
S3-0130,2010,346.964,361285.73261440167,2028755.449737937,1,False,nearest
S3-0131,2010,343.549,361331.4291953491,2028734.8709936915,1,False,nearest
S3-0132,2010,341.727,361377.67939502106,2028715.7859546738,1,False,nearest
S3-0133,2010,337.887,361423.22827480215,2028694.8087015008,1,False,nearest
S3-0134,2010,338.083,361470.179794365,2028677.6158766388,1,False,nearest
S3-0135,2010,342.411,361518.5673167967,2028664.2974962222,1,False,nearest
S3-0136,2010,357.435,361570.6720431695,2028661.008413431,1,False,nearest
S3-0137,2010,346.936,361613.90670632344,2028633.7872286118,1,False,nearest
S3-0138,2010,333.336,361656.0636722615,2028603.658335122,1,False,nearest
S3-0139,2010,351.46,361709.24574831803,2028603.2760233332,1,False,nearest
S3-0140,2010,337.862,361751.4034093204,2028573.1490051798,1,False,nearest
S3-0141,2010,325.337,361793.93397232617,2028544.02810486,1,False,nearest
S3-0142,2010,342.387,361846.7427988471,2028542.638737569,1,False,nearest
S3-0143,2010,328.789,361888.90045984945,2028512.5117194157,1,False,nearest
S3-0144,2010,346.913,361942.082535906,2028512.1294076268,1,False,nearest
S3-0145,2010,341.051,361986.9287056675,2028489.2561896257,1,False,nearest
S3-0146,2010,339.232,362033.179947936,2028470.1739636122,1,False,nearest
S3-0147,2010,337.412,362079.43084267224,2028451.0907999307,1,False,nearest
S3-0148,2010,324.244,362121.7379425018,2028421.3669790456,1,False,nearest
S3-0149,2010,333.774,362171.9333272092,2028412.926347904,1,False,nearest
S3-0150,2010,328.772,362217.07837462495,2028390.859524439,1,False,nearest
S3-0151,2010,330.136,362264.4358117461,2028374.7618958773,1,False,nearest
S3-0152,2010,333.3,362312.4188067482,2028360.3520698329,1,False,nearest
S3-0153,2010,326.499,362356.93864381517,2028336.5983815186,1,False,nearest
S3-0154,2010,337.829,362407.7595864035,2028329.8455528948,1,False,nearest
S3-0155,2010,345.856,362457.43263028044,2028319.9956066513,1,False,nearest
S3-0156,2010,342.358,362503.1003660589,2028299.3390359564,1,False,nearest
S3-0157,2010,328.761,362545.25837459334,2028269.2129554711,1,False,nearest
S3-0158,2010,340.402,362596.18739968224,2028262.7517416151,1,False,nearest
S3-0159,2010,333.296,362640.4988952453,2028238.7084741525,1,False,nearest
S3-0160,2010,319.825,362682.420347573,2028208.584310757,1,False,nearest
S3-0161,2010,338.33,362735.586013199,2028208.2044635618,1,False,nearest
S3-0162,2010,334.577,362780.80469168775,2028186.8439923387,1,False,nearest
S3-0163,2010,344.091,362830.8299067308,2028177.701012334,1,False,nearest
S3-0164,2010,332.397,362873.24200567685,2028148.753413142,1,False,nearest
S3-0165,2010,331.302,362919.47851969796,2028129.6907848823,1,False,nearest
S3-0166,2010,330.206,362965.7146728912,2028110.62722399,1,False,nearest
S3-0167,2010,324.162,363010.1654495591,2028086.9489979243,1,False,nearest
S3-0168,2010,343.099,363063.63006838114,2028086.568862137,1,False,nearest
S3-0169,2010,349.756,363112.6637204023,2028074.736000333,1,False,nearest
S3-0170,2010,349.081,363159.05178214784,2028056.0650776862,1,False,nearest
S3-0171,2010,347.566,363205.1367484445,2028036.6107438134,1,False,nearest
S3-0172,2010,346.471,363251.3732624657,2028017.5481155536,1,False,nearest
S3-0173,2010,342.11,363296.4313125152,2027995.4395098367,1,False,nearest
S3-0174,2010,344.283,363343.8470121638,2027979.4247242985,1,False,nearest
S3-0175,2010,348.094,363391.85374793777,2027964.9375906512,1,False,nearest
S3-0176,2010,342.094,363436.32040103397,2027941.3004004115,1,False,nearest
S3-0177,2010,341.001,363482.557636711,2027922.2396374166,1,False,nearest
S3-0178,2010,341.124,363529.23363913305,2027904.3129554342,1,False,nearest
S3-0179,2010,360.063,363582.69897961087,2027903.934684912,1,False,nearest
S3-0180,2010,337.72,363621.2686220861,2027865.0554831666,1,False,nearest
S3-0181,2010,334.156,363666.61425198417,2027843.6901854821,1,False,nearest
S3-0182,2010,335.534,363713.74309344,2027826.9339571765,1,False,nearest
S3-0183,2010,340.142,363762.0374090626,2027813.1901315611,1,False,nearest
S3-0184,2010,333.348,363806.217564794,2027788.8124311867,1,False,nearest
S3-0185,2010,346.128,363857.460566141,2027782.69007764,1,False,nearest
S3-0186,2010,333.176,363899.4187435695,2027752.569226874,1,False,nearest
S3-0187,2010,352.115,363952.88408404734,2027752.1909563513,1,False,nearest
S3-0188,2010,339.163,363994.8422614758,2027722.0701055853,1,False,nearest
S3-0189,2010,327.887,364037.4051864905,2027693.5123467413,1,False,nearest
S3-0190,2010,345.15,364090.26577938214,2027691.5709842967,1,False,nearest
S3-0191,2010,348.538,364138.11988494796,2027676.6893471389,1,False,nearest
S3-0192,2010,347.447,364184.35784228076,2027657.6304494087,1,False,nearest
S3-0193,2010,338.187,364227.6481963728,2027630.9528775066,1,False,nearest
S3-0194,2010,357.127,364281.11389767856,2027630.5755396169,1,False,nearest
S3-0195,2010,367.008,364331.31085889885,2027621.7494847085,1,False,nearest
S3-0196,2010,363.116,364376.5381372407,2027600.0782835928,1,False,nearest
S3-0197,2010,350.165,364418.49667549715,2027569.958365459,1,False,nearest
S3-0198,2010,340.901,364461.78558627755,2027543.2770630275,1,False,nearest
S3-0199,2010,356.155,364513.9212758872,2027539.462042068,1,False,nearest
S3-0200,2010,343.204,364555.87981414364,2027509.342123934,1,False,nearest
S3-0201,2010,362.145,364609.34482875874,2027508.9661240135,1,False,nearest
S3-0202,2010,359.434,364654.95836036763,2027488.3616751835,1,False,nearest
S3-0203,2010,358.498,364701.17467679793,2027469.3281415838,1,False,nearest
S1-0042,2020,350.017,349990.11165600596,2033096.7986501004,1,False,nearest
S1-0043,2020,353.896,350035.0341428789,2033075.200978679,1,False,nearest
S1-0044,2020,341.758,350072.15923117456,2033039.5771262338,1,False,nearest
S1-0045,2020,342.304,350115.659392343,2033014.9187788782,1,False,nearest
S1-0046,2020,336.508,350155.972017075,2032984.7776789775,1,False,nearest
S1-0047,2020,340.021,350200.96341454226,2032962.684346885,1,False,nearest
S1-0048,2020,359.262,350253.85982195457,2032954.1881027813,1,False,nearest
S1-0049,2020,353.191,350294.03422963835,2032923.8092613246,1,False,nearest
S1-0050,2020,347.671,350334.4855740261,2032893.9067674947,1,False,nearest
S1-0051,2020,344.871,350376.30401067296,2032866.3557537855,1,False,nearest
S1-0052,2020,370.425,350432.37337890564,2032863.3171912986,1,False,nearest
S1-0053,2020,364.63,350472.6865062451,2032833.1769559127,1,False,nearest
S1-0054,2020,364.628,350515.911238532,2032808.044854474,1,False,nearest
S1-0055,2020,371.215,350562.44765129493,2032788.6090407232,1,False,nearest
S1-0056,2020,356.309,350598.181522174,2032750.59221145,1,False,nearest
S1-0057,2020,362.896,350644.717934937,2032731.156397699,1,False,nearest
S1-0058,2020,369.482,350691.2538450925,2032711.7197194335,1,False,nearest
S1-0059,2020,364.207,350731.82832830504,2032682.0290317177,1,False,nearest
S1-0060,2020,382.656,350784.3266706183,2032672.8480919315,1,False,nearest
S1-0061,2020,386.964,350829.71764100686,2032651.4420490656,1,False,nearest
S1-0062,2020,381.17,350870.0312709538,2032621.3026781946,1,False,nearest
S1-0063,2020,380.927,350913.1348748456,2032595.9622287012,1,False,nearest
S1-0064,2020,403.927,350967.9205836557,2032590.7156955425,1,False,nearest
S1-0065,2020,398.135,351008.23686870566,2032560.577094543,1,False,nearest
S1-0066,2020,400.306,351053.11189292243,2032537.2666074317,1,False,nearest
S1-0067,2020,405.759,351100.0121048047,2032517.4448924966,1,False,nearest
S1-0068,2020,412.86,351147.90377885726,2032499.8408246187,1,False,nearest
S1-0069,2020,414.494,351193.4904283473,2032478.1449698007,1,False,nearest
S1-0070,2020,418.112,351239.87712047825,2032458.8710750497,1,False,nearest
S1-0071,2020,421.123,351285.9088291426,2032439.118912676,1,False,nearest
S1-0072,2020,445.755,351341.6452551983,2032438.6873636814,1,False,nearest
S1-0073,2020,429.017,351378.81250506034,2032401.2874147284,1,False,nearest
S1-0074,2020,428.523,351423.27097315044,2032378.4031701246,1,False,nearest
S1-0075,2020,436.288,351471.4365436379,2032362.8992014513,1,False,nearest
S1-0076,2020,439.924,351517.7487873547,2032343.705541615,1,False,nearest
S1-0077,2020,435.925,351560.6340148704,2032317.6892147812,1,False,nearest
S1-0078,2020,447.196,351610.3732747883,2032305.318221942,1,False,nearest
S1-0079,2020,451.942,351657.1837487583,2032287.116462612,1,False,nearest
S1-0080,2020,454.468,351702.99776222184,2032266.9309022692,1,False,nearest
S1-0081,2020,458.105,351749.31045479473,2032247.7381360368,1,False,nearest
S1-0082,2020,459.345,351794.5472393344,2032226.4034008728,1,False,nearest
S1-0083,2020,465.378,351841.9353910844,2032209.3517099682,1,False,nearest
S1-0084,2020,475.364,351891.0978709344,2032195.8324359122,1,False,nearest
S1-0085,2020,472.652,351934.5607762302,2032170.9661775033,1,False,nearest
S1-0086,2020,476.29,351980.87391765916,2032151.7743048752,1,False,nearest
S1-0087,2020,482.769,352028.46225922264,2032135.121161381,1,False,nearest
S1-0088,2020,505.496,352083.34361443843,2032132.9872966523,1,False,nearest
S1-0089,2020,498.789,352125.01333967876,2032104.5510900244,1,False,nearest
S1-0090,2020,490.84,352166.12558566284,2032075.0050271538,1,False,nearest
S1-0091,2020,494.486,352212.41302744095,2032055.8409265,1,False,nearest
S1-0092,2020,506.006,352262.16921147244,2032043.8440617386,1,False,nearest
S1-0093,2020,523.536,352314.5979971673,2032037.3599158123,1,False,nearest
S1-0094,2020,521.293,352358.2659370958,2032013.2790052765,1,False,nearest
S1-0095,2020,545.32,352413.6120485812,2032012.8531413614,1,False,nearest
S1-0096,2020,536.281,352454.5173520224,2031982.7124766146,1,False,nearest
S1-0097,2020,536.562,352499.52829523734,2031960.9387779874,1,False,nearest
S1-0098,2020,551.303,352550.90914737154,2031952.14644525,1,False,nearest
S1-0099,2020,542.933,352592.1091582171,2031922.6063706677,1,False,nearest
S1-0100,2020,304.04,352531.7593409987,2031686.1158528647,2,True,nearest
S1-0101,2020,325.597,352586.142772607,2031683.4425374097,2,True,nearest
S1-0102,2020,310.413,352624.34108501713,2031647.7852410316,2,True,nearest
S1-0103,2020,291.592,352660.9372287731,2031608.8628528314,2,True,nearest
S1-0104,2020,272.771,352697.5333725291,2031569.9404646314,2,True,nearest
S1-0105,2020,249.259,352741.6475989993,2031523.0233739775,2,True,nearest
S1-0106,2020,213.06,352796.1389477428,2031465.0701839898,2,True,nearest
S1-0107,2020,187.898,352831.84792113444,2031427.0931533838,2,True,nearest
S1-0108,2020,171.741,352856.13195582567,2031401.266598009,2,True,nearest
S1-0109,2020,169.821,352858.25686891354,2031399.006555701,2,True,nearest
S1-0110,2020,169.754,352862.1820203273,2031394.8317887776,2,True,nearest
S1-0111,2020,167.469,352887.3804624565,2031368.0331429404,2,True,nearest
S1-0112,2020,327.891,353043.06828996545,2031442.9941403288,1,False,nearest
S1-0113,2020,295.628,353075.0110666329,2031378.955412799,1,False,nearest
S1-0114,2020,277.267,353120.7408162349,2031330.322774651,1,False,nearest
S1-0115,2020,218.699,353133.59782765055,2031256.5162703837,1,False,nearest
S1-0116,2020,187.667,353156.7582013268,2031206.6530398654,1,False,nearest
S1-0125,2020,-23.24,353156.73020395637,2031202.9528378982,1,False,nearest
S1-0126,2020,-24.413,353156.8491363585,2031218.5298611245,1,False,nearest
S2-0001,2020,206.003,352519.7197414713,2031698.9206431834,2,True,nearest
S2-0002,2020,202.909,352568.7520360459,2031683.576131537,2,True,nearest
S2-0003,2020,198.884,352613.5399042976,2031659.2728891447,2,True,nearest
S2-0004,2020,187.489,352648.35181641625,2031622.2476221744,2,True,nearest
S2-0005,2020,184.692,352681.75976831734,2031586.7173892003,2,True,nearest
S2-0006,2020,184.748,352716.0003048048,2031550.300277012,2,True,nearest
S3-0001,2020,409.103,355175.62769625476,2030796.70096479,3,True,nearest
S3-0002,2020,130.807,355258.6407377456,2030530.178642027,2,True,nearest
S3-0003,2020,130.028,355258.2367357365,2030530.6076736983,2,True,nearest
S3-0004,2020,442.971,355358.28488847805,2030827.2478980054,1,False,nearest
S3-0005,2020,459.828,355414.56814124587,2030826.8246164601,1,False,nearest
S3-0006,2020,447.812,355458.02752320655,2030799.191979476,1,False,nearest
S3-0007,2020,459.216,355503.9409515563,2030796.3269209454,1,False,nearest
S3-0008,2020,467.644,355545.5197273761,2030796.0135476291,1,False,nearest
S3-0009,2020,473.565,355592.03108723596,2030795.6637268348,1,False,nearest
S3-0010,2020,449.516,355639.12651056587,2030765.4848452439,1,False,nearest
S3-0011,2020,427.886,355685.49841100816,2030737.7245133098,1,False,nearest
S3-0012,2020,430.382,355733.9283927933,2030734.9472786717,1,False,nearest
S3-0013,2020,432.673,355779.853407953,2030734.6024603662,1,False,nearest
S3-0014,2020,404.929,355826.9913406167,2030707.5432981327,1,False,nearest
S3-0015,2020,376.939,355878.15767779906,2030683.2074121695,1,False,nearest
S3-0016,2020,365.777,355928.3177166553,2030673.8372627,1,False,nearest
S3-0017,2020,368.012,355977.77837797545,2030673.4663162522,1,False,nearest
S3-0018,2020,374.758,356028.04199897376,2030673.090286504,1,False,nearest
S3-0019,2020,355.339,356071.6984746514,2030642.9372724828,1,False,nearest
S3-0020,2020,368.768,356123.4158311361,2030642.5498212494,1,False,nearest
S3-0021,2020,378.859,356174.2954066377,2030638.9308327474,1,False,nearest
S3-0022,2020,364.773,356218.7226309783,2030612.011747819,1,False,nearest
S3-0023,2020,378.217,356270.49705420487,2030611.6241454824,1,False,nearest
S3-0024,2020,360.777,356314.02916394087,2030581.4727106588,1,False,nearest
S3-0025,2020,374.222,356365.803854047,2030581.0860720521,1,False,nearest
S3-0026,2020,356.783,356409.3362306629,2030550.9356009583,1,False,nearest
S3-0027,2020,341.239,356453.37434436154,2030522.6113979176,1,False,nearest
S3-0028,2020,352.788,356504.64303050487,2030520.397527528,2,True,nearest
S3-0029,2020,352.798,356552.8321914782,2030507.0631784736,2,True,nearest
S3-0030,2020,348.795,356599.9503641069,2030489.8613815573,2,True,nearest
S3-0031,2020,362.24,356651.7250542127,2030489.4747429506,2,True,nearest
S3-0032,2020,344.801,356695.25743082823,2030459.3242718568,2,True,nearest
S3-0033,2020,327.723,356738.88615102606,2030429.5217072363,1,False,nearest
S3-0034,2020,340.809,356790.5650313101,2030428.789089616,1,False,nearest
S3-0035,2020,323.37,356834.0974079256,2030398.6386185223,1,False,nearest
S3-0036,2020,333.016,356884.85822194855,2030394.59077024,1,False,nearest
S3-0037,2020,319.444,356928.453737681,2030368.1111651121,1,False,nearest
S3-0038,2020,302.866,356969.9921765875,2030337.9761476011,1,False,nearest
S3-0039,2020,318.652,357021.0494983203,2030337.5962037481,1,False,nearest
S3-0040,2020,304.082,357061.839985326,2030307.4672766838,1,False,nearest
S3-0041,2020,322.41,357114.72471085034,2030307.074401637,1,False,nearest
S3-0042,2020,338.877,357167.3155740835,2030304.7585446914,1,False,nearest
S3-0043,2020,327.645,357210.0928429029,2030276.5404105159,1,False,nearest
S3-0044,2020,314.36,357252.1427457765,2030246.4024461962,1,False,nearest
S3-0045,2020,332.88,357305.4609749554,2030246.0064193944,1,False,nearest
S3-0046,2020,319.596,357347.51123212324,2030215.869390209,1,False,nearest
S3-0047,2020,331.534,357398.4974970279,2030209.3183112848,1,False,nearest
S3-0048,2020,324.832,357442.87971847,2030185.3363342213,1,False,nearest
S3-0049,2020,328.598,357490.9706913587,2030171.143340083,1,False,nearest
S3-0050,2020,327.13,357537.20728852414,2030152.055854482,1,False,nearest
S3-0051,2020,316.785,357580.2988162787,2030124.6671841824,1,False,nearest
S3-0052,2020,324.195,357629.6808371491,2030113.8818184142,1,False,nearest
S3-0053,2020,322.022,357675.66765691957,2030094.135063329,1,False,nearest
S3-0054,2020,340.543,357728.9862403926,2030093.7399716608,1,False,nearest
S3-0055,2020,327.26,357771.03685185465,2030063.6038776094,1,False,nearest
S3-0056,2020,341.242,357822.74729405745,2030058.9642126227,1,False,nearest
S3-0057,2020,332.499,357866.40640108386,2030033.073627024,1,False,nearest
S3-0058,2020,319.216,357908.45701254584,2030002.9375329725,1,False,nearest
S3-0059,2020,336.842,357961.4585027303,2030001.7054963561,1,False,nearest
S3-0060,2020,324.455,358003.82656177506,2029972.4072823871,1,False,nearest
S3-0061,2020,333.91,358053.9331142378,2029963.5342656905,1,False,nearest
S3-0062,2020,329.695,358099.1964652985,2029941.8779669357,1,False,nearest
S3-0063,2020,316.412,358141.2470767605,2029911.7418728843,1,False,nearest
S3-0064,2020,334.935,358194.5663688219,2029911.3486514841,1,False,nearest
S3-0065,2020,350.962,358247.0013426171,2029908.6213355695,1,False,nearest
S3-0066,2020,326.582,358285.12035159493,2029868.1080592943,1,False,nearest
S3-0067,2020,326.894,358331.9875923957,2029850.6851122493,1,False,nearest
S3-0068,2020,323.652,358377.59567169077,2029829.9386988964,1,False,nearest
S3-0069,2020,332.135,358427.3578502133,2029820.1567319322,1,False,nearest
S3-0070,2020,320.722,358470.0709917866,2029791.7693384988,1,False,nearest
S3-0071,2020,319.258,358516.30900612875,2029772.685593434,1,False,nearest
S3-0072,2020,324.096,358564.77978237544,2029759.4950629652,1,False,nearest
S3-0073,2020,316.329,358608.78468051873,2029734.5171681703,1,False,nearest
S3-0074,2020,314.865,358655.0226948609,2029715.4334231054,1,False,nearest
S3-0075,2020,313.401,358701.26070920296,2029696.3496780405,1,False,nearest
S3-0076,2020,302.777,358744.2533888821,2029668.7001053495,1,False,nearest
S3-0077,2020,321.302,358797.57338953187,2029668.3087542173,1,False,nearest
S3-0078,2020,309.01,358839.97510652343,2029639.09937798,1,False,nearest
S3-0079,2020,326.546,358892.94471023197,2029637.7831793018,1,False,nearest
S3-0080,2020,313.266,358934.99638457655,2029607.6498906526,1,False,nearest
S3-0081,2020,304.621,358978.6902124323,2029581.8509481878,1,False,nearest
S3-0082,2020,318.511,359030.36805957084,2029577.1252508713,1,False,nearest
S3-0083,2020,324.61,359079.285600775,2029565.1139244023,1,False,nearest
S3-0084,2020,323.148,359125.5243237054,2029546.0320496056,1,False,nearest
S3-0085,2020,310.476,359167.79140890966,2029516.4673224406,1,False,nearest
S3-0086,2020,297.309,359209.8831184962,2029486.4397039355,1,False,nearest
S3-0087,2020,315.723,359263.16379249236,2029485.9445529273,1,False,nearest
S3-0088,2020,317.299,359310.4788611331,2029469.7036152845,1,False,nearest
S3-0089,2020,315.838,359356.71793835773,2029450.6226756216,1,False,nearest
S3-0090,2020,307.69,359400.5878504196,2029425.2884947648,1,False,nearest
S3-0091,2020,326.217,359453.9085596577,2029424.8990139007,1,False,nearest
S3-0092,2020,334.368,359503.5531125134,2029414.8065824416,1,False,nearest
S3-0093,2020,331.465,359549.28129753453,2029394.3771795214,1,False,nearest
S3-0094,2020,331.446,359596.03126696264,2029376.644703116,1,False,nearest
S3-0095,2020,307.071,359634.15204741136,2029336.1361025108,2,True,nearest
S3-0096,2020,323.435,359686.7064183442,2029333.723926761,2,True,nearest
S3-0097,2020,341.962,359740.02712758235,2029333.3344458968,2,True,nearest
S3-0098,2020,328.684,359782.0795105152,2029303.2030275157,2,True,nearest
S3-0099,2020,324.144,359827.22771596827,2029281.2428102042,2,True,nearest
S3-0100,2020,333.933,359877.4526026862,2029272.6821282704,2,True,nearest
S3-0101,2020,321.224,359919.7065790059,2029243.0828011467,2,True,nearest
S3-0102,2020,339.184,359972.82640344556,2029242.1630992931,2,True,nearest
S3-0103,2020,325.906,360014.8787863785,2029212.031680912,2,True,nearest
S3-0104,2020,316.845,360058.42522785655,2029185.8437226946,2,True,nearest
S3-0105,2020,331.157,360110.25258713786,2029181.5126519348,1,False,nearest
S3-0106,2020,317.88,360152.3053243649,2029151.3821686874,1,False,nearest
S3-0107,2020,336.408,360205.62638789724,2029150.9936229575,1,False,nearest
S3-0108,2020,333.923,360251.5026678844,2029130.955106058,1,False,nearest
S3-0109,2020,332.465,360297.74280799157,2029111.876971797,1,False,nearest
S3-0110,2020,328.384,360343.053634472,2029090.345981001,1,False,nearest
S3-0111,2020,346.913,360396.3750522985,2029089.9583704052,1,False,nearest
S3-0112,2020,351.004,360444.58117079485,2029076.0692948233,1,False,nearest
S3-0113,2020,326.632,360482.70301412605,2029035.5634996202,1,False,nearest
S3-0114,2020,338.89,360533.80265316745,2029029.3116635827,1,False,nearest
S3-0115,2020,346.631,360583.3019454105,2029018.8358271753,1,False,nearest
S3-0116,2020,344.144,360629.1775168094,2028998.7954400075,1,False,nearest
S3-0117,2020,343.716,360675.78257991903,2028980.6804937876,1,False,nearest
S3-0118,2020,342.259,360722.02307432034,2028961.603294661,1,False,nearest
S3-0119,2020,336.122,360766.6054719725,2028938.1496683192,1,False,nearest
S3-0120,2020,339.345,360814.5040631231,2028923.4488964076,1,False,nearest
S3-0121,2020,341.378,360861.98104420275,2028907.635315012,1,False,nearest
S3-0122,2020,359.341,360915.1070085904,2028906.7183657945,1,False,nearest
S3-0123,2020,346.591,360957.41706377274,2028877.119806441,1,False,nearest
S3-0124,2020,356.184,361007.6358658357,2028868.5142673298,1,False,nearest
S3-0125,2020,331.488,361045.88993186614,2028827.8714163173,1,False,nearest
S3-0126,2020,329.666,361092.1868414723,2028808.7365903098,1,False,nearest
S3-0127,2020,324.319,361137.21253894706,2028786.3460680086,1,False,nearest
S3-0128,2020,342.442,361190.39426747145,2028785.9628185518,1,False,nearest
S3-0129,2020,328.842,361232.5512334095,2028755.8339250619,1,False,nearest
S3-0130,2020,322.376,361277.18749374873,2028732.3943555497,1,False,nearest
S3-0131,2020,320.554,361323.43769342074,2028713.309316532,1,False,nearest
S3-0132,2020,319.764,361370.04654627776,2028695.1919509578,1,False,nearest
S3-0133,2020,337.887,361423.22827480215,2028694.8087015008,1,False,nearest
S3-0134,2020,338.083,361470.179794365,2028677.6158766388,1,False,nearest
S3-0135,2020,342.411,361518.5673167967,2028664.2974962222,1,False,nearest
S3-0136,2020,334.441,361562.6808887733,2028639.4476739396,1,False,nearest
S3-0137,2020,332.62,361608.93143597746,2028620.3635725903,1,False,nearest
S3-0138,2020,333.336,361656.0636722615,2028603.658335122,1,False,nearest
S3-0139,2020,328.978,361701.43253038573,2028582.1953698911,1,False,nearest
S3-0140,2020,327.158,361747.683425122,2028563.1122062097,1,False,nearest
S3-0141,2020,324.263,361793.5607227906,2028543.021049358,1,False,nearest
S3-0142,2020,323.517,361840.18486706243,2028524.9449411787,1,False,nearest
S3-0143,2020,298.702,361878.4442598704,2028484.3001003377,1,False,nearest
S3-0144,2020,315.19,361931.05777331966,2028482.383763594,1,False,nearest
S3-0145,2020,333.315,361984.2401969083,2028482.0023894734,1,False,nearest
S3-0146,2020,319.717,362026.39785791066,2028451.8753713197,1,False,nearest
S3-0147,2020,337.842,362079.58028149937,2028451.493997199,1,False,nearest
S3-0148,2020,355.967,362132.7627050881,2028451.112623078,1,False,nearest
S3-0149,2020,333.774,362171.9333272092,2028412.926347904,1,False,nearest
S3-0150,2020,328.772,362217.07837462495,2028390.859524439,1,False,nearest
S3-0151,2020,346.897,362270.26079821365,2028390.4781503184,1,False,nearest
S3-0152,2020,351.311,362318.6782084108,2028377.2404093551,1,False,nearest
S3-0153,2020,326.499,362356.93864381517,2028336.5983815186,1,False,nearest
S3-0154,2020,337.829,362407.7595864035,2028329.8455528948,1,False,nearest
S3-0155,2020,324.231,362449.91724740586,2028299.718534741,1,False,nearest
S3-0156,2020,342.358,362503.1003660589,2028299.3390359564,1,False,nearest
S3-0157,2020,342.22,362549.9358098816,2028281.8330299607,1,False,nearest
S3-0158,2020,317.408,362588.19624528603,2028241.1910021238,1,False,nearest
S3-0159,2020,333.296,362640.4988952453,2028238.7084741525,1,False,nearest
S3-0160,2020,314.193,362680.43180308136,2028203.3150494422,1,False,nearest
S3-0161,2020,306.496,362724.2402427085,2028178.4609424525,1,False,nearest
S3-0162,2020,325.186,362777.42652241956,2028178.0816380093,1,False,nearest
S3-0163,2020,312.2,362819.32274368143,2028147.9584320905,1,False,nearest
S3-0164,2020,309.562,362865.00250022917,2028127.4567520192,1,False,nearest
S3-0165,2020,318.181,362914.7440966203,2028117.4537150075,1,False,nearest
S3-0166,2020,330.206,362965.7146728912,2028110.62722399,1,False,nearest
S3-0167,2020,324.162,363010.1654495591,2028086.9489979243,1,False,nearest
S3-0168,2020,343.099,363063.63006838114,2028086.568862137,1,False,nearest
S3-0169,2020,330.144,363105.58716332586,2028056.4452134734,1,False,nearest
S3-0170,2020,325.826,363150.6607289757,2028034.3767109506,1,False,nearest
S3-0171,2020,336.127,363201.0092379205,2028025.9423616552,1,False,nearest
S3-0172,2020,323.636,363243.133757018,2027996.2514544309,1,False,nearest
S3-0173,2020,322.542,363289.3706318671,2027977.1897588032,1,False,nearest
S3-0174,2020,321.448,363335.60750671616,2027958.1280631758,1,False,nearest
S3-0175,2020,316.202,363380.3462240605,2027935.1940777749,1,False,nearest
S3-0176,2020,335.14,363433.81120371044,2027934.8148746202,1,False,nearest
S3-0177,2020,322.187,363475.769020311,2027904.6930912214,1,False,nearest
S3-0178,2020,317.072,363520.5550061124,2027881.8812806662,1,False,nearest
S3-0179,2020,328.171,363571.1914557336,2027874.1911720356,1,False,nearest
S3-0180,2020,347.109,363624.6564353836,2027873.8119688807,1,False,nearest
S3-0181,2020,336.627,363667.50585776306,2027845.9947201717,1,False,nearest
S3-0182,2020,335.534,363713.74309344,2027826.9339571765,1,False,nearest
S3-0183,2020,334.441,363759.98032911704,2027807.8731941816,1,False,nearest
S3-0184,2020,327.189,363803.9952256632,2027783.0683481626,1,False,nearest
S3-0185,2020,346.128,363857.460566141,2027782.69007764,1,False,nearest
S3-0186,2020,331.163,363898.6923969758,2027750.691837829,1,False,nearest
S3-0187,2020,320.224,363941.376920998,2027722.4483761077,1,False,nearest
S3-0188,2020,328.979,363991.1675899856,2027712.5721771037,1,False,nearest
S3-0189,2020,326.211,364036.8004389043,2027691.9492548192,1,False,nearest
S3-0190,2020,313.259,364078.75861633284,2027661.8284040529,1,False,nearest
S3-0191,2020,332.199,364132.22431763855,2027661.451066163,1,False,nearest
S3-0192,2020,324.612,364176.1183368331,2027636.3337882857,1,False,nearest
S3-0193,2020,338.187,364227.6481963728,2027630.9528775066,1,False,nearest
S3-0194,2020,325.235,364269.6063738013,2027600.8320267405,1,False,nearest
S3-0195,2020,344.173,364323.07135345123,2027600.4528235858,1,False,nearest
S3-0196,2020,331.224,364365.0306133635,2027570.3347707167,1,False,nearest
S3-0197,2020,341.992,364415.54762894474,2027562.3359607577,1,False,nearest
S3-0198,2020,337.214,364460.45521375356,2027539.8384473252,1,False,nearest
S3-0199,2020,324.263,364502.41375201,2027509.7185291916,1,False,nearest
S3-0200,2020,315.887,364546.0230779792,2027483.8654043416,1,False,nearest
S3-0201,2020,330.252,364597.8339485806,2027479.2228376025,1,False,nearest
S3-0202,2020,336.62,364646.68688797805,2027467.0999409996,1,False,nearest
S3-0203,2020,335.704,364692.87114982243,2027448.1003796726,1,False,nearest
S1-0042,2025,350.017,349990.11165600596,2033096.7986501004,1,False,nearest
S1-0043,2025,335.174,350025.6243262339,2033059.0155335288,1,False,nearest
S1-0044,2025,320.267,350061.3576945056,2033020.9978397407,1,False,nearest
S1-0045,2025,326.851,350107.8925994462,2033001.5594324458,1,False,nearest
S1-0046,2025,333.436,350154.4280069942,2032982.1218896653,1,False,nearest
S1-0047,2025,330.713,350196.2851444145,2032954.6374435916,1,False,nearest
S1-0048,2025,325.114,350236.6967828139,2032924.666653097,1,False,nearest
S1-0049,2025,331.7,350283.2326929694,2032905.2299748315,1,False,nearest
S1-0050,2025,316.794,350318.9665638485,2032867.213145558,1,False,nearest
S1-0051,2025,323.379,350365.50197139656,2032847.7756027777,1,False,nearest
S1-0052,2025,329.965,350412.03788155207,2032828.3389245123,1,False,nearest
S1-0053,2025,330.285,350455.42445343715,2032803.4851968228,1,False,nearest
S1-0054,2025,321.645,350494.30766258657,2032770.8854169731,1,False,nearest
S1-0055,2025,318.695,350536.0507081162,2032743.2047260513,1,False,nearest
S1-0056,2025,334.818,350587.379985505,2032732.0129249569,1,False,nearest
S1-0057,2025,319.913,350623.11435899156,2032693.9969601983,1,False,nearest
S1-0058,2025,326.499,350669.65026914707,2032674.5602819326,1,False,nearest
S1-0059,2025,329.862,350714.5662754971,2032652.3372726277,1,False,nearest
S1-0060,2025,324.067,350754.87940283655,2032622.197037242,1,False,nearest
S1-0061,2025,324.769,350798.45797076693,2032597.6735541872,1,False,nearest
S1-0062,2025,346.824,350852.76871553843,2032591.61005459,1,False,nearest
S1-0063,2025,337.944,350891.53129890026,2032558.8027912003,1,False,nearest
S1-0064,2025,335.237,350933.3964780398,2032531.3321773626,1,False,nearest
S1-0065,2025,329.626,350973.8062067132,2032501.3486166312,1,False,nearest
S1-0066,2025,335.599,351021.25195833604,2032480.946625035,1,False,nearest
S1-0067,2025,340.735,351068.8654631871,2032460.3659358493,1,False,nearest
S1-0068,2025,345.131,351116.3747129108,2032439.8980565683,1,False,nearest
S1-0069,2025,338.41,351159.1024589464,2032410.2756643933,1,False,nearest
S1-0070,2025,352.317,351210.3446344338,2032400.0763959282,1,False,nearest
S1-0071,2025,334.02,351246.812117661,2032361.2833182456,1,False,nearest
S1-0072,2025,346.011,351296.8745539593,2032349.5557203298,1,False,nearest
S1-0073,2025,341.29,351339.4357073824,2032322.8942113647,1,False,nearest
S1-0074,2025,362.027,351393.4238389911,2032318.9820745569,1,False,nearest
S1-0075,2025,353.412,351434.23714682326,2032288.8408713823,1,False,nearest
S1-0076,2025,352.197,351478.37198967667,2032265.3123382512,1,False,nearest
S1-0077,2025,355.833,351524.68423339346,2032246.1186784147,1,False,nearest
S1-0078,2025,337.538,351561.1526143329,2032207.3273879404,1,False,nearest
S1-0079,2025,352.198,351612.4130475193,2032197.9848192604,1,False,nearest
S1-0080,2025,344.811,351653.77755062253,2032168.9409618718,1,False,nearest
S1-0081,2025,368.215,351708.9627814071,2032167.4120670916,1,False,nearest
S1-0082,2025,359.6,351749.77608923934,2032137.2708639172,1,False,nearest
S1-0083,2025,384.234,351805.5134130072,2032136.8411021307,1,False,nearest
S1-0084,2025,408.867,351861.25028791896,2032136.4104467402,1,False,nearest
S1-0085,2025,433.501,351916.98761168687,2032135.980684954,1,False,nearest
S1-0086,2025,454.358,351971.02960602567,2032132.1757806332,1,False,nearest
S1-0087,2025,449.521,352013.538692143,2032105.4106135971,1,False,nearest
S1-0088,2025,505.496,352083.34361443843,2032132.9872966523,1,False,nearest
S1-0089,2025,498.789,352125.01333967876,2032104.5510900244,1,False,nearest
S1-0090,2025,556.673,352195.6751282385,2032133.8336632298,1,False,nearest
S1-0091,2025,560.297,352241.91152680584,2032114.6705640666,1,False,nearest
S1-0092,2025,572.404,352291.79258076224,2032103.2675452777,1,False,nearest
S1-0093,2025,567.485,352334.11416877515,2032076.738001682,1,False,nearest
S1-0094,2025,587.541,352387.5460437634,2032072.7052020042,1,False,nearest
S1-0095,2025,596.213,352436.0313967575,2032058.5419832852,1,False,nearest
S1-0096,2025,599.398,352482.3216079878,2032039.3753307539,1,False,nearest
S1-0097,2025,580.576,352518.9173112245,2032000.4520448106,1,False,nearest
S1-0098,2025,583.761,352565.2075224547,2031981.2853922793,1,False,nearest
S1-0099,2025,564.94,352601.8036662107,2031942.3630040793,1,False,nearest
S1-0100,2025,326.047,352541.4538489923,2031705.8724862763,2,True,nearest
S1-0101,2025,325.597,352586.142772607,2031683.4425374097,2,True,nearest
S1-0102,2025,310.413,352624.34108501713,2031647.7852410316,2,True,nearest
S1-0103,2025,291.592,352660.9372287731,2031608.8628528314,2,True,nearest
S1-0104,2025,272.771,352697.5333725291,2031569.9404646314,2,True,nearest
S1-0105,2025,249.259,352741.6475989993,2031523.0233739775,2,True,nearest
S1-0106,2025,213.06,352796.1389477428,2031465.0701839898,2,True,nearest
S1-0107,2025,187.898,352831.84792113444,2031427.0931533838,2,True,nearest
S1-0108,2025,171.741,352856.13195582567,2031401.266598009,2,True,nearest
S1-0109,2025,169.821,352858.25686891354,2031399.006555701,2,True,nearest
S1-0110,2025,169.754,352862.1820203273,2031394.8317887776,2,True,nearest
S1-0111,2025,167.469,352887.3804624565,2031368.0331429404,2,True,nearest
S1-0112,2025,286.387,353016.5329109564,2031411.0808879586,1,False,nearest
S1-0113,2025,274.485,353063.27899030974,2031361.3660741488,1,False,nearest
S1-0114,2025,212.199,353089.69639996026,2031273.1380840235,1,False,nearest
S1-0115,2025,197.118,353123.0089595655,2031237.7116051733,1,False,nearest
S2-0001,2025,221.092,352522.465666763,2031713.7576851828,2,True,nearest
S2-0002,2025,202.909,352568.7520360459,2031683.576131537,2,True,nearest
S2-0003,2025,198.884,352613.5399042976,2031659.2728891447,2,True,nearest
S2-0004,2025,187.489,352648.35181641625,2031622.2476221744,2,True,nearest
S2-0005,2025,184.692,352681.75976831734,2031586.7173892003,2,True,nearest
S2-0006,2025,184.748,352716.0003048048,2031550.300277012,2,True,nearest
S3-0001,2025,454.565,355155.98109759705,2030837.6985818571,1,False,nearest
S3-0002,2025,458.577,355233.9852567025,2030857.0200105142,1,False,nearest
S3-0003,2025,429.738,355297.7291133829,2030827.7043519157,1,False,nearest
S3-0004,2025,411.99,355349.67345979676,2030797.4877626384,1,False,nearest
S3-0005,2025,428.378,355404.36607429845,2030797.075325208,1,False,nearest
S3-0006,2025,445.154,355457.16283145774,2030796.678561051,1,False,nearest
S3-0007,2025,428.368,355495.83857267635,2030766.5619993012,1,False,nearest
S3-0008,2025,437.457,355540.62831860746,2030766.22547805,1,False,nearest
S3-0009,2025,430.132,355586.71904513374,2030752.5567935444,1,False,nearest
S3-0010,2025,419.472,355635.28260422725,2030735.6877594793,1,False,nearest
S3-0011,2025,425.457,355685.2078243543,2030735.312957713,1,False,nearest
S3-0012,2025,400.45,355731.1720164226,2030705.1424634012,1,False,nearest
S3-0013,2025,396.424,355779.07479922904,2030698.361823376,1,False,nearest
S3-0014,2025,371.93,355828.62963858753,2030674.5849914292,1,False,nearest
S3-0015,2025,367.915,355878.82730577677,2030674.2082914142,1,False,nearest
S3-0016,2025,365.777,355928.3177166553,2030673.8372627,1,False,nearest
S3-0017,2025,362.565,355977.24913041637,2030668.0450888986,1,False,nearest
S3-0018,2025,344.449,356022.424002429,2030643.306505753,1,False,nearest
S3-0019,2025,376.927,356077.3960880291,2030663.7598310623,1,False,nearest
S3-0020,2025,368.768,356123.4158311361,2030642.5498212494,1,False,nearest
S3-0021,2025,354.76,356167.8638720952,2030615.7059072487,1,False,nearest
S3-0022,2025,364.773,356218.7226309783,2030612.011747819,1,False,nearest
S3-0023,2025,378.217,356270.49705420487,2030611.6241454824,1,False,nearest
S3-0024,2025,360.777,356314.02916394087,2030581.4727106588,1,False,nearest
S3-0025,2025,353.778,356360.34776490694,2030561.3835791312,1,False,nearest
S3-0026,2025,356.783,356409.3362306629,2030550.9356009583,1,False,nearest
S3-0027,2025,365.337,356459.8056120239,2030545.8353596868,1,False,nearest
S3-0028,2025,352.788,356504.64303050487,2030520.397527528,1,False,nearest
S3-0029,2025,352.798,356552.8321914782,2030507.0631784736,1,False,nearest
S3-0030,2025,348.795,356599.9503641069,2030489.8613815573,1,False,nearest
S3-0031,2025,362.24,356651.7250542127,2030489.4747429506,1,False,nearest
S3-0032,2025,344.801,356695.25743082823,2030459.3242718568,1,False,nearest
S3-0033,2025,327.723,356738.88615102606,2030429.5217072363,1,False,nearest
S3-0034,2025,321.455,356785.39984107274,2030410.1370622246,1,False,nearest
S3-0035,2025,323.37,356834.0974079256,2030398.6386185223,1,False,nearest
S3-0036,2025,308.919,356878.4272211656,2030371.3677722006,1,False,nearest
S3-0037,2025,319.444,356928.453737681,2030368.1111651121,3,True,nearest
S3-0038,2025,302.866,356969.9921765875,2030337.9761476011,2,True,nearest
S3-0039,2025,318.652,357021.0494983203,2030337.5962037481,2,True,nearest
S3-0040,2025,304.082,357061.839985326,2030307.4672766838,1,False,nearest
S3-0041,2025,294.515,357104.8416747779,2030280.9888381395,1,False,nearest
S3-0042,2025,309.125,357156.774613724,2030276.9364373179,1,False,nearest
S3-0043,2025,314.493,357205.4331658846,2030264.24152788,1,False,nearest
S3-0044,2025,314.36,357252.1427457765,2030246.4024461962,1,False,nearest
S3-0045,2025,332.88,357305.4609749554,2030246.0064193944,1,False,nearest
S3-0046,2025,319.596,357347.51123212324,2030215.869390209,1,False,nearest
S3-0047,2025,331.534,357398.4974970279,2030209.3183112848,1,False,nearest
S3-0048,2025,324.832,357442.87971847,2030185.3363342213,1,False,nearest
S3-0049,2025,311.548,357484.92997563776,2030155.199305036,3,True,nearest
S3-0050,2025,330.069,357538.24855911086,2030154.8042133679,2,True,nearest
S3-0051,2025,325.663,357583.4442399837,2030132.9693040152,3,True,nearest
S3-0052,2025,324.195,357629.6808371491,2030113.8818184142,1,False,nearest
S3-0053,2025,322.022,357675.66765691957,2030094.135063329,1,False,nearest
S3-0054,2025,340.543,357728.9862403926,2030093.7399716608,1,False,nearest
S3-0055,2025,327.26,357771.03685185465,2030063.6038776094,1,False,nearest
S3-0056,2025,341.242,357822.74729405745,2030058.9642126227,1,False,nearest
S3-0057,2025,332.499,357866.40640108386,2030033.073627024,1,False,nearest
S3-0058,2025,319.216,357908.45701254584,2030002.9375329725,1,False,nearest
S3-0059,2025,336.842,357961.4585027303,2030001.7054963561,2,True,nearest
S3-0060,2025,324.455,358003.82656177506,2029972.4072823871,2,True,nearest
S3-0061,2025,333.91,358053.9331142378,2029963.5342656905,2,True,nearest
S3-0062,2025,329.695,358099.1964652985,2029941.8779669357,2,True,nearest
S3-0063,2025,316.412,358141.2470767605,2029911.7418728843,2,True,nearest
S3-0064,2025,334.935,358194.5663688219,2029911.3486514841,2,True,nearest
S3-0065,2025,328.047,358238.882691547,2029887.1927394932,2,True,nearest
S3-0066,2025,326.582,358285.12035159493,2029868.1080592943,2,True,nearest
S3-0067,2025,325.117,358331.3580116428,2029849.0233790954,2,True,nearest
S3-0068,2025,313.612,358374.03855815186,2029820.549953332,2,True,nearest
S3-0069,2025,322.187,358423.8333317387,2029810.8540186977,2,True,nearest
S3-0070,2025,318.854,358469.4091702636,2029790.0225081488,2,True,nearest
S3-0071,2025,337.378,358522.72881661926,2029789.6302218826,2,True,nearest
S3-0072,2025,324.096,358564.77978237544,2029759.4950629652,1,False,nearest
S3-0073,2025,316.329,358608.78468051873,2029734.5171681703,1,False,nearest
S3-0074,2025,314.865,358655.0226948609,2029715.4334231054,1,False,nearest
S3-0075,2025,316.058,358702.2020688317,2029698.8343291327,1,False,nearest
S3-0076,2025,334.583,358755.5220694815,2029698.4429780007,1,False,nearest
S3-0077,2025,321.302,358797.57338953187,2029668.3087542173,1,False,nearest
S3-0078,2025,309.01,358839.97510652343,2029639.09937798,1,False,nearest
S3-0079,2025,307.547,358886.2134751597,2029620.0165680493,1,False,nearest
S3-0080,2025,313.266,358934.99638457655,2029607.6498906526,1,False,nearest
S3-0081,2025,327.536,358986.8088635024,2029603.279544264,1,False,nearest
S3-0082,2025,318.511,359030.36805957084,2029577.1252508713,2,True,nearest
S3-0083,2025,305.231,359072.41973391536,2029546.991962222,1,False,nearest
S3-0084,2025,300.233,359117.4056726353,2029524.6034535293,1,False,nearest
S3-0085,2025,310.476,359167.79140890966,2029516.4673224406,1,False,nearest
S3-0086,2025,297.309,359209.8831184962,2029486.4397039355,1,False,nearest
S3-0087,2025,295.847,359256.1218414267,2029467.3578291389,1,False,nearest
S3-0088,2025,302.443,359305.2154668369,2029455.8112642781,1,False,nearest
S3-0089,2025,315.838,359356.71793835773,2029450.6226756216,1,False,nearest
S3-0090,2025,307.69,359400.5878504196,2029425.2884947648,2,True,nearest
S3-0091,2025,326.217,359453.9085596577,2029424.8990139007,2,True,nearest
S3-0092,2025,344.744,359507.2292688958,2029424.5095330367,2,True,nearest
S3-0093,2025,332.907,359549.792189738,2029395.725642779,2,True,nearest
S3-0094,2025,331.446,359596.03126696264,2029376.644703116,2,True,nearest
S3-0095,2025,329.985,359642.2703441873,2029357.5637634532,2,True,nearest
S3-0096,2025,323.435,359686.7064183442,2029333.723926761,4,True,nearest
S3-0097,2025,327.064,359734.74885293073,2029319.4028192617,2,True,nearest
S3-0098,2025,328.684,359782.0795105152,2029303.2030275157,1,False,nearest
S3-0099,2025,324.144,359827.22771596827,2029281.2428102042,1,False,nearest
S3-0100,2025,333.933,359877.4526026862,2029272.6821282704,1,False,nearest
S3-0101,2025,321.224,359919.7065790059,2029243.0828011467,1,False,nearest
S3-0102,2025,319.764,359965.94601052476,2029224.0027966178,1,False,nearest
S3-0103,2025,325.906,360014.8787863785,2029212.031680912,1,False,nearest
S3-0104,2025,316.845,360058.42522785655,2029185.8437226946,1,False,nearest
S3-0105,2025,331.157,360110.25258713786,2029181.5126519348,1,False,nearest
S3-0106,2025,317.88,360152.3053243649,2029151.3821686874,1,False,nearest
S3-0107,2025,335.382,360205.26288207143,2029150.0341754528,1,False,nearest
S3-0108,2025,323.131,360247.6791251243,2029120.8631397104,1,False,nearest
S3-0109,2025,309.854,360289.73186235136,2029090.732656463,1,False,nearest
S3-0110,2025,328.384,360343.053634472,2029090.345981001,1,False,nearest
S3-0111,2025,329.548,360390.22273391177,2029073.7197681419,1,False,nearest
S3-0112,2025,328.09,360436.46287401894,2029054.641633881,1,False,nearest
S3-0113,2025,320.36,360480.4808810468,2029029.6983390446,1,False,nearest
S3-0114,2025,338.89,360533.80265316745,2029029.3116635827,1,False,nearest
S3-0115,2025,325.614,360575.8557446887,2028999.1821154696,1,False,nearest
S3-0116,2025,322.259,360621.42378874175,2028978.3300319721,1,False,nearest
S3-0117,2025,320.802,360667.6642831431,2028959.2528328456,1,False,nearest
S3-0118,2025,317.592,360713.28369985183,2028938.536343781,1,False,nearest
S3-0119,2025,317.888,360760.1452719458,2028921.0984345921,1,False,nearest
S3-0120,2025,322.847,360808.65891778795,2028908.02105534,1,False,nearest
S3-0121,2025,314.974,360852.6262607485,2028882.9440363387,1,False,nearest
S3-0122,2025,328.106,360904.05060609395,2028877.5056769617,1,False,nearest
S3-0123,2025,334.872,360953.2884809927,2028866.1521373526,1,False,nearest
S3-0124,2025,333.201,360999.57785484055,2028846.9901704194,1,False,nearest
S3-0125,2025,319.739,361041.7905231608,2028816.8607919358,1,False,nearest
S3-0126,2025,329.666,361092.1868414723,2028808.7365903098,2,True,nearest
S3-0127,2025,324.319,361137.21253894706,2028786.3460680086,2,True,nearest
S3-0128,2025,310.719,361179.3695048851,2028756.217174519,2,True,nearest
S3-0129,2025,328.842,361232.5512334095,2028755.8339250619,2,True,nearest
S3-0130,2025,322.376,361277.18749374873,2028732.3943555497,3,True,nearest
S3-0131,2025,320.554,361323.43769342074,2028713.309316532,3,True,nearest
S3-0132,2025,318.732,361369.68789309275,2028694.2242775143,3,True,nearest
S3-0133,2025,306.165,361412.20385974797,2028665.0639951362,1,False,nearest
S3-0134,2025,315.089,361462.1886399688,2028656.0551371474,1,False,nearest
S3-0135,2025,310.689,361507.5429017425,2028634.5527898576,1,False,nearest
S3-0136,2025,311.446,361554.689386845,2028617.8859967801,1,False,nearest
S3-0137,2025,315.213,361602.8819437371,2028604.0415845793,1,False,nearest
S3-0138,2025,307.804,361647.1904812532,2028579.7177940812,1,False,nearest
S3-0139,2025,319.738,361698.22133326385,2028573.5313169686,1,False,nearest
S3-0140,2025,306.139,361740.37864673405,2028543.403361147,1,False,nearest
S3-0141,2025,324.263,361793.5607227906,2028543.021049358,1,False,nearest
S3-0142,2025,310.664,361835.71803626075,2028512.8930935366,1,False,nearest
S3-0143,2025,298.702,361878.4442598704,2028484.3001003377,2,True,nearest
S3-0144,2025,315.19,361931.05777331966,2028482.383763594,2,True,nearest
S3-0145,2025,318.057,361978.9375512713,2028467.6954501343,2,True,nearest
S3-0146,2025,319.717,362026.39785791066,2028451.8753713197,2,True,nearest
S3-0147,2025,314.418,362071.4396882761,2028429.5300604394,2,True,nearest
S3-0148,2025,324.244,362121.7379425018,2028421.3669790456,1,False,nearest
S3-0149,2025,310.779,362163.94182528084,2028391.3646707446,1,False,nearest
S3-0150,2025,308.96,362210.1930675493,2028372.282444731,1,False,nearest
S3-0151,2025,315.174,362259.2360356273,2028360.7325062857,1,False,nearest
S3-0152,2025,305.323,362302.6958996184,2028334.1189303724,2,True,nearest
S3-0153,2025,319.703,362354.57681528263,2028330.2259893473,2,True,nearest
S3-0154,2025,306.105,362396.734476285,2028300.0989711941,2,True,nearest
S3-0155,2025,299.868,362441.450321488,2028276.8741276683,2,True,nearest
S3-0156,2025,310.635,362492.07560347253,2028269.5933919237,2,True,nearest
S3-0157,2025,319.226,362541.94465548545,2028260.2722904694,2,True,nearest
S3-0158,2025,315.164,362587.41638312786,2028239.0868749856,2,True,nearest
S3-0159,2025,301.545,362629.39396175614,2028208.9627777713,2,True,nearest
S3-0160,2025,314.193,362680.43180308136,2028203.3150494422,2,True,nearest
S3-0161,2025,306.496,362724.2402427085,2028178.4609424525,2,True,nearest
S3-0162,2025,311.729,362772.58571485453,2028165.525466972,2,True,nearest
S3-0163,2025,312.2,362819.32274368143,2028147.9584320905,2,True,nearest
S3-0164,2025,309.562,362865.00250022917,2028127.4567520192,2,True,nearest
S3-0165,2025,308.467,362911.2390142503,2028108.3941237596,2,True,nearest
S3-0166,2025,305.226,362956.701191565,2028087.330066344,2,True,nearest
S3-0167,2025,324.162,363010.1654495591,2028086.9489979243,2,True,nearest
S3-0168,2025,311.208,363052.1229053318,2028056.8262818933,2,True,nearest
S3-0169,2025,326.921,363104.4242149546,2028053.4393392103,2,True,nearest
S3-0170,2025,317.19,363147.54461909854,2028026.3224974426,2,True,nearest
S3-0171,2025,324.731,363196.8972429969,2028015.3140826907,2,True,nearest
S3-0172,2025,323.173,363242.9666936932,2027995.8196456241,2,True,nearest
S3-0173,2025,322.542,363289.3706318671,2027977.1897588032,2,True,nearest
S3-0174,2025,321.448,363335.60750671616,2027958.1280631758,2,True,nearest
S3-0175,2025,316.202,363380.3462240605,2027935.1940777749,2,True,nearest
S3-0176,2025,303.249,363422.30404066114,2027905.0722943763,2,True,nearest
S3-0177,2025,322.187,363475.769020311,2027904.6930912214,2,True,nearest
S3-0178,2025,317.072,363520.5550061124,2027881.8812806662,2,True,nearest
S3-0179,2025,328.171,363571.1914557336,2027874.1911720356,3,True,nearest
S3-0180,2025,315.218,363613.14927233424,2027844.069388637,2,True,nearest
S3-0181,2025,313.792,363659.26635231543,2027824.698059049,2,True,nearest
S3-0182,2025,321.203,363708.57206858473,2027813.5684020836,2,True,nearest
S3-0183,2025,311.606,363751.74082366936,2027786.576533059,2,True,nearest
S3-0184,2025,327.189,363803.9952256632,2027783.0683481626,2,True,nearest
S3-0185,2025,314.237,363845.9534030917,2027752.9474973965,2,True,nearest
S3-0186,2025,308.329,363890.4532523561,2027729.3961093386,2,True,nearest
S3-0187,2025,307.237,363936.690848861,2027710.336278976,2,True,nearest
S3-0188,2025,307.271,363983.3347375986,2027692.326592709,2,True,nearest
S3-0189,2025,305.053,364029.1660418708,2027672.216618251,2,True,nearest
S3-0190,2025,313.259,364078.75861633284,2027661.8284040529,2,True,nearest
S3-0191,2025,302.869,364121.64123488055,2027634.0969575257,2,True,nearest
S3-0192,2025,319.247,364174.18249506707,2027631.3302153966,2,True,nearest
S3-0193,2025,323.521,364222.3562941659,2027617.2748905555,1,False,nearest
S3-0194,2025,322.43,364268.5942514987,2027598.2159928256,1,False,nearest
S3-0195,2025,312.284,364311.5649120577,2027570.7121086067,3,True,nearest
S3-0196,2025,320.248,364361.07016616425,2027560.0981973652,2,True,nearest
S3-0197,2025,318.273,364406.9891516199,2027540.214852583,2,True,nearest
S3-0198,2025,305.322,364448.9476898763,2027510.094934449,1,False,nearest
S3-0199,2025,316.977,364499.7847598185,2027502.9233694396,1,False,nearest
S3-0200,2025,311.312,364544.3722902664,2027479.5986110577,1,False,nearest
S3-0201,2025,314.799,364592.2566234186,2027464.8114305567,1,False,nearest
S3-0202,2025,317.31,364639.6858302134,2027449.1037944627,1,False,nearest
S3-0203,2025,312.91,364684.5676228469,2027426.8726177611,1,False,nearest
S3-0204,2025,323.606,364734.92587656534,2027418.6098884272,1,False,nearest
