transect_id,year,d_m,x,y,n_hits,multi_hit,rule
S1-0001,1990,443.866,348228.0738829419,2034142.5005490903,1,False,nearest
S1-0002,1990,443.866,348272.231851646,2034119.0468969243,1,False,nearest
S1-0003,1990,443.866,348316.3898203499,2034095.5932447577,1,False,nearest
S1-0004,1990,443.866,348360.5477890537,2034072.1395925912,1,False,nearest
S1-0005,1990,443.866,348404.7057577575,2034048.6859404244,1,False,nearest
S1-0006,1990,443.866,348448.86372646125,2034025.2322882577,1,False,nearest
S1-0007,1990,443.866,348493.021695165,2034001.778636091,1,False,nearest
S1-0008,1990,443.866,348537.1796638688,2033978.3249839244,1,False,nearest
S1-0009,1990,443.866,348581.33763257257,2033954.8713317576,1,False,nearest
S1-0010,1990,443.866,348625.49560127634,2033931.4176795909,1,False,nearest
S1-0011,1990,443.866,348669.6535699801,2033907.9640274243,1,False,nearest
S1-0012,1990,443.866,348713.8115386839,2033884.5103752576,1,False,nearest
S1-0013,1990,443.866,348757.96950738766,2033861.0567230908,1,False,nearest
S1-0014,1990,443.866,348802.12747609144,2033837.603070924,1,False,nearest
S1-0015,1990,443.866,348846.2854447952,2033814.1494187575,1,False,nearest
S1-0016,1990,443.866,348890.443413499,2033790.6957665908,1,False,nearest
S1-0017,1990,443.866,348934.60138220276,2033767.242114424,1,False,nearest
S1-0018,1990,443.866,348978.75935090653,2033743.7884622572,1,False,nearest
S1-0019,1990,443.866,349022.9173196103,2033720.3348100907,1,False,nearest
S1-0020,1990,443.866,349067.0752883141,2033696.881157924,1,False,nearest
S1-0021,1990,443.866,349111.23325701786,2033673.4275057572,1,False,nearest
S1-0022,1990,443.866,349155.3912257216,2033649.9738535904,1,False,nearest
S1-0023,1990,443.866,349199.5491944254,2033626.520201424,1,False,nearest
S1-0024,1990,443.866,349243.7071631292,2033603.0665492571,1,False,nearest
S1-0025,1990,443.866,349287.86513183295,2033579.6128970904,1,False,nearest
S1-0026,1990,443.866,349332.0231005367,2033556.1592449236,1,False,nearest
S1-0027,1990,443.866,349376.1810692405,2033532.705592757,1,False,nearest
S1-0028,1990,443.866,349420.3390379443,2033509.2519405903,1,False,nearest
S1-0029,1990,443.866,349464.49700664805,2033485.7982884236,1,False,nearest
S1-0030,1990,443.866,349508.6549753518,2033462.3446362568,1,False,nearest
S1-0031,1990,443.866,349552.8129440556,2033438.8909840903,1,False,nearest
S1-0032,1990,443.866,349596.97091275937,2033415.4373319235,1,False,nearest
S1-0033,1990,443.866,349641.12888146314,2033391.9836797568,1,False,nearest
S1-0034,1990,443.866,349685.2868501669,2033368.53002759,1,False,nearest
S1-0035,1990,443.866,349729.4448188707,2033345.0763754235,1,False,nearest
S1-0036,1990,443.866,349773.60278757446,2033321.6227232567,1,False,nearest
S1-0037,1990,443.866,349817.76075627824,2033298.16907109,1,False,nearest
S1-0038,1990,443.866,349861.918724982,2033274.7154189232,1,False,nearest
S1-0039,1990,443.969,349906.07699779136,2033251.2614171153,1,False,nearest
S1-0040,1990,444.524,349950.24100000673,2033227.8051783056,1,False,nearest
S1-0041,1990,444.299,349993.79916416353,2033203.2442011565,1,False,nearest
S1-0042,1990,443.894,350037.02775323106,2033178.1114470647,1,False,nearest
S1-0043,1990,443.866,350080.2537349922,2033152.9813707396,1,False,nearest
S1-0044,1990,443.866,350123.4794724939,2033127.8509983304,1,False,nearest
S1-0045,1990,443.866,350166.7052099957,2033102.7206259212,1,False,nearest
S1-0046,1990,443.866,350209.93094749737,2033077.5902535117,1,False,nearest
S1-0047,1990,443.866,350253.1566849991,2033052.4598811024,1,False,nearest
S1-0048,1990,443.866,350296.3824225009,2033027.3295086932,1,False,nearest
S1-0049,1990,443.866,350339.6081600026,2033002.199136284,1,False,nearest
S1-0050,1990,443.866,350382.8338975044,2032977.0687638745,1,False,nearest
S1-0051,1990,443.866,350426.0596350061,2032951.9383914652,1,False,nearest
S1-0052,1990,443.866,350469.2853725079,2032926.808019056,1,False,nearest
S1-0053,1990,443.866,350512.51111000957,2032901.6776466465,1,False,nearest
S1-0054,1990,443.866,350555.7368475113,2032876.5472742373,1,False,nearest
S1-0055,1990,443.866,350598.96258501307,2032851.416901828,1,False,nearest
S1-0056,1990,443.866,350642.1883225148,2032826.2865294188,1,False,nearest
S1-0057,1990,443.866,350685.41406001657,2032801.1561570093,1,False,nearest
S1-0058,1990,443.866,350728.6397975183,2032776.0257846,1,False,nearest
S1-0059,1990,443.866,350771.8655350201,2032750.8954121908,1,False,nearest
S1-0060,1990,443.866,350815.09127252176,2032725.7650397813,1,False,nearest
S1-0061,1990,443.866,350858.3170100235,2032700.634667372,1,False,nearest
S1-0062,1990,443.866,350901.54274752527,2032675.5042949629,1,False,nearest
S1-0063,1990,443.866,350944.768485027,2032650.3739225536,1,False,nearest
S1-0064,1990,443.866,350987.99422252877,2032625.2435501441,1,False,nearest
S1-0065,1990,443.866,351031.2199600305,2032600.113177735,1,False,nearest
S1-0066,1990,443.638,351074.4473695401,2032574.9821169933,1,False,nearest
S1-0067,1990,442.665,351117.69016145356,2032549.8414841248,1,False,nearest
S1-0068,1990,443.291,351162.0699559132,2032526.773429183,1,False,nearest
S1-0069,1990,443.846,351206.7567613195,2032504.3278709669,1,False,nearest
S1-0070,1990,443.866,351251.4369600647,2032481.8849540087,1,False,nearest
S1-0071,1990,443.866,351296.1171630602,2032459.4421498105,1,False,nearest
S1-0072,1990,443.866,351340.79736605566,2032436.9993456122,1,False,nearest
S1-0073,1990,443.866,351385.47756905115,2032414.556541414,1,False,nearest
S1-0074,1990,443.866,351430.1577720467,2032392.1137372158,1,False,nearest
S1-0075,1990,443.866,351474.8379750422,2032369.6709330173,1,False,nearest
S1-0076,1990,443.866,351519.51817803766,2032347.228128819,1,False,nearest
S1-0077,1990,443.866,351564.19838103314,2032324.7853246208,1,False,nearest
S1-0078,1990,443.866,351608.8785840287,2032302.3425204225,1,False,nearest
S1-0079,1990,443.866,351653.5587870242,2032279.8997162243,1,False,nearest
S1-0080,1990,443.866,351698.23899001966,2032257.456912026,1,False,nearest
S1-0081,1990,443.866,351742.91919301514,2032235.0141078278,1,False,nearest
S1-0082,1990,443.866,351787.5993960107,2032212.5713036295,1,False,nearest
S1-0083,1990,443.866,351832.2795990062,2032190.1284994313,1,False,nearest
S1-0084,1990,443.866,351876.95980200166,2032167.685695233,1,False,nearest
S1-0085,1990,443.866,351921.64000499714,2032145.2428910348,1,False,nearest
S1-0086,1990,443.866,351966.3202079927,2032122.8000868366,1,False,nearest
S1-0087,1990,443.866,352011.00041098817,2032100.3572826383,1,False,nearest
S1-0088,1990,443.866,352055.68061398366,2032077.91447844,1,False,nearest
S1-0089,1990,443.866,352100.36081697914,2032055.4716742418,1,False,nearest
S1-0090,1990,443.866,352145.0410199747,2032033.0288700436,1,False,nearest
S1-0091,1990,443.861,352189.72135689424,2032010.5863276972,1,False,nearest
S1-0092,1990,443.768,352234.40182001697,2031988.1436073799,1,False,nearest
S1-0093,1990,443.698,352279.1448103183,2031965.825464069,1,False,nearest
S1-0094,1990,443.838,352324.032591758,2031943.7998350742,1,False,nearest
S1-0095,1990,443.866,352368.9196046324,2031921.773508238,1,False,nearest
S1-0096,1990,443.866,352413.80676192715,2031899.747543787,1,False,nearest
S1-0097,1990,443.866,352458.69391922187,2031877.7215793356,1,False,nearest
S1-0098,1990,443.866,352503.58107651654,2031855.6956148846,1,False,nearest
S1-0099,1990,443.866,352548.46823381126,2031833.6696504336,1,False,nearest
S1-0100,1990,303.914,352531.70383556833,2031686.0027372283,2,True,nearest
S1-0101,1990,317.923,352582.762227583,2031676.5532565082,2,True,nearest
S1-0102,1990,322.048,352629.46652694495,2031658.230482534,2,True,nearest
S1-0103,1990,303.163,352666.03447746637,2031619.2506387725,2,True,nearest
S1-0104,1990,284.278,352702.60242798785,2031580.2707950112,2,True,nearest
S1-0105,1990,260.937,352746.23093613033,2031533.7643564625,2,True,nearest
S1-0106,1990,437.473,352863.21678658284,2031679.2237693102,1,False,nearest
S1-0107,1990,442.019,352912.12247854087,2031668.2020044744,1,False,nearest
S1-0108,1990,454.144,352963.6106015425,2031662.417502897,1,False,nearest
S1-0109,1990,450.803,353008.16604759346,2031636.6578179982,1,False,nearest
S1-0110,1990,446.443,353045.5642059224,2031602.021983351,1,False,nearest
S1-0111,1990,443.537,353080.1185136038,2031565.6832991862,1,False,nearest
S1-0112,1990,440.051,353114.77723632375,2031529.2361985845,1,False,nearest
S1-0113,1990,435.758,353152.7680479115,2031495.532720893,1,False,nearest
S1-0114,1990,441.607,353199.1486260735,2031474.7521724768,1,False,nearest
S1-0115,1990,446.818,353245.5260051536,2031455.2884043509,1,False,nearest
S1-0116,1990,450.729,353290.579565333,2031433.1336314832,1,False,nearest
S1-0117,1990,438.268,353327.5826534916,2031397.389980384,1,False,nearest
S1-0118,1990,442.308,353371.43919396424,2031373.7611021833,1,False,nearest
S1-0119,1990,452.224,353418.6177060617,2031355.0993636649,1,False,nearest
S1-0120,1990,438.827,353454.8888888165,2031318.3963319368,1,False,nearest
S1-0121,1990,441.459,353498.80532370025,2031294.3733711417,1,False,nearest
S1-0122,1990,440.881,353543.1097713384,2031270.7128377734,1,False,nearest
S1-0123,1990,447.999,353590.32093232044,2031252.213412655,1,False,nearest
S1-0124,1990,471.184,353644.6406807333,2031218.637914225,1,False,nearest
S1-0125,1990,441.637,353619.7162501766,2031161.065535116,1,False,nearest
S1-0126,1990,431.582,353600.8375203411,2031114.5791280174,1,False,nearest
S1-0127,1990,443.368,353611.52017288,2031062.285001694,1,False,nearest
S2-0001,1990,195.482,352517.8051096207,2031688.5753241512,2,True,nearest
S2-0002,1990,198.498,352567.27290931443,2031679.4205202567,2,True,nearest
S2-0003,1990,210.348,352619.06536677614,2031669.3174180235,2,True,nearest
S2-0004,1990,198.44,352655.22185188276,2031630.7756356413,2,True,nearest
S2-0005,1990,195.482,352689.61955633893,2031594.1098064138,2,True,nearest
S2-0006,1990,195.482,352723.8287196791,2031557.644300198,2,True,nearest
S3-0001,1990,377.546,355189.2651894104,2030768.2428722777,1,False,nearest
S3-0002,1990,383.764,355239.6128324516,2030782.4189692333,1,False,nearest
S3-0003,1990,374.858,355290.49765068485,2030773.3028781558,1,False,nearest
S3-0004,1990,377.563,355340.1041865256,2030764.4174233892,1,False,nearest
S3-0005,1990,376.081,355387.4014480615,2030747.6063686227,1,False,nearest
S3-0006,1990,371.012,355433.04320179764,2030726.5695057937,1,False,nearest
S3-0007,1990,368.301,355480.06167977635,2030708.6039615548,1,False,nearest
S3-0008,1990,369.855,355529.67429814907,2030699.5168591181,1,False,nearest
S3-0009,1990,372.527,355579.6737066746,2030695.3842544106,1,False,nearest
S3-0010,1990,377.581,355629.9229623543,2030694.1410373463,1,False,nearest
S3-0011,1990,373.769,355679.0242743473,2030683.996166569,1,False,nearest
S3-0012,1990,368.994,355728.2752980237,2030673.8201237933,1,False,nearest
S3-0013,1990,369.756,355778.50198515283,2030671.6999759525,1,False,nearest
S3-0014,1990,372.996,355828.5767149948,2030675.6496768727,1,False,nearest
S3-0015,1990,373.304,355878.4274138029,2030679.5824338954,1,False,nearest
S3-0016,1990,375.464,355928.3967613591,2030683.5239401972,1,False,nearest
S3-0017,1990,381.82,355979.1200064492,2030687.2089832802,1,False,nearest
S3-0018,1990,375.311,356028.14450159966,2030673.6337036658,1,False,nearest
S3-0019,1990,373.298,356076.43830412376,2030660.2595037932,1,False,nearest
S3-0020,1990,373.298,356124.6247962997,2030646.9155174405,1,False,nearest
S3-0021,1990,373.298,356172.8112884755,2030633.5715310876,1,False,nearest
S3-0022,1990,373.298,356220.99778065144,2030620.227544735,1,False,nearest
S3-0023,1990,373.298,356269.1842728274,2030606.8835583823,1,False,nearest
S3-0024,1990,373.298,356317.37076500326,2030593.5395720296,1,False,nearest
S3-0025,1990,373.298,356365.55725717917,2030580.1955856767,1,False,nearest
S3-0026,1990,373.298,356413.7437493551,2030566.851599324,1,False,nearest
S3-0027,1990,373.298,356461.93024153094,2030553.5076129711,1,False,nearest
S3-0028,1990,373.298,356510.11673370685,2030540.1636266185,1,False,nearest
S3-0029,1990,373.298,356558.3032258827,2030526.8196402658,1,False,nearest
S3-0030,1990,373.298,356606.48971805867,2030513.475653913,1,False,nearest
S3-0031,1990,373.298,356654.6762102345,2030500.1316675602,1,False,nearest
S3-0032,1990,373.298,356702.86270241044,2030486.7876812075,1,False,nearest
S3-0033,1990,373.298,356751.0491945863,2030473.4436948546,1,False,nearest
S3-0034,1990,373.298,356799.2356867622,2030460.0997085022,1,False,nearest
S3-0035,1990,373.298,356847.4221789381,2030446.7557221495,1,False,nearest
S3-0036,1990,373.298,356895.60867111397,2030433.4117357964,1,False,nearest
S3-0037,1990,373.618,356943.79856299417,2030420.0665172148,1,False,nearest
S3-0038,1990,375.047,356992.0267325903,2030406.7116922834,1,False,nearest
S3-0039,1990,374.21,357039.22431840585,2030390.097320678,1,False,nearest
S3-0040,1990,373.341,357085.9973423141,2030372.3766842019,1,False,nearest
S3-0041,1990,373.298,357132.7540329387,2030354.6615016647,1,False,nearest
S3-0042,1990,373.298,357179.5107339562,2030336.9467928058,1,False,nearest
S3-0043,1990,373.298,357226.2674349737,2030319.2320839467,1,False,nearest
S3-0044,1990,373.298,357273.0241359912,2030301.5173750876,1,False,nearest
S3-0045,1990,373.298,357319.7808370087,2030283.8026662287,1,False,nearest
S3-0046,1990,373.298,357366.53753802617,2030266.0879573696,1,False,nearest
S3-0047,1990,373.298,357413.29423904367,2030248.3732485105,1,False,nearest
S3-0048,1990,373.298,357460.05094006116,2030230.6585396514,1,False,nearest
S3-0049,1990,373.298,357506.80764107866,2030212.9438307926,1,False,nearest
S3-0050,1990,373.298,357553.56434209616,2030195.2291219335,1,False,nearest
S3-0051,1990,373.298,357600.32104311365,2030177.5144130744,1,False,nearest
S3-0052,1990,373.298,357647.07774413115,2030159.7997042153,1,False,nearest
S3-0053,1990,373.298,357693.83444514865,2030142.0849953564,1,False,nearest
S3-0054,1990,373.298,357740.59114616615,2030124.3702864973,1,False,nearest
S3-0055,1990,373.298,357787.34784718364,2030106.6555776382,1,False,nearest
S3-0056,1990,373.298,357834.10454820114,2030088.940868779,1,False,nearest
S3-0057,1990,373.298,357880.86124921864,2030071.2261599202,1,False,nearest
S3-0058,1990,373.298,357927.6179502361,2030053.5114510611,1,False,nearest
S3-0059,1990,373.298,357974.3746512536,2030035.796742202,1,False,nearest
S3-0060,1990,373.298,358021.13135227107,2030018.082033343,1,False,nearest
S3-0061,1990,373.298,358067.88805328857,2030000.367324484,1,False,nearest
S3-0062,1990,373.298,358114.64475430606,2029982.652615625,1,False,nearest
S3-0063,1990,373.298,358161.40145532356,2029964.9379067658,1,False,nearest
S3-0064,1990,373.298,358208.15815634106,2029947.2231979067,1,False,nearest
S3-0065,1990,373.298,358254.91485735856,2029929.5084890479,1,False,nearest
S3-0066,1990,373.298,358301.67155837605,2029911.7937801888,1,False,nearest
S3-0067,1990,373.298,358348.42825939355,2029894.0790713297,1,False,nearest
S3-0068,1990,373.298,358395.18496041105,2029876.3643624706,1,False,nearest
S3-0069,1990,373.298,358441.94166142854,2029858.6496536117,1,False,nearest
S3-0070,1990,373.298,358488.69836244604,2029840.9349447526,1,False,nearest
S3-0071,1990,373.298,358535.45506346354,2029823.2202358935,1,False,nearest
S3-0072,1990,373.298,358582.21176448104,2029805.5055270344,1,False,nearest
S3-0073,1990,373.298,358628.96846549853,2029787.7908181755,1,False,nearest
S3-0074,1990,373.298,358675.72516651603,2029770.0761093164,1,False,nearest
S3-0075,1990,373.298,358722.4818675335,2029752.3614004573,1,False,nearest
S3-0076,1990,373.298,358769.238568551,2029734.6466915985,1,False,nearest
S3-0077,1990,373.298,358815.9952695685,2029716.9319827394,1,False,nearest
S3-0078,1990,373.298,358862.751970586,2029699.2172738803,1,False,nearest
S3-0079,1990,373.298,358909.5086716035,2029681.5025650212,1,False,nearest
S3-0080,1990,373.298,358956.265372621,2029663.7878561623,1,False,nearest
S3-0081,1990,373.298,359003.0220736385,2029646.0731473032,1,False,nearest
S3-0082,1990,373.298,359049.778774656,2029628.358438444,1,False,nearest
S3-0083,1990,373.298,359096.5354756735,2029610.643729585,1,False,nearest
S3-0084,1990,373.298,359143.292176691,2029592.9290207261,1,False,nearest
S3-0085,1990,373.298,359190.0488777085,2029575.214311867,1,False,nearest
S3-0086,1990,373.298,359236.805578726,2029557.499603008,1,False,nearest
S3-0087,1990,373.298,359283.5622797435,2029539.7848941488,1,False,nearest
S3-0088,1990,373.298,359330.318980761,2029522.07018529,1,False,nearest
S3-0089,1990,373.298,359377.0756817785,2029504.3554764309,1,False,nearest
S3-0090,1990,373.298,359423.832382796,2029486.6407675717,1,False,nearest
S3-0091,1990,373.298,359470.5890838135,2029468.9260587126,1,False,nearest
S3-0092,1990,373.298,359517.345784831,2029451.2113498538,1,False,nearest
S3-0093,1990,373.298,359564.1024858485,2029433.4966409947,1,False,nearest
S3-0094,1990,373.298,359610.859186866,2029415.7819321356,1,False,nearest
S3-0095,1990,373.298,359657.61588788347,2029398.0672232765,1,False,nearest
S3-0096,1990,373.298,359704.37258890097,2029380.3525144176,1,False,nearest
S3-0097,1990,373.298,359751.12928991846,2029362.6378055585,1,False,nearest
S3-0098,1990,373.298,359797.8859909359,2029344.9230966994,1,False,nearest
S3-0099,1990,373.298,359844.6426919534,2029327.2083878403,1,False,nearest
S3-0100,1990,373.298,359891.3993929709,2029309.4936789814,1,False,nearest
S3-0101,1990,373.298,359938.1560939884,2029291.7789701223,1,False,nearest
S3-0102,1990,373.298,359984.9127950059,2029274.0642612632,1,False,nearest
S3-0103,1990,373.298,360031.6694960234,2029256.3495524044,1,False,nearest
S3-0104,1990,373.298,360078.4261970409,2029238.6348435453,1,False,nearest
S3-0105,1990,373.298,360125.1828980584,2029220.9201346862,1,False,nearest
S3-0106,1990,373.298,360171.9395990759,2029203.205425827,1,False,nearest
S3-0107,1990,373.298,360218.6963000934,2029185.4907169682,1,False,nearest
S3-0108,1990,373.298,360265.4530011109,2029167.776008109,1,False,nearest
S3-0109,1990,373.298,360312.20970212837,2029150.06129925,1,False,nearest
S3-0110,1990,373.298,360358.96640314587,2029132.346590391,1,False,nearest
S3-0111,1990,373.298,360405.72310416336,2029114.631881532,1,False,nearest
S3-0112,1990,373.298,360452.47980518086,2029096.917172673,1,False,nearest
S3-0113,1990,373.298,360499.23650619836,2029079.2024638138,1,False,nearest
S3-0114,1990,373.298,360545.99320721586,2029061.4877549547,1,False,nearest
S3-0115,1990,373.298,360592.74990823335,2029043.7730460959,1,False,nearest
S3-0116,1990,373.298,360639.50660925085,2029026.0583372368,1,False,nearest
S3-0117,1990,373.298,360686.26331026835,2029008.3436283777,1,False,nearest
S3-0118,1990,373.298,360733.02001128584,2028990.6289195186,1,False,nearest
S3-0119,1990,373.298,360779.77671230334,2028972.9142106597,1,False,nearest
S3-0120,1990,373.298,360826.53341332084,2028955.1995018006,1,False,nearest
S3-0121,1990,373.298,360873.29011433834,2028937.4847929415,1,False,nearest
S3-0122,1990,373.296,360920.046726754,2028919.7698488315,1,False,nearest
S3-0123,1990,373.235,360966.8036974096,2028902.0556008932,1,False,nearest
S3-0124,1990,373.149,361013.5839212042,2028884.4023717584,1,False,nearest
S3-0125,1990,373.268,361060.46762321953,2028867.0257176748,1,False,nearest
S3-0126,1990,373.298,361107.35091315786,2028849.6487199771,1,False,nearest
S3-0127,1990,373.298,361154.2343164182,2028832.2721121744,1,False,nearest
S3-0128,1990,373.298,361201.1177196785,2028814.8955043717,1,False,nearest
S3-0129,1990,373.298,361248.0011229388,2028797.5188965688,1,False,nearest
S3-0130,1990,373.298,361294.8845261991,2028780.142288766,1,False,nearest
S3-0131,1990,373.298,361341.7679294594,2028762.7656809634,1,False,nearest
S3-0132,1990,373.298,361388.6513327197,2028745.3890731605,1,False,nearest
S3-0133,1990,373.298,361435.53473598004,2028728.0124653578,1,False,nearest
S3-0134,1990,373.298,361482.4181392403,2028710.635857555,1,False,nearest
S3-0135,1990,373.298,361529.3015425006,2028693.2592497522,1,False,nearest
S3-0136,1990,373.298,361576.18494576094,2028675.8826419495,1,False,nearest
S3-0137,1990,373.298,361623.06834902125,2028658.5060341468,1,False,nearest
S3-0138,1990,373.298,361669.9517522815,2028641.1294263438,1,False,nearest
S3-0139,1990,373.298,361716.83515554183,2028623.7528185411,1,False,nearest
S3-0140,1990,373.298,361763.71855880215,2028606.3762107384,1,False,nearest
S3-0141,1990,373.298,361810.6019620625,2028588.9996029355,1,False,nearest
S3-0142,1990,373.298,361857.48536532273,2028571.6229951328,1,False,nearest
S3-0143,1990,373.298,361904.36876858305,2028554.24638733,1,False,nearest
S3-0144,1990,373.298,361951.25217184337,2028536.8697795272,1,False,nearest
S3-0145,1990,373.298,361998.13557510363,2028519.4931717245,1,False,nearest
S3-0146,1990,373.298,362045.01897836395,2028502.1165639216,1,False,nearest
S3-0147,1990,373.298,362091.90238162427,2028484.7399561189,1,False,nearest
S3-0148,1990,373.298,362138.7857848846,2028467.3633483162,1,False,nearest
S3-0149,1990,373.298,362185.66918814485,2028449.9867405132,1,False,nearest
S3-0150,1990,373.298,362232.55259140517,2028432.6101327105,1,False,nearest
S3-0151,1990,373.298,362279.4359946655,2028415.2335249078,1,False,nearest
S3-0152,1990,373.298,362326.3193979258,2028397.856917105,1,False,nearest
S3-0153,1990,373.298,362373.20280118607,2028380.4803093022,1,False,nearest
S3-0154,1990,373.298,362420.0862044464,2028363.1037014995,1,False,nearest
S3-0155,1990,373.298,362466.9696077067,2028345.7270936966,1,False,nearest
S3-0156,1990,373.298,362513.853010967,2028328.350485894,1,False,nearest
S3-0157,1990,373.298,362560.7364142273,2028310.9738780912,1,False,nearest
S3-0158,1990,373.298,362607.6198174876,2028293.5972702883,1,False,nearest
S3-0159,1990,373.337,362654.50326177996,2028276.2205975123,1,False,nearest
S3-0160,1990,373.544,362701.3874323645,2028258.8434458023,1,False,nearest
S3-0161,1990,373.456,362748.105066232,2028241.0238052243,1,False,nearest
S3-0162,1990,373.307,362794.7368070918,2028222.9813561107,1,False,nearest
S3-0163,1990,373.298,362841.3686076552,2028204.9404071847,1,False,nearest
S3-0164,1990,373.298,362888.0002282437,2028186.8990114157,1,False,nearest
S3-0165,1990,373.298,362934.6318488322,2028168.857615647,1,False,nearest
S3-0166,1990,373.298,362981.26346942066,2028150.816219878,1,False,nearest
S3-0167,1990,373.298,363027.89509000914,2028132.774824109,1,False,nearest
S3-0168,1990,373.298,363074.5267105976,2028114.73342834,1,False,nearest
S3-0169,1990,373.298,363121.1583311861,2028096.692032571,1,False,nearest
S3-0170,1990,373.298,363167.7899517746,2028078.6506368022,1,False,nearest
S3-0171,1990,373.298,363214.42157236306,2028060.6092410332,1,False,nearest
S3-0172,1990,373.298,363261.05319295154,2028042.5678452642,1,False,nearest
S3-0173,1990,373.298,363307.68481354,2028024.5264494952,1,False,nearest
S3-0174,1990,373.298,363354.3164341285,2028006.4850537262,1,False,nearest
S3-0175,1990,373.298,363400.948054717,2027988.4436579575,1,False,nearest
S3-0176,1990,373.298,363447.57967530546,2027970.4022621885,1,False,nearest
S3-0177,1990,373.298,363494.21129589394,2027952.3608664195,1,False,nearest
S3-0178,1990,373.298,363540.8429164824,2027934.3194706505,1,False,nearest
S3-0179,1990,373.298,363587.4745370709,2027916.2780748818,1,False,nearest
S3-0180,1990,373.298,363634.10615765944,2027898.2366791128,1,False,nearest
S3-0181,1990,373.298,363680.7377782479,2027880.1952833438,1,False,nearest
S3-0182,1990,373.298,363727.3693988364,2027862.1538875748,1,False,nearest
S3-0183,1990,373.298,363774.0010194249,2027844.1124918058,1,False,nearest
S3-0184,1990,373.298,363820.63264001335,2027826.071096037,1,False,nearest
S3-0185,1990,373.298,363867.26426060183,2027808.029700268,1,False,nearest
S3-0186,1990,373.298,363913.8958811903,2027789.988304499,1,False,nearest
S3-0187,1990,373.298,363960.5275017788,2027771.94690873,1,False,nearest
S3-0188,1990,373.298,364007.1591223673,2027753.905512961,1,False,nearest
S3-0189,1990,373.298,364053.79074295575,2027735.8641171923,1,False,nearest
S3-0190,1990,373.298,364100.42236354423,2027717.8227214233,1,False,nearest
S3-0191,1990,373.298,364147.0539841327,2027699.7813256544,1,False,nearest
S3-0192,1990,373.298,364193.6856047212,2027681.7399298854,1,False,nearest
S3-0193,1990,373.298,364240.3172253097,2027663.6985341164,1,False,nearest
S3-0194,1990,373.298,364286.94884589815,2027645.6571383476,1,False,nearest
S3-0195,1990,373.298,364333.58046648663,2027627.6157425786,1,False,nearest
S3-0196,1990,373.298,364380.2120870751,2027609.5743468096,1,False,nearest
S3-0197,1990,373.298,364426.8437076636,2027591.5329510407,1,False,nearest
S3-0198,1990,373.298,364473.47532825207,2027573.4915552717,1,False,nearest
S3-0199,1990,373.298,364520.10694884055,2027555.450159503,1,False,nearest
S3-0200,1990,373.298,364566.738569429,2027537.408763734,1,False,nearest
S3-0201,1990,373.298,364613.3701900175,2027519.367367965,1,False,nearest
S3-0202,1990,373.345,364660.0019499359,2027501.3261699777,1,False,nearest
S3-0203,1990,373.482,364706.6331328917,2027483.282549958,1,False,nearest
S3-0204,1990,373.344,364753.1304217123,2027464.896637935,1,False,nearest
S3-0205,1990,373.298,364799.6271931744,2027446.510340959,1,False,nearest
S3-0206,1990,373.298,364846.1240373515,2027428.1243821583,1,False,nearest
S3-0207,1990,373.298,364892.62085590075,2027409.7383585316,1,False,nearest
S3-0208,1990,373.298,364939.1176744499,2027391.352334905,1,False,nearest
S3-0209,1990,373.298,364985.61449299916,2027372.9663112783,1,False,nearest
S3-0210,1990,373.298,365032.11131154833,2027354.5802876516,1,False,nearest
S3-0211,1990,373.298,365078.60813009756,2027336.1942640247,1,False,nearest
S3-0212,1990,373.298,365125.10494864674,2027317.808240398,1,False,nearest
S3-0213,1990,373.298,365171.60176719597,2027299.4222167714,1,False,nearest
S3-0214,1990,373.298,365218.09858574515,2027281.0361931447,1,False,nearest
S3-0215,1990,373.298,365264.5954042944,2027262.6501695178,1,False,nearest
S3-0216,1990,373.298,365311.09222284355,2027244.2641458912,1,False,nearest
S3-0217,1990,373.298,365357.5890413928,2027225.8781222645,1,False,nearest
S3-0218,1990,373.298,365404.08585994196,2027207.4920986379,1,False,nearest
S3-0219,1990,373.298,365450.5826784912,2027189.106075011,1,False,nearest
S3-0220,1990,373.298,365497.0794970404,2027170.7200513843,1,False,nearest
S3-0221,1990,373.298,365543.5763155896,2027152.3340277576,1,False,nearest
S3-0222,1990,373.298,365590.07313413883,2027133.948004131,1,False,nearest
S3-0223,1990,373.298,365636.569952688,2027115.561980504,1,False,nearest
S3-0224,1990,373.298,365683.06677123724,2027097.1759568774,1,False,nearest
S3-0225,1990,373.298,365729.5635897864,2027078.7899332508,1,False,nearest
S3-0226,1990,373.298,365776.06040833564,2027060.403909624,1,False,nearest
S3-0227,1990,373.298,365822.5572268848,2027042.0178859974,1,False,nearest
S3-0228,1990,373.298,365869.05404543405,2027023.6318623705,1,False,nearest
S3-0229,1990,373.298,365915.5508639832,2027005.2458387439,1,False,nearest
S3-0230,1990,373.298,365962.04768253246,2026986.8598151172,1,False,nearest
S3-0231,1990,373.298,366008.54450108163,2026968.4737914905,1,False,nearest
S3-0232,1990,373.298,366055.04131963087,2026950.0877678636,1,False,nearest
S3-0233,1990,373.298,366101.53813818004,2026931.701744237,1,False,nearest
S3-0234,1990,373.298,366148.0349567293,2026913.3157206103,1,False,nearest
S3-0235,1990,373.298,366194.53177527845,2026894.9296969837,1,False,nearest
S3-0236,1990,373.298,366241.0285938277,2026876.5436733568,1,False,nearest
S3-0237,1990,373.298,366287.5254123769,2026858.15764973,1,False,nearest
S3-0238,1990,373.298,366334.0222309261,2026839.7716261034,1,False,nearest
S3-0239,1990,373.298,366380.5190494753,2026821.3856024768,1,False,nearest
S3-0240,1990,373.298,366427.0158680245,2026802.99957885,1,False,nearest
S3-0241,1990,373.298,366473.5126865737,2026784.6135552232,1,False,nearest
S3-0242,1990,373.298,366520.0095051229,2026766.2275315966,1,False,nearest
S3-0243,1990,373.298,366566.50632367213,2026747.84150797,1,False,nearest
S3-0244,1990,373.298,366613.0031422213,2026729.4554843432,1,False,nearest
S3-0245,1990,373.298,366659.49996077054,2026711.0694607163,1,False,nearest
S3-0246,1990,373.298,366705.9967793197,2026692.6834370897,1,False,nearest
S3-0247,1990,373.298,366752.49359786895,2026674.297413463,1,False,nearest
S3-0248,1990,373.298,366798.9904164181,2026655.9113898363,1,False,nearest
S3-0249,1990,373.298,366845.48723496735,2026637.5253662094,1,False,nearest
S3-0250,1990,373.298,366891.9840535165,2026619.1393425828,1,False,nearest
S3-0251,1990,373.298,366938.48087206576,2026600.7533189561,1,False,nearest
S3-0252,1990,373.298,366984.97769061493,2026582.3672953295,1,False,nearest
S3-0253,1990,373.298,367031.47450916417,2026563.9812717026,1,False,nearest
S3-0254,1990,373.298,367077.97132771334,2026545.595248076,1,False,nearest
S3-0255,1990,373.298,367124.4681462626,2026527.2092244492,1,False,nearest
S3-0256,1990,373.298,367170.9649648118,2026508.8232008226,1,False,nearest
S3-0257,1990,373.298,367217.461783361,2026490.437177196,1,False,nearest
S3-0258,1990,373.298,367263.9586019102,2026472.051153569,1,False,nearest
S3-0259,1990,373.298,367310.4554204594,2026453.6651299424,1,False,nearest
S3-0260,1990,373.298,367356.9522390086,2026435.2791063157,1,False,nearest
S3-0261,1990,373.298,367403.4490575578,2026416.893082689,1,False,nearest
S3-0262,1990,373.298,367449.945876107,2026398.5070590621,1,False,nearest
S3-0263,1990,373.298,367496.4426946562,2026380.1210354355,1,False,nearest
S3-0264,1990,373.298,367542.93951320543,2026361.7350118088,1,False,nearest
S3-0265,1990,373.298,367589.4363317546,2026343.3489881821,1,False,nearest
S3-0266,1990,373.298,367635.93315030384,2026324.9629645552,1,False,nearest
S3-0267,1990,373.298,367682.429968853,2026306.5769409286,1,False,nearest
S3-0268,1990,373.298,367728.92678740225,2026288.190917302,1,False,nearest
S3-0269,1990,373.298,367775.4236059514,2026269.8048936753,1,False,nearest
S3-0270,1990,373.298,367821.92042450065,2026251.4188700484,1,False,nearest
S3-0271,1990,373.298,367868.41724304983,2026233.0328464217,1,False,nearest
S3-0272,1990,373.298,367914.91406159906,2026214.646822795,1,False,nearest
S3-0273,1990,373.298,367961.4108801483,2026196.2607991684,1,False,nearest
S3-0274,1990,373.298,368007.90769869747,2026177.8747755417,1,False,nearest
S3-0275,1990,373.298,368054.4045172467,2026159.4887519148,1,False,nearest
S3-0276,1990,373.298,368100.9013357959,2026141.1027282882,1,False,nearest
S3-0277,1990,373.298,368147.3981543451,2026122.7167046615,1,False,nearest
S3-0278,1990,373.298,368193.8949728943,2026104.3306810348,1,False,nearest
S3-0279,1990,373.298,368240.3917914435,2026085.944657408,1,False,nearest
S3-0280,1990,373.298,368286.8886099927,2026067.5586337813,1,False,nearest
S3-0281,1990,373.298,368333.38542854175,2026049.1726101541,1,False,nearest
S3-0282,1990,373.298,368379.88224707096,2026030.786586477,1,False,nearest
S1-0002,2000,386.615,348245.3769508425,2034068.4851395988,1,False,nearest
S1-0003,2000,387.256,348289.83559536695,2034045.5975925913,1,False,nearest
S1-0004,2000,387.897,348334.2942398915,2034022.7100455835,1,False,nearest
S1-0005,2000,388.538,348378.7528844161,2033999.8224985756,1,False,nearest
S1-0006,2000,389.179,348423.2115289406,2033976.9349515676,1,False,nearest
S1-0007,2000,389.82,348467.67017346516,2033954.0474045596,1,False,nearest
S1-0008,2000,390.461,348512.1288179897,2033931.1598575518,1,False,nearest
S1-0009,2000,391.103,348556.5879315873,2033908.2731937033,1,False,nearest
S1-0010,2000,391.744,348601.04657611187,2033885.3856466953,1,False,nearest
S1-0011,2000,392.385,348645.50522063643,2033862.4980996875,1,False,nearest
S1-0012,2000,393.026,348689.96386516094,2033839.6105526795,1,False,nearest
S1-0013,2000,393.667,348734.4225096855,2033816.7230056715,1,False,nearest
S1-0014,2000,394.308,348778.8811542101,2033793.8354586635,1,False,nearest
S1-0015,2000,394.949,348823.3397987345,2033770.9479116558,1,False,nearest
S1-0016,2000,395.59,348867.7984432591,2033748.0603646478,1,False,nearest
S1-0017,2000,396.231,348912.25708778366,2033725.1728176398,1,False,nearest
S1-0018,2000,396.872,348956.7157323082,2033702.285270632,1,False,nearest
S1-0019,2000,397.513,349001.1743768327,2033679.3977236242,1,False,nearest
S1-0020,2000,398.154,349045.6330213573,2033656.5101766163,1,False,nearest
S1-0021,2000,398.795,349090.09166588186,2033633.6226296083,1,False,nearest
S1-0022,2000,399.436,349134.55031040637,2033610.7350826003,1,False,nearest
S1-0023,2000,400.077,349179.00895493093,2033587.8475355925,1,False,nearest
S1-0024,2000,400.718,349223.4675994555,2033564.9599885845,1,False,nearest
S1-0025,2000,401.359,349267.92624398007,2033542.0724415765,1,False,nearest
S1-0026,2000,402.0,349312.3848885046,2033519.1848945685,1,False,nearest
S1-0027,2000,402.015,349356.549893304,2033495.7444897927,1,False,nearest
S1-0028,2000,397.934,349398.79357491795,2033468.6866642202,1,False,nearest
S1-0029,2000,393.852,349441.03678745887,2033441.6279554884,1,False,nearest
S1-0030,2000,389.771,349483.2804690728,2033414.570129916,1,False,nearest
S1-0031,2000,385.69,349525.52415068675,2033387.512304344,1,False,nearest
S1-0032,2000,381.959,349567.93200786586,2033360.7635845526,1,False,nearest
S1-0033,2000,392.288,349616.9350320342,2033346.4320855606,1,False,nearest
S1-0034,2000,402.616,349665.9375871295,2033332.0997034092,1,False,nearest
S1-0035,2000,412.944,349714.9401422248,2033317.7673212583,1,False,nearest
S1-0036,2000,416.062,349760.56068067765,2033297.0673600198,1,False,nearest
S1-0037,2000,418.665,349805.93964651326,2033275.9125717038,1,False,nearest
S1-0038,2000,421.268,349851.3186123488,2033254.7577833878,1,False,nearest
S1-0039,2000,423.968,349896.5841722547,2033233.6566943305,1,False,nearest
S1-0040,2000,427.116,349941.83217791363,2033212.5627974218,1,False,nearest
S1-0041,2000,430.242,349986.8911910239,2033191.001686868,1,False,nearest
S1-0042,2000,424.905,350027.5377847595,2033161.6638752255,1,False,nearest
S1-0043,2000,419.937,350068.2268413646,2033132.294397286,1,False,nearest
S1-0044,2000,414.992,350108.967185035,2033102.888999438,1,False,nearest
S1-0045,2000,410.046,350149.70702609804,2033073.4827370748,1,False,nearest
S1-0046,2000,405.101,350190.44736976846,2033044.0773392266,1,False,nearest
S1-0047,2000,400.156,350231.18771343894,2033014.6719413784,1,False,nearest
S1-0048,2000,395.21,350271.9275545019,2032985.2656790155,1,False,nearest
S1-0049,2000,392.677,350313.88018733746,2032957.9454907444,1,False,nearest
S1-0050,2000,391.509,350356.51887933974,2032931.8053651068,1,False,nearest
S1-0051,2000,390.341,350399.15757134196,2032905.6652394696,1,False,nearest
S1-0052,2000,389.173,350441.79626334424,2032879.5251138322,1,False,nearest
S1-0053,2000,388.005,350484.43495534646,2032853.3849881948,1,False,nearest
S1-0054,2000,386.837,350527.07364734873,2032827.2448625574,1,False,nearest
S1-0055,2000,385.669,350569.712339351,2032801.1047369202,1,False,nearest
S1-0056,2000,384.501,350612.3510313533,2032774.9646112828,1,False,nearest
S1-0057,2000,383.333,350654.98972335557,2032748.8244856454,1,False,nearest
S1-0058,2000,382.165,350697.6284153578,2032722.6843600082,1,False,nearest
S1-0059,2000,380.997,350740.26710736006,2032696.5442343708,1,False,nearest
S1-0060,2000,379.828,350782.90529675485,2032670.4032442186,1,False,nearest
S1-0061,2000,378.66,350825.5439887571,2032644.2631185814,1,False,nearest
S1-0062,2000,377.492,350868.1826807594,2032618.122992944,1,False,nearest
S1-0063,2000,376.324,350910.8213727616,2032591.9828673068,1,False,nearest
S1-0064,2000,374.802,350953.2821417273,2032565.5367034476,1,False,nearest
S1-0065,2000,372.543,350995.3750622027,2032538.4518962959,1,False,nearest
S1-0066,2000,369.112,351037.75283131417,2032510.1158272862,1,False,nearest
S1-0067,2000,363.805,351079.91604485107,2032480.617097418,1,False,nearest
S1-0068,2000,359.745,351123.1777923855,2032452.8320082328,1,False,nearest
S1-0069,2000,361.515,351169.5453120168,2032430.8860463586,1,False,nearest
S1-0070,2000,362.713,351215.0109422827,2032409.366303735,1,False,nearest
S1-0071,2000,362.695,351259.6830658687,2032386.9074146636,1,False,nearest
S1-0072,2000,357.044,351301.82678313367,2032359.4148539228,1,False,nearest
S1-0073,2000,350.885,351343.742481508,2032331.4683423196,1,False,nearest
S1-0074,2000,344.726,351385.65817988245,2032303.5218307164,1,False,nearest
S1-0075,2000,338.568,351427.5743271129,2032275.576212717,1,False,nearest
S1-0076,2000,338.997,351472.44708936836,2032253.5167646604,1,False,nearest
S1-0077,2000,340.303,351517.7134984095,2032232.2410073644,1,False,nearest
S1-0078,2000,341.608,351562.97945859464,2032210.9643564643,1,False,nearest
S1-0079,2000,346.786,351609.9838383929,2032193.1486340882,1,False,nearest
S1-0080,2000,354.332,351658.05110939796,2032177.4489661262,1,False,nearest
S1-0081,2000,361.708,351706.04207486875,2032161.5973854738,1,False,nearest
S1-0082,2000,369.025,351754.00655783067,2032145.693082182,1,False,nearest
S1-0083,2000,376.342,351801.97104079253,2032129.78877889,1,False,nearest
S1-0084,2000,374.109,351845.64894815255,2032105.350556826,1,False,nearest
S1-0085,2000,368.488,351887.80613110005,2032077.884804207,1,False,nearest
S1-0086,2000,362.868,351929.9637629037,2032050.419945192,1,False,nearest
S1-0087,2000,357.248,351972.1213947073,2032022.955086177,1,False,nearest
S1-0088,2000,362.282,352019.06113922945,2032005.0106848164,1,False,nearest
S1-0089,2000,368.515,352066.53906219633,2031988.1377147236,1,False,nearest
S1-0090,2000,374.748,352114.0169851632,2031971.2647446308,1,False,nearest
S1-0091,2000,383.522,352162.67557498574,2031956.6482094324,1,False,nearest
S1-0092,2000,393.99,352212.19343909423,2031943.5943413838,1,False,nearest
S1-0093,2000,405.258,352262.0749876464,2031931.3834148564,1,False,nearest
S1-0094,2000,419.966,352313.4817116353,2031922.3860238153,1,False,nearest
S1-0095,2000,436.14,352365.5161526054,2031914.8375446927,1,False,nearest
S1-0096,2000,452.98,352417.82165472733,2031907.9295748186,1,False,nearest
S1-0097,2000,469.821,352470.1275973685,2031901.0225026873,1,False,nearest
S1-0098,2000,486.662,352522.43354000966,2031894.1154305562,1,False,nearest
S1-0099,2000,503.503,352574.7394826509,2031887.2083584252,1,False,nearest
S1-0100,2000,517.026,352625.583782291,2031877.3225745359,1,False,nearest
S1-0101,2000,522.675,352672.95943304943,2031860.367961116,1,False,nearest
S1-0102,2000,299.41,352619.49405128,2031637.9073731971,2,True,nearest
S1-0103,2000,289.729,352660.11654133763,2031607.1903573505,2,True,nearest
S1-0104,2000,273.244,352697.74173815275,2031570.3650971395,2,True,nearest
S1-0105,2000,252.609,352742.9623942887,2031526.104577208,2,True,nearest
S1-0106,2000,211.544,352795.68580998486,2031463.623490459,2,True,nearest
S1-0107,2000,176.375,352828.20790820755,2031416.1601832982,2,True,nearest
S1-0108,2000,513.457,352986.1843026484,2031717.2669330435,1,False,nearest
S1-0109,2000,498.727,353033.73440243135,2031677.1913720847,1,False,nearest
S1-0110,2000,495.361,353077.9857685972,2031638.6527490776,1,False,nearest
S1-0111,2000,497.248,353117.6170772373,2031604.1375479295,1,False,nearest
S1-0112,2000,498.415,353152.0919737101,2031574.1134408102,1,False,nearest
S1-0113,2000,495.06,353185.6742386186,2031544.867392445,1,False,nearest
S1-0114,2000,486.73,353220.6771377161,2031514.408298302,1,False,nearest
S1-0115,2000,475.848,353259.7697770135,2031480.5837767182,1,False,nearest
S1-0116,2000,466.71,353298.70920480276,2031446.8923132184,1,False,nearest
S1-0117,2000,457.141,353337.0559762589,2031413.713162817,1,False,nearest
S1-0118,2000,444.442,353372.6549087664,2031375.5149532373,1,False,nearest
S1-0119,2000,430.929,353407.67931247037,2031336.828387483,1,False,nearest
S1-0120,2000,415.207,353442.66711775685,2031298.1841397705,1,False,nearest
S1-0121,2000,400.616,353477.86271602276,2031259.3083196993,1,False,nearest
S1-0122,2000,380.255,353517.1325632596,2031215.9342239134,1,False,nearest
S1-0123,2000,361.142,353538.9396331242,2031182.184129195,1,False,nearest
S1-0124,2000,358.802,353537.39460773295,2031185.0522960231,1,False,nearest
S1-0125,2000,368.387,353546.7642050429,2031167.6656571457,1,False,nearest
S2-0001,2000,400.133,352555.0478928979,2031889.8090362742,1,False,nearest
S2-0002,2000,404.475,352636.3425277172,2031873.4718339413,1,False,nearest
S2-0003,2000,184.938,352606.8181579853,2031647.0536812115,2,True,nearest
S2-0004,2000,183.296,352645.72136634676,2031618.9823532067,2,True,nearest
S2-0005,2000,184.184,352681.38972454396,2031586.3693495393,2,True,nearest
S2-0006,2000,186.317,352717.1445923898,2031551.3737605575,2,True,nearest
S3-0001,2000,432.191,355165.65011784184,2030817.5217158094,1,False,nearest
S3-0002,2000,430.677,355236.08394761715,2030829.1990562452,1,False,nearest
S3-0003,2000,425.046,355297.1108549467,2030823.0532638165,1,False,nearest
S3-0004,2000,432.496,355355.3732744102,2030817.1856851017,1,False,nearest
S3-0005,2000,443.887,355409.39703952224,2030811.7456513776,1,False,nearest
S3-0006,2000,455.637,355460.5731262667,2030806.5913395875,1,False,nearest
S3-0007,2000,465.164,355505.50322300266,2030802.0660856867,1,False,nearest
S3-0008,2000,469.661,355545.8465558614,2030798.0038923584,1,False,nearest
S3-0009,2000,471.21,355591.74306063977,2030793.3264066428,1,False,nearest
S3-0010,2000,468.757,355641.58825340506,2030784.5677146087,1,False,nearest
S3-0011,2000,466.479,355690.11537713994,2030776.0403491056,1,False,nearest
S3-0012,2000,461.025,355736.7502436929,2030765.4600728161,1,False,nearest
S3-0013,2000,449.995,355780.2254750532,2030751.9204640063,1,False,nearest
S3-0014,2000,435.247,355825.48614597815,2030737.8239109584,1,False,nearest
S3-0015,2000,416.166,355875.2468293193,2030722.326262998,1,False,nearest
S3-0016,2000,397.658,355928.5778616127,2030705.7172013072,1,False,nearest
S3-0017,2000,384.518,355979.38215256896,2030689.894217611,1,False,nearest
S3-0018,2000,376.343,356028.3357904061,2030674.647820322,1,False,nearest
S3-0019,2000,372.731,356076.2886586362,2030659.7126077993,1,False,nearest
S3-0020,2000,371.143,356124.0496704879,2030644.8386796277,1,False,nearest
S3-0021,2000,369.554,356171.8120907774,2030629.9633265536,1,False,nearest
S3-0022,2000,367.965,356219.57451106707,2030615.0879734794,1,False,nearest
S3-0023,2000,366.376,356267.3369313567,2030600.2126204055,1,False,nearest
S3-0024,2000,364.787,356315.0993516463,2030585.3372673313,1,False,nearest
S3-0025,2000,363.079,356362.8300132483,2030570.3472304058,1,False,nearest
S3-0026,2000,360.423,356410.30767286936,2030554.4435775888,1,False,nearest
S3-0027,2000,357.768,356457.7855993699,2030538.5408885013,1,False,nearest
S3-0028,2000,355.112,356505.26325899054,2030522.6372356843,1,False,nearest
S3-0029,2000,352.457,356552.7411854913,2030506.7345465969,1,False,nearest
S3-0030,2000,349.801,356600.21884511237,2030490.8308937799,1,False,nearest
S3-0031,2000,347.145,356647.6965047327,2030474.9272409626,1,False,nearest
S3-0032,2000,344.49,356695.17443123314,2030459.0245518757,1,False,nearest
S3-0033,2000,341.834,356742.6520908544,2030443.1208990582,1,False,nearest
S3-0034,2000,339.179,356790.13001735497,2030427.218209971,1,False,nearest
S3-0035,2000,336.523,356837.60767697555,2030411.314557154,1,False,nearest
S3-0036,2000,333.867,356885.0853365963,2030395.4109043367,1,False,nearest
S3-0037,2000,331.564,356931.88673658815,2030379.7348013117,1,False,nearest
S3-0038,2000,330.361,356978.3855227215,2030364.1587136646,1,False,nearest
S3-0039,2000,330.289,357024.85633768345,2030348.5929188516,1,False,nearest
S3-0040,2000,331.346,357071.3495967978,2030333.0190473788,1,False,nearest
S3-0041,2000,333.243,357118.56277967175,2030317.2047084796,1,False,nearest
S3-0042,2000,335.191,357166.0096457464,2030301.3116406924,1,False,nearest
S3-0043,2000,337.139,357213.456511821,2030285.418572905,1,False,nearest
S3-0044,2000,339.088,357260.90373218985,2030269.5264402516,1,False,nearest
S3-0045,2000,341.036,357308.3505982645,2030253.6333724642,1,False,nearest
S3-0046,2000,342.984,357355.7974643391,2030237.7403046768,1,False,nearest
S3-0047,2000,344.932,357403.2443304138,2030221.8472368894,1,False,nearest
S3-0048,2000,346.88,357450.69119648845,2030205.954169102,1,False,nearest
S3-0049,2000,348.828,357498.1380625631,2030190.0611013146,1,False,nearest
S3-0050,2000,350.776,357545.5849286377,2030174.1680335272,1,False,nearest
S3-0051,2000,352.724,357593.03179471235,2030158.2749657398,1,False,nearest
S3-0052,2000,354.672,357640.478660787,2030142.3818979524,1,False,nearest
S3-0053,2000,354.542,357687.18930356146,2030124.5456216708,1,False,nearest
S3-0054,2000,353.733,357733.6593805896,2030106.0743893893,1,False,nearest
S3-0055,2000,352.925,357780.12981191196,2030087.6040922417,1,False,nearest
S3-0056,2000,352.117,357826.6002432343,2030069.1337950942,1,False,nearest
S3-0057,2000,351.309,357873.07067455666,2030050.663497947,1,False,nearest
S3-0058,2000,350.5,357919.54075158475,2030032.1922656652,1,False,nearest
S3-0059,2000,349.692,357966.0111829071,2030013.7219685176,1,False,nearest
S3-0060,2000,348.884,358012.4816142294,2029995.2516713701,1,False,nearest
S3-0061,2000,348.076,358058.95204555173,2029976.7813742228,1,False,nearest
S3-0062,2000,347.267,358105.4221225799,2029958.3101419413,1,False,nearest
S3-0063,2000,346.459,358151.89255390223,2029939.8398447938,1,False,nearest
S3-0064,2000,345.651,358198.3629852246,2029921.3695476463,1,False,nearest
S3-0065,2000,344.843,358244.8334165469,2029902.899250499,1,False,nearest
S3-0066,2000,344.034,358291.3034935751,2029884.4280182174,1,False,nearest
S3-0067,2000,343.226,358337.7739248974,2029865.9577210697,1,False,nearest
S3-0068,2000,342.418,358384.2443562197,2029847.4874239222,1,False,nearest
S3-0069,2000,341.61,358430.71478754206,2029829.0171267749,1,False,nearest
S3-0070,2000,340.802,358477.1852188644,2029810.5468296274,1,False,nearest
S3-0071,2000,341.551,358524.2072862206,2029793.5325361495,1,False,nearest
S3-0072,2000,342.447,358571.28143482085,2029776.6557073726,1,False,nearest
S3-0073,2000,343.344,358618.35593771527,2029759.7798137302,1,False,nearest
S3-0074,2000,344.24,358665.43008631555,2029742.9029849533,1,False,nearest
S3-0075,2000,345.137,358712.50458921,2029726.0270913104,1,False,nearest
S3-0076,2000,346.033,358759.5787378102,2029709.1502625337,1,False,nearest
S3-0077,2000,346.929,358806.6528864105,2029692.2734337568,1,False,nearest
S3-0078,2000,347.826,358853.7273893049,2029675.397540114,1,False,nearest
S3-0079,2000,348.722,358900.8015379052,2029658.5207113372,1,False,nearest
S3-0080,2000,349.619,358947.8760407996,2029641.6448176946,1,False,nearest
S3-0081,2000,350.515,358994.9501893998,2029624.7679889177,1,False,nearest
S3-0082,2000,351.411,359042.0243380001,2029607.8911601407,1,False,nearest
S3-0083,2000,352.308,359089.0988408945,2029591.0152664979,1,False,nearest
S3-0084,2000,353.204,359136.17298949475,2029574.1384377212,1,False,nearest
S3-0085,2000,354.101,359183.2474923892,2029557.2625440785,1,False,nearest
S3-0086,2000,354.997,359230.32164098945,2029540.3857153016,1,False,nearest
S3-0087,2000,355.893,359277.3957895897,2029523.5088865247,1,False,nearest
S3-0088,2000,356.79,359324.4702924841,2029506.632992882,1,False,nearest
S3-0089,2000,357.686,359371.5444410844,2029489.7561641051,1,False,nearest
S3-0090,2000,358.582,359418.6185896846,2029472.8793353285,1,False,nearest
S3-0091,2000,359.479,359465.693092579,2029456.0034416856,1,False,nearest
S3-0092,2000,360.375,359512.7672411793,2029439.126612909,1,False,nearest
S3-0093,2000,361.272,359559.8417440737,2029422.250719266,1,False,nearest
S3-0094,2000,362.168,359606.915892674,2029405.373890489,1,False,nearest
S3-0095,2000,361.646,359653.487652131,2029387.1710416714,1,False,nearest
S3-0096,2000,360.737,359699.9222997414,2029368.606295988,1,False,nearest
S3-0097,2000,359.829,359746.357301646,2029350.0424854385,1,False,nearest
S3-0098,2000,358.921,359792.7923035506,2029331.4786748888,1,False,nearest
S3-0099,2000,358.012,359839.22695116105,2029312.9139292054,1,False,nearest
S3-0100,2000,357.104,359885.66195306566,2029294.350118656,1,False,nearest
S3-0101,2000,356.196,359932.0969549703,2029275.7863081065,1,False,nearest
S3-0102,2000,355.287,359978.53160258074,2029257.2215624228,1,False,nearest
S3-0103,2000,354.379,360024.96660448535,2029238.6577518734,1,False,nearest
S3-0104,2000,353.471,360071.40160638996,2029220.093941324,1,False,nearest
S3-0105,2000,352.562,360117.8362540004,2029201.5291956402,1,False,nearest
S3-0106,2000,351.654,360164.271255905,2029182.9653850908,1,False,nearest
S3-0107,2000,350.746,360210.70625780965,2029164.4015745413,1,False,nearest
S3-0108,2000,349.837,360257.14090542006,2029145.8368288577,1,False,nearest
S3-0109,2000,348.929,360303.5759073247,2029127.2730183082,1,False,nearest
S3-0110,2000,350.413,360350.8583809011,2029110.9460483352,1,False,nearest
S3-0111,2000,351.963,360398.16423789324,2029094.6807972079,1,False,nearest
S3-0112,2000,352.653,360445.16540189297,2029077.6113308228,1,False,nearest
S3-0113,2000,353.342,360492.16621159855,2029060.5409293037,1,False,nearest
S3-0114,2000,354.032,360539.16737559834,2029043.4714629187,1,False,nearest
S3-0115,2000,356.395,360586.7612737565,2029027.9664757499,1,False,nearest
S3-0116,2000,360.989,360635.145602224,2029014.5477725803,1,False,nearest
S3-0117,2000,364.434,360683.12284668186,2029000.0546004213,1,False,nearest
S3-0118,2000,364.004,360729.7272012032,2028981.9377839335,1,False,nearest
S3-0119,2000,363.575,360776.33191001863,2028963.8219025799,1,False,nearest
S3-0120,2000,363.509,360823.0652276204,2028946.0454748755,1,False,nearest
S3-0121,2000,366.868,360871.0120027791,2028931.4718811908,1,False,nearest
S3-0122,2000,367.667,360918.05420267355,2028914.5052986334,1,False,nearest
S3-0123,2000,363.163,360963.25534978946,2028892.629339006,1,False,nearest
S3-0124,2000,358.566,361008.4710127787,2028870.745063955,1,False,nearest
S3-0125,2000,353.877,361053.7018019406,2028848.8533611018,1,False,nearest
S3-0126,2000,349.099,361098.94067822205,2028826.9582032503,1,False,nearest
S3-0127,2000,344.294,361144.1544937641,2028805.0759876112,1,False,nearest
S3-0128,2000,339.488,361189.36765748245,2028783.192947087,1,False,nearest
S3-0129,2000,339.559,361236.2757355259,2028765.8829137168,1,False,nearest
S3-0130,2000,339.662,361283.19493459817,2028748.6028857247,1,False,nearest
S3-0131,2000,339.922,361330.1686962191,2028731.4700716191,1,False,nearest
S3-0132,2000,340.486,361377.2481076154,2028714.622308605,1,False,nearest
S3-0133,2000,341.05,361424.32751901174,2028697.774545591,1,False,nearest
S3-0134,2000,341.614,361471.40693040803,2028680.926782577,1,False,nearest
S3-0135,2000,342.178,361518.4863418043,2028664.0790195628,1,False,nearest
S3-0136,2000,342.742,361565.5657532007,2028647.231256549,1,False,nearest
S3-0137,2000,343.306,361612.645164597,2028630.383493535,1,False,nearest
S3-0138,2000,346.583,361660.66743073263,2028616.0796239818,1,False,nearest
S3-0139,2000,346.769,361707.615474974,2028598.8774224392,1,False,nearest
S3-0140,2000,346.222,361754.30877814494,2028580.9879102048,1,False,nearest
S3-0141,2000,345.109,361800.80537811556,2028562.5676778455,1,False,nearest
S3-0142,2000,343.635,361847.17651897785,2028543.8089473145,1,False,nearest
S3-0143,2000,342.162,361893.5480073723,2028525.0511544517,1,False,nearest
S3-0144,2000,340.689,361939.91949576675,2028506.2933615888,1,False,nearest
S3-0145,2000,339.216,361986.29098416114,2028487.535568726,1,False,nearest
S3-0146,2000,337.778,362032.67463618104,2028468.8105942453,1,False,nearest
S3-0147,2000,336.649,362079.1656756372,2028450.3753591971,1,False,nearest
S3-0148,2000,335.519,362125.65636756126,2028431.9391864806,1,False,nearest
S3-0149,2000,334.39,362172.1474070173,2028413.5039514322,1,False,nearest
S3-0150,2000,333.261,362218.63844647346,2028395.0687163838,1,False,nearest
S3-0151,2000,332.342,362265.20246768236,2028376.8303916291,1,False,nearest
S3-0152,2000,332.732,362312.2214084836,2028359.8194743716,1,False,nearest
S3-0153,2000,333.123,362359.2406968168,2028342.8094947825,1,False,nearest
S3-0154,2000,333.513,362406.25963761803,2028325.7985775252,1,False,nearest
S3-0155,2000,333.904,362453.27892595134,2028308.7885979358,1,False,nearest
S3-0156,2000,334.294,362500.2978667525,2028291.7776806785,1,False,nearest
S3-0157,2000,334.684,362547.31680755364,2028274.7667634212,1,False,nearest
S3-0158,2000,335.075,362594.33609588695,2028257.7567838319,1,False,nearest
S3-0159,2000,335.503,362641.2707949717,2028240.7760862564,1,False,nearest
S3-0160,2000,336.099,362688.1663655163,2028223.8101556858,1,False,nearest
S3-0161,2000,336.798,362735.0400020037,2028206.7730671198,1,False,nearest
S3-0162,2000,337.597,362781.8910585486,2028189.6618296378,1,False,nearest
S3-0163,2000,338.535,362828.8251468329,2028172.5193066543,1,False,nearest
S3-0164,2000,339.483,362875.7988322852,2028155.3620464117,1,False,nearest
S3-0165,2000,340.432,362922.77287856536,2028138.2057188018,1,False,nearest
S3-0166,2000,341.38,362969.7465640176,2028121.0484585592,1,False,nearest
S3-0167,2000,342.329,363016.7206102978,2028103.8921309488,1,False,nearest
S3-0168,2000,351.587,363066.69277572684,2028094.4850460482,1,False,nearest
S3-0169,2000,354.435,363114.3520342183,2028079.0997873875,1,False,nearest
S3-0170,2000,354.959,363161.17272863444,2028061.5470910026,1,False,nearest
S3-0171,2000,355.483,363207.9934230506,2028043.9943946174,1,False,nearest
S3-0172,2000,356.007,363254.81411746674,2028026.4416982322,1,False,nearest
S3-0173,2000,356.531,363301.63481188286,2028008.889001847,1,False,nearest
S3-0174,2000,357.055,363348.455506299,2027991.3363054618,1,False,nearest
S3-0175,2000,357.579,363395.27620071516,2027973.7836090769,1,False,nearest
S3-0176,2000,356.892,363441.65993252577,2027955.1014948408,1,False,nearest
S3-0177,2000,353.112,363486.9276235941,2027933.5347485554,1,False,nearest
S3-0178,2000,351.452,363532.96026984305,2027913.9451829828,1,False,nearest
S3-0179,2000,351.265,363579.52441561135,2027895.7293849532,1,False,nearest
S3-0180,2000,351.078,363626.0885613797,2027877.513586923,1,False,nearest
S3-0181,2000,350.892,363672.65306797595,2027859.2987215256,1,False,nearest
S3-0182,2000,350.705,363719.21721374424,2027841.0829234957,1,False,nearest
S3-0183,2000,350.518,363765.78135951253,2027822.8671254655,1,False,nearest
S3-0184,2000,350.331,363812.3455052808,2027804.6513274359,1,False,nearest
S3-0185,2000,349.126,363858.5423282313,2027785.4861096106,1,False,nearest
S3-0186,2000,347.502,363904.5879642852,2027765.930118805,1,False,nearest
S3-0187,2000,345.877,363950.63323951117,2027746.373195367,1,False,nearest
S3-0188,2000,347.572,363997.87646341627,2027729.9126115358,1,False,nearest
S3-0189,2000,350.036,364045.3971639882,2027714.1692220296,1,False,nearest
S3-0190,2000,352.5,364092.9178645602,2027698.4258325233,1,False,nearest
S3-0191,2000,354.002,364140.0914486776,2027681.7852506367,1,False,nearest
S3-0192,2000,354.876,364187.03843286406,2027664.5589755957,1,False,nearest
S3-0193,2000,355.751,364233.9857778785,2027647.333633187,1,False,nearest
S3-0194,2000,356.575,364280.9147206693,2027630.0607265255,1,False,nearest
S3-0195,2000,357.11,364327.73938419245,2027612.518289097,1,False,nearest
S3-0196,2000,357.645,364374.5640477157,2027594.975851668,1,False,nearest
S3-0197,2000,358.18,364421.38871123886,2027577.4334142394,1,False,nearest
S3-0198,2000,358.715,364468.2133747621,2027559.8909768108,1,False,nearest
S3-0199,2000,358.364,364514.71834475227,2027541.5222270654,1,False,nearest
S3-0200,2000,356.933,364560.8336205938,2027522.1462343151,1,False,nearest
S3-0201,2000,355.782,364607.0482831038,2027503.03201523,1,False,nearest
S3-0202,2000,355.395,364653.4939754732,2027484.5974889658,1,False,nearest
S3-0203,2000,355.1,364699.9368341787,2027466.1636274585,1,False,nearest
S3-0204,2000,354.898,364746.3790235905,2027447.730580164,1,False,nearest
S3-0205,2000,354.788,364792.82224540383,2027429.2966026713,1,False,nearest
S3-0206,2000,354.723,364839.2936295742,2027410.850814067,1,False,nearest
S3-0207,2000,354.659,364885.76691401313,2027392.4052745127,1,False,nearest
S3-0208,2000,354.595,364932.2401984521,2027373.9597349584,1,False,nearest
S3-0209,2000,354.531,364978.7134828911,2027355.514195404,1,False,nearest
S3-0210,2000,354.467,365025.18676733,2027337.0686558497,1,False,nearest
S3-0211,2000,354.402,365071.6596840485,2027318.6221863586,1,False,nearest
S3-0212,2000,354.338,365118.13296848745,2027300.1766468042,1,False,nearest
S3-0213,2000,354.274,365164.60625292646,2027281.7311072496,1,False,nearest
S3-0214,2000,354.21,365211.07953736535,2027263.2855676953,1,False,nearest
S3-0215,2000,354.145,365257.55245408387,2027244.8390982044,1,False,nearest
S3-0216,2000,354.081,365304.0257385228,2027226.3935586498,1,False,nearest
S3-0217,2000,354.017,365350.4990229618,2027207.9480190955,1,False,nearest
S3-0218,2000,353.953,365396.9723074007,2027189.502479541,1,False,nearest
S3-0219,2000,353.888,365443.44522411923,2027171.05601005,1,False,nearest
S3-0220,2000,353.824,365489.91850855824,2027152.6104704957,1,False,nearest
S3-0221,2000,353.76,365536.3917929972,2027134.1649309413,1,False,nearest
S3-0222,2000,353.696,365582.8650774362,2027115.719391387,1,False,nearest
S3-0223,2000,353.632,365629.3383618751,2027097.2738518321,1,False,nearest
S3-0224,2000,353.567,365675.8112785936,2027078.8273823415,1,False,nearest
S3-0225,2000,353.503,365722.28456303256,2027060.3818427871,1,False,nearest
S3-0226,2000,353.439,365768.75784747157,2027041.9363032326,1,False,nearest
S3-0227,2000,353.375,365815.23113191046,2027023.4907636782,1,False,nearest
S3-0228,2000,353.31,365861.704048629,2027005.0442941873,1,False,nearest
S3-0229,2000,353.246,365908.1773330679,2026986.5987546328,1,False,nearest
S3-0230,2000,353.182,365954.65061750694,2026968.1532150784,1,False,nearest
S3-0231,2000,353.118,366001.12390194583,2026949.707675524,1,False,nearest
S3-0232,2000,353.053,366047.59681866434,2026931.261206033,1,False,nearest
S3-0233,2000,352.989,366094.0701031033,2026912.8156664786,1,False,nearest
S3-0234,2000,352.925,366140.5433875423,2026894.3701269242,1,False,nearest
S3-0235,2000,352.861,366187.0166719812,2026875.92458737,1,False,nearest
S3-0236,2000,352.797,366233.4899564202,2026857.479047815,1,False,nearest
S3-0237,2000,352.732,366279.9628731387,2026839.0325783244,1,False,nearest
S3-0238,2000,352.668,366326.4361575777,2026820.5870387699,1,False,nearest
S3-0239,2000,352.604,366372.9094420167,2026802.1414992155,1,False,nearest
S3-0240,2000,352.54,366419.3827264556,2026783.6959596612,1,False,nearest
S3-0241,2000,352.475,366465.8556431741,2026765.24949017,1,False,nearest
S3-0242,2000,352.411,366512.32892761304,2026746.8039506157,1,False,nearest
S3-0243,2000,352.347,366558.80221205205,2026728.3584110613,1,False,nearest
S3-0244,2000,352.283,366605.27549649094,2026709.912871507,1,False,nearest
S3-0245,2000,352.218,366651.74841320945,2026691.4664020159,1,False,nearest
S3-0246,2000,352.154,366698.2216976484,2026673.0208624615,1,False,nearest
S3-0247,2000,352.09,366744.6949820874,2026654.5753229072,1,False,nearest
S3-0248,2000,352.026,366791.1682665263,2026636.1297833526,1,False,nearest
S3-0249,2000,351.962,366837.6415509653,2026617.684243798,1,False,nearest
S3-0250,2000,351.897,366884.1144676838,2026599.2377743074,1,False,nearest
S3-0251,2000,351.833,366930.5877521228,2026580.7922347528,1,False,nearest
S3-0252,2000,351.769,366977.0610365617,2026562.3466951984,1,False,nearest
S3-0253,2000,351.705,367023.5343210007,2026543.9011556439,1,False,nearest
S3-0254,2000,351.64,367070.00723771914,2026525.454686153,1,False,nearest
S3-0255,2000,351.576,367116.48052215815,2026507.0091465986,1,False,nearest
S3-0256,2000,351.512,367162.95380659716,2026488.5636070443,1,False,nearest
S3-0257,2000,351.448,367209.42709103605,2026470.11806749,1,False,nearest
S3-0258,2000,351.384,367255.90037547506,2026451.6725279351,1,False,nearest
S3-0259,2000,351.319,367302.3732921935,2026433.2260584445,1,False,nearest
S3-0260,2000,351.255,367348.8465766325,2026414.7805188901,1,False,nearest
S3-0261,2000,351.191,367395.3198610714,2026396.3349793355,1,False,nearest
S3-0262,2000,351.127,367441.7931455104,2026377.889439781,1,False,nearest
S3-0263,2000,351.062,367488.2660622289,2026359.4429702903,1,False,nearest
S3-0264,2000,350.998,367534.7393466679,2026340.9974307357,1,False,nearest
S3-0265,2000,350.934,367581.2126311068,2026322.5518911814,1,False,nearest
S3-0266,2000,350.87,367627.6859155458,2026304.1063516268,1,False,nearest
S3-0267,2000,350.805,367674.15883226425,2026285.659882136,1,False,nearest
S3-0268,2000,350.741,367720.63211670326,2026267.2143425816,1,False,nearest
S3-0269,2000,350.677,367767.10540114215,2026248.7688030272,1,False,nearest
S3-0270,2000,350.613,367813.57868558116,2026230.3232634724,1,False,nearest
S3-0271,2000,350.549,367860.0519700201,2026211.877723918,1,False,nearest
S3-0272,2000,350.484,367906.5248867386,2026193.4312544274,1,False,nearest
S3-0273,2000,350.42,367952.99817117763,2026174.9857148728,1,False,nearest
S3-0274,2000,350.356,367999.4714556165,2026156.5401753185,1,False,nearest
S3-0275,2000,350.292,368045.94474005554,2026138.094635764,1,False,nearest
S3-0276,2000,350.227,368092.417656774,2026119.648166273,1,False,nearest
S3-0277,2000,350.163,368138.890941213,2026101.2026267187,1,False,nearest
S3-0278,2000,350.099,368185.3642256519,2026082.7570871643,1,False,nearest
S3-0279,2000,350.035,368231.8375100909,2026064.3115476097,1,False,nearest
S3-0280,2000,349.97,368278.31042680936,2026045.8650781189,1,False,nearest
S3-0281,2000,349.906,368324.7837112482,2026027.419538564,1,False,nearest
S3-0282,2000,349.842,368371.2569956091,2026008.973998982,1,False,nearest
S1-0001,2010,371.97,348194.3494074193,2034079.0049227313,1,False,nearest
S1-0002,2010,371.523,348238.29770047264,2034055.1564983253,1,False,nearest
S1-0003,2010,371.076,348282.24599352584,2034031.3080739188,1,False,nearest
S1-0004,2010,370.629,348326.19428657927,2034007.459649512,1,False,nearest
S1-0005,2010,370.182,348370.1425796327,2033983.611225105,1,False,nearest
S1-0006,2010,369.734,348414.09040361305,2033959.7619175387,1,False,nearest
S1-0007,2010,369.287,348458.0386966664,2033935.9134931318,1,False,nearest
S1-0008,2010,368.84,348501.98698971985,2033912.065068725,1,False,nearest
S1-0009,2010,368.393,348545.9352827733,2033888.2166443178,1,False,nearest
S1-0010,2010,367.946,348589.88357582665,2033864.368219911,1,False,nearest
S1-0011,2010,367.498,348633.831399807,2033840.518912345,1,False,nearest
S1-0012,2010,367.051,348677.77969286044,2033816.670487938,1,False,nearest
S1-0013,2010,366.604,348721.7279859138,2033792.822063531,1,False,nearest
S1-0014,2010,366.157,348765.67627896724,2033768.9736391238,1,False,nearest
S1-0015,2010,365.71,348809.6245720206,2033745.1252147171,1,False,nearest
S1-0016,2010,365.263,348853.572865074,2033721.2767903102,1,False,nearest
S1-0017,2010,364.815,348897.52068905433,2033697.427482744,1,False,nearest
S1-0018,2010,364.368,348941.46898210776,2033673.5790583368,1,False,nearest
S1-0019,2010,363.921,348985.41727516113,2033649.73063393,1,False,nearest
S1-0020,2010,363.474,349029.36556821456,2033625.882209523,1,False,nearest
S1-0021,2010,363.027,349073.313861268,2033602.0337851162,1,False,nearest
S1-0022,2010,362.579,349117.26168524835,2033578.18447755,1,False,nearest
S1-0023,2010,362.224,349161.2531330217,2033554.4173038055,1,False,nearest
S1-0024,2010,362.071,349205.3393335499,2033530.8285282545,1,False,nearest
S1-0025,2010,361.919,349249.42600315105,2033507.240635863,1,False,nearest
S1-0026,2010,361.766,349293.5122036792,2033483.6518603119,1,False,nearest
S1-0027,2010,361.614,349337.5988732804,2033460.0639679206,1,False,nearest
S1-0028,2010,361.461,349381.68507380853,2033436.4751923697,1,False,nearest
S1-0029,2010,361.309,349425.77174340974,2033412.887299978,1,False,nearest
S1-0030,2010,361.156,349469.8579439379,2033389.298524427,1,False,nearest
S1-0031,2010,361.004,349513.94461353903,2033365.7106320355,1,False,nearest
S1-0032,2010,360.852,349558.03128314024,2033342.122739644,1,False,nearest
S1-0033,2010,360.699,349602.1174836684,2033318.5339640928,1,False,nearest
S1-0034,2010,360.547,349646.2041532696,2033294.9460717014,1,False,nearest
S1-0035,2010,360.394,349690.2903537977,2033271.3572961506,1,False,nearest
S1-0036,2010,360.242,349734.37702339893,2033247.769403759,1,False,nearest
S1-0037,2010,360.089,349778.4632239271,2033224.180628208,1,False,nearest
S1-0038,2010,359.937,349822.5498935282,2033200.5927358163,1,False,nearest
S1-0039,2010,359.887,349866.1702052923,2033177.2531024716,1,False,nearest
S1-0040,2010,360.283,349909.54892843345,2033154.0440680098,1,False,nearest
S1-0041,2010,361.151,349952.9380877877,2033130.8289932136,1,False,nearest
S1-0042,2010,358.38,349994.29116026254,2033104.0423724286,1,False,nearest
S1-0043,2010,348.317,350032.23009592545,2033070.3778508885,1,False,nearest
S1-0044,2010,338.224,350070.38301645266,2033036.5219311072,1,False,nearest
S1-0045,2010,328.132,350108.5364395873,2033002.6668758406,1,False,nearest
S1-0046,2010,318.832,350147.08792782086,2032969.4965162557,1,False,nearest
S1-0047,2010,319.43,350190.6142245766,2032944.883123667,1,False,nearest
S1-0048,2010,320.027,350234.14001872495,2032920.2688665637,1,False,nearest
S1-0049,2010,320.625,350277.6663154807,2032895.6554739748,1,False,nearest
S1-0050,2010,321.222,350321.19210962905,2032871.0412168712,1,False,nearest
S1-0051,2010,321.82,350364.7184063848,2032846.4278242823,1,False,nearest
S1-0052,2010,322.417,350408.24420053314,2032821.813567179,1,False,nearest
S1-0053,2010,323.014,350451.7699946814,2032797.1993100753,1,False,nearest
S1-0054,2010,323.612,350495.2962914372,2032772.5859174866,1,False,nearest
S1-0055,2010,323.6,350538.5159976495,2032747.4451709003,1,False,nearest
S1-0056,2010,323.469,350581.6758935756,2032722.2015470588,1,False,nearest
S1-0057,2010,323.337,350624.8352868942,2032696.9570587024,1,False,nearest
S1-0058,2010,323.206,350667.9951828202,2032671.7134348608,1,False,nearest
S1-0059,2010,323.075,350711.15507874626,2032646.4698110193,1,False,nearest
S1-0060,2010,322.944,350754.3149746722,2032621.2261871775,1,False,nearest
S1-0061,2010,325.191,350798.6700711101,2032598.0383794117,1,False,nearest
S1-0062,2010,329.075,350843.84793594055,2032576.2657822915,1,False,nearest
S1-0063,2010,332.96,350889.0263033785,2032554.4940496862,1,False,nearest
S1-0064,2010,336.845,350934.2046708165,2032532.7223170807,1,False,nearest
S1-0065,2010,340.729,350979.3862566352,2032510.9475567741,1,False,nearest
S1-0066,2010,343.35,351025.06833605375,2032487.6929767986,1,False,nearest
S1-0067,2010,332.551,351064.9453088595,2032453.1819087022,1,False,nearest
S1-0068,2010,320.886,351105.08822995855,2032418.4402997524,1,False,nearest
S1-0069,2010,323.976,351152.57867010334,2032397.4000853722,1,False,nearest
S1-0070,2010,341.851,351205.646906659,2032390.7239358372,1,False,nearest
S1-0071,2010,359.558,351258.2750043333,2032384.1041787276,1,False,nearest
S1-0072,2010,366.839,351306.22332847613,2032368.1677056896,1,False,nearest
S1-0073,2010,370.494,351352.5441004585,2032348.9910243303,1,False,nearest
S1-0074,2010,374.149,351398.8648724409,2032329.814342971,1,False,nearest
S1-0075,2010,370.693,351441.9938288102,2032304.2832431416,1,False,nearest
S1-0076,2010,366.038,351484.58460673486,2032277.6807120445,1,False,nearest
S1-0077,2010,364.421,351528.53900944255,2032253.7929500812,1,False,nearest
S1-0078,2010,363.208,351572.6747500083,2032230.2662041583,1,False,nearest
S1-0079,2010,374.746,351622.5338545005,2032218.1338036032,1,False,nearest
S1-0080,2010,385.493,351672.03791383037,2032205.2945622369,1,False,nearest
S1-0081,2010,387.474,351717.6073007282,2032184.6219876814,1,False,nearest
S1-0082,2010,389.999,351763.42086533573,2032164.4355337345,1,False,nearest
S1-0083,2010,402.055,351813.5124772795,2032152.7660200824,1,False,nearest
S1-0084,2010,414.112,351863.60453807935,2032141.0974000345,1,False,nearest
S1-0085,2010,482.14,351938.8195227548,2032179.4446928238,1,False,nearest
S1-0086,2010,509.26,351995.67270274746,2032181.2364307304,1,False,nearest
S1-0087,2010,536.38,352052.5258827401,2032183.0281686368,1,False,nearest
S1-0088,2010,564.524,352109.8386913627,2032185.7349571008,1,False,nearest
S1-0089,2010,601.777,352171.2401300541,2032196.5815849463,1,False,nearest
S1-0090,2010,639.029,352232.6411198895,2032207.427319188,1,False,nearest
S1-0091,2010,666.729,352289.6175985022,2032209.8120447535,1,False,nearest
S1-0092,2010,667.949,352334.4198409025,2032188.776396971,1,False,nearest
S1-0093,2010,658.466,352374.51556150435,2032158.2565261202,1,False,nearest
S1-0094,2010,678.93,352427.93789964204,2032154.6835363351,1,False,nearest
S1-0095,2010,678.617,352472.3319482503,2032132.5196094792,1,False,nearest
S1-0096,2010,668.608,352512.8099479812,2032101.508133881,1,False,nearest
S1-0097,2010,655.687,352552.00515554246,2032067.8824302417,1,False,nearest
S1-0098,2010,642.767,352591.2008036229,2032034.2576243458,1,False,nearest
S1-0099,2010,629.846,352630.39601118414,2032000.6319207067,1,False,nearest
S1-0100,2010,318.056,352537.9336593537,2031698.6986207976,2,True,nearest
S1-0101,2010,320.963,352584.1014062216,2031679.2823956716,2,True,nearest
S1-0102,2010,305.898,352622.3521404272,2031643.7319307278,2,True,nearest
S1-0103,2010,299.995,352664.6389123587,2031616.4065884864,2,True,nearest
S1-0104,2010,283.294,352702.16895700747,2031579.3874157558,2,True,nearest
S1-0105,2010,255.675,352744.16572633554,2031528.9245679853,2,True,nearest
S1-0106,2010,213.958,352796.4073631166,2031465.9271304219,2,True,nearest
S1-0107,2010,184.963,352830.9207808116,2031424.3084387085,2,True,nearest
S1-0108,2010,165.859,352853.89334860793,2031395.8272449477,2,True,nearest
S1-0109,2010,163.657,352854.9682590475,2031393.7931171858,2,True,nearest
S1-0110,2010,162.419,352857.320575415,2031389.339195732,2,True,nearest
S1-0111,2010,150.0,352875.18440563173,2031355.526258479,2,True,nearest
S1-0112,2010,380.775,353076.8794162066,2031483.6577013915,1,False,nearest
S1-0113,2010,358.457,353109.8743605511,2031431.2242752141,1,False,nearest
S1-0114,2010,323.827,353142.954931034,2031371.241800833,1,False,nearest
S1-0115,2010,289.429,353168.3019951894,2031318.147055349,1,False,nearest
S1-0116,2010,243.907,353185.36785803025,2031255.0723040411,1,False,nearest
S2-0001,2010,208.676,352520.2061791613,2031701.5490090966,2,True,nearest
S2-0002,2010,212.286,352571.8963959102,2031692.4102206267,2,True,nearest
S2-0003,2010,191.915,352610.18095907674,2031653.1667898986,2,True,nearest
S2-0004,2010,191.761,352651.03182659915,2031625.574411831,2,True,nearest
S2-0005,2010,194.807,352689.12786431715,2031593.6473521395,2,True,nearest
S2-0006,2010,192.798,352721.87125130545,2031555.8079523097,2,True,nearest
S3-0001,2010,391.152,355183.3852980432,2030780.5127587283,1,False,nearest
S3-0002,2010,356.45,355241.6674433349,2030755.1823547205,1,False,nearest
S3-0003,2010,354.126,355287.76582334057,2030752.75165086,1,False,nearest
S3-0004,2010,366.687,355337.08111114596,2030753.9700126452,1,False,nearest
S3-0005,2010,381.692,355389.2216006098,2030752.9139448777,1,False,nearest
S3-0006,2010,372.974,355433.6814731336,2030728.424783051,1,False,nearest
S3-0007,2010,382.627,355483.8244741174,2030722.4269733375,1,False,nearest
S3-0008,2010,388.71,355532.7295044409,2030718.122684537,1,False,nearest
S3-0009,2010,391.969,355582.0515466246,2030714.6802965223,1,False,nearest
S3-0010,2010,379.417,355630.1578648985,2030695.9619483256,1,False,nearest
S3-0011,2010,375.785,355679.2654528958,2030685.997688217,1,False,nearest
S3-0012,2010,379.685,355729.259810244,2030684.4656964266,1,False,nearest
S3-0013,2010,378.079,355778.6807586475,2030680.0210557526,1,False,nearest
S3-0014,2010,348.7,355829.78293601656,2030651.3836379119,1,False,nearest
S3-0015,2010,314.451,355882.7946140879,2030620.8916921157,1,False,nearest
S3-0016,2010,322.603,355927.9654222358,2030630.664700063,1,False,nearest
S3-0017,2010,351.477,355976.17178565124,2030657.009552108,1,False,nearest
S3-0018,2010,374.96,356028.0794411626,2030673.288786082,1,False,nearest
S3-0019,2010,362.865,356073.6847743679,2030650.196424598,1,False,nearest
S3-0020,2010,367.107,356122.9725439095,2030640.9490659793,1,False,nearest
S3-0021,2010,375.627,356173.4328513599,2030635.8160578932,1,False,nearest
S3-0022,2010,371.711,356220.5742425246,2030618.6981054733,1,False,nearest
S3-0023,2010,360.087,356265.65852475323,2030594.1517234195,1,False,nearest
S3-0024,2010,359.298,356313.63444882457,2030580.0473542202,1,False,nearest
S3-0025,2010,361.874,356362.5084231772,2030569.1859359443,1,False,nearest
S3-0026,2010,358.817,356409.8790640277,2030552.8958274599,1,False,nearest
S3-0027,2010,352.42,356456.35832658963,2030533.386861298,1,False,nearest
S3-0028,2010,346.022,356502.8373222716,2030513.8769314068,1,False,nearest
S3-0029,2010,339.625,356549.31658483384,2030494.367965245,1,False,nearest
S3-0030,2010,333.228,356595.795847396,2030474.858999083,1,False,nearest
S3-0031,2010,326.83,356642.27484307747,2030455.3490691916,1,False,nearest
S3-0032,2010,346.87,356695.80960498354,2030461.3182289032,1,False,nearest
S3-0033,2010,341.825,356742.6496889369,2030443.1122254895,1,False,nearest
S3-0034,2010,329.544,356787.55863118486,2030417.9326729288,1,False,nearest
S3-0035,2010,330.771,356836.0725847855,2030405.7711830942,1,False,nearest
S3-0036,2010,320.136,356881.4208110641,2030382.1779298554,1,False,nearest
S3-0037,2010,307.053,356924.9439778247,2030356.227627476,1,False,nearest
S3-0038,2010,310.88,356972.4385950606,2030345.6076109374,1,False,nearest
S3-0039,2010,318.626,357021.0409928787,2030337.5716343066,1,False,nearest
S3-0040,2010,319.16,357067.09915205766,2030321.5983505738,1,False,nearest
S3-0041,2010,320.527,357114.0575749147,2030305.3135442769,1,False,nearest
S3-0042,2010,321.944,357161.3163107813,2030288.9239203248,1,False,nearest
S3-0043,2010,323.361,357208.57504664786,2030272.5342963727,1,False,nearest
S3-0044,2010,324.778,357255.8337825144,2030256.1446724203,1,False,nearest
S3-0045,2010,326.195,357303.09251838096,2030239.7550484682,1,False,nearest
S3-0046,2010,327.612,357350.35125424754,2030223.365424516,1,False,nearest
S3-0047,2010,328.932,357397.5756235789,2030206.8850925637,1,False,nearest
S3-0048,2010,329.247,357444.4439272622,2030189.464950921,1,False,nearest
S3-0049,2010,329.561,357491.31187665137,2030172.0438741446,1,False,nearest
S3-0050,2010,329.876,357538.18018033466,2030154.6237325019,1,False,nearest
S3-0051,2010,330.191,357585.04848401796,2030137.2035908592,1,False,nearest
S3-0052,2010,330.505,357631.9164334071,2030119.7825140825,1,False,nearest
S3-0053,2010,334.173,357679.97268546646,2030105.4978768104,1,False,nearest
S3-0054,2010,338.29,357728.18801561143,2030091.633114713,1,False,nearest
S3-0055,2010,342.408,357776.40370005055,2030077.7692877497,1,False,nearest
S3-0056,2010,343.628,357823.5926399642,2030061.1954423953,1,False,nearest
S3-0057,2010,342.849,357870.0733458177,2030042.7522641346,1,False,nearest
S3-0058,2010,342.069,357916.5536973769,2030024.3081507396,1,False,nearest
S3-0059,2010,340.044,357962.59295268566,2030004.6997954894,1,False,nearest
S3-0060,2010,332.393,358006.63894895354,2029979.8303762407,1,False,nearest
S3-0061,2010,324.743,358050.6852995156,2029954.9618921261,1,False,nearest
S3-0062,2010,328.722,358098.8517370641,2029940.968081534,1,False,nearest
S3-0063,2010,339.892,358149.5659040407,2029933.698819682,1,False,nearest
S3-0064,2010,346.944,358198.82108759566,2029922.5786759346,1,False,nearest
S3-0065,2010,334.85,358241.29295483435,2029893.5544562335,1,False,nearest
S3-0066,2010,325.09,358284.5917446826,2029866.712839336,1,False,nearest
S3-0067,2010,333.87,358334.4591485757,2029857.2086071754,1,False,nearest
S3-0068,2010,329.573,358379.69344751386,2029835.475627431,1,False,nearest
S3-0069,2010,323.639,358424.34776688396,2029812.2118332952,1,False,nearest
S3-0070,2010,332.004,358474.0681386936,2029802.3195205163,1,False,nearest
S3-0071,2010,328.975,358519.7516826484,2029781.7722907097,1,False,nearest
S3-0072,2010,326.261,358565.54682926903,2029761.5196281192,1,False,nearest
S3-0073,2010,324.455,358611.6636750025,2029742.1160672198,1,False,nearest
S3-0074,2010,322.775,358657.82516180235,2029722.8303332063,1,False,nearest
S3-0075,2010,323.213,358704.73704366945,2029705.525213048,1,False,nearest
S3-0076,2010,323.651,358751.64892553654,2029688.2200928903,1,False,nearest
S3-0077,2010,325.906,358799.2045599236,2029672.614111247,1,False,nearest
S3-0078,2010,331.342,358847.88720408827,2029659.9827909225,1,False,nearest
S3-0079,2010,335.751,358896.2059881329,2029646.391087959,1,False,nearest
S3-0080,2010,338.266,358943.85373900604,2029631.0282411615,1,False,nearest
S3-0081,2010,320.523,358984.32419843785,2029596.7214493793,1,False,nearest
S3-0082,2010,325.361,359032.79497468454,2029583.5309189106,1,False,nearest
S3-0083,2010,312.964,359075.15949078754,2029554.2233536013,1,False,nearest
S3-0084,2010,313.551,359122.12416248705,2029537.0575684123,1,False,nearest
S3-0085,2010,316.208,359169.8222231333,2029521.8275106454,1,False,nearest
S3-0086,2010,311.487,359214.9063013403,2029499.6980340763,1,False,nearest
S3-0087,2010,313.272,359262.2954174641,2029483.6525394435,1,False,nearest
S3-0088,2010,315.2,359309.73519765516,2029467.7407689758,1,False,nearest
S3-0089,2010,325.992,359360.3154414328,2029460.1180264642,1,False,nearest
S3-0090,2010,336.076,359410.644844933,2029451.8332090664,1,False,nearest
S3-0091,2010,348.9,359461.94501447864,2029446.1106588843,1,False,nearest
S3-0092,2010,346.317,359507.7865736365,2029425.9804988508,1,False,nearest
S3-0093,2010,342.083,359553.0431931078,2029404.3064325496,1,False,nearest
S3-0094,2010,341.584,359599.6231013309,2029386.1250918142,1,False,nearest
S3-0095,2010,343.555,359647.0781161716,2029370.2535321093,1,False,nearest
S3-0096,2010,348.352,359695.534366357,2029357.024661146,1,False,nearest
S3-0097,2010,339.52,359739.16194120166,2029331.0508486193,1,False,nearest
S3-0098,2010,339.696,359785.9809979943,2029313.5007233478,1,False,nearest
S3-0099,2010,341.876,359833.51006031805,2029297.8246066528,1,False,nearest
S3-0100,2010,340.88,359879.9138843351,2029279.1785043098,1,False,nearest
S3-0101,2010,340.099,359926.3938816002,2029260.733455781,1,False,nearest
S3-0102,2010,341.143,359973.52046573866,2029243.995026839,1,False,nearest
S3-0103,2010,350.265,360023.5090382404,2029234.8106105137,1,False,nearest
S3-0104,2010,348.359,360069.5904545562,2029215.3135362118,1,False,nearest
S3-0105,2010,333.836,360111.20174123853,2029184.0178759752,1,False,nearest
S3-0106,2010,332.533,360157.49679694313,2029165.0846874877,1,False,nearest
S3-0107,2010,333.259,360204.5107155333,2029148.0488859275,1,False,nearest
S3-0108,2010,329.91,360250.0808853514,2029127.2024132342,1,False,nearest
S3-0109,2010,340.018,360300.41879191186,2029118.9400390529,1,False,nearest
S3-0110,2010,345.528,360349.1276538456,2029106.377918646,1,False,nearest
S3-0111,2010,349.017,360397.12048724724,2029091.925892384,1,False,nearest
S3-0112,2010,342.749,360441.65647236217,2029068.3497634854,1,False,nearest
S3-0113,2010,340.993,360487.7910328046,2029048.9929592866,1,False,nearest
S3-0114,2010,342.527,360535.0912210899,2029032.7127460146,1,False,nearest
S3-0115,2010,348.674,360584.0257684145,2029020.7463059789,1,False,nearest
S3-0116,2010,341.59,360628.27264948084,2028996.4071077197,1,False,nearest
S3-0117,2010,333.219,360672.06355394115,2028970.864391976,1,False,nearest
S3-0118,2010,329.211,360717.4002438965,2028949.4016659635,1,False,nearest
S3-0119,2010,332.562,360765.34418470174,2028934.820591207,1,False,nearest
S3-0120,2010,338.138,360814.0764300512,2028922.320189645,1,False,nearest
S3-0121,2010,339.497,360861.31461685547,2028905.8763279198,1,False,nearest
S3-0122,2010,353.689,360913.1063430899,2028901.432304732,1,False,nearest
S3-0123,2010,358.865,360961.741172062,2028888.6068932563,1,False,nearest
S3-0124,2010,351.808,361006.10160763987,2028864.416044814,1,False,nearest
S3-0125,2010,349.627,361052.21891088627,2028844.8704558655,1,False,nearest
S3-0126,2010,345.588,361097.7204486729,2028823.666067037,1,False,nearest
S3-0127,2010,320.206,361135.7831391892,2028782.4894392565,1,False,nearest
S3-0128,2010,337.964,361188.8380184767,2028781.7639409557,1,False,nearest
S3-0129,2010,331.612,361233.5138974817,2028758.4312656026,1,False,nearest
S3-0130,2010,331.211,361280.2579403474,2028740.6786529056,1,False,nearest
S3-0131,2010,342.966,361331.2265841021,2028734.3243332095,1,False,nearest
S3-0132,2010,342.826,361378.06133286055,2028716.8164518776,1,False,nearest
S3-0133,2010,331.372,361420.9641028055,2028688.699794056,1,False,nearest
S3-0134,2010,335.519,361469.2887219169,2028675.2116957195,1,False,nearest
S3-0135,2010,337.628,361516.90507049434,2028659.8126298662,1,False,nearest
S3-0136,2010,335.218,361562.95092125854,2028640.1762420263,1,False,nearest
S3-0137,2010,339.915,361611.46668305586,2028627.203861126,1,False,nearest
S3-0138,2010,339.281,361658.1297509292,2028609.2327717696,1,False,nearest
S3-0139,2010,339.201,361704.985351617,2028591.7811505217,1,False,nearest
S3-0140,2010,345.694,361754.1252811666,2028580.4928214664,1,False,nearest
S3-0141,2010,338.201,361798.4046259816,2028556.090266851,1,False,nearest
S3-0142,2010,330.709,361842.68431832874,2028531.6886499038,1,False,nearest
S3-0143,2010,327.224,361888.3565720252,2028511.0442688935,1,False,nearest
S3-0144,2010,331.09,361936.58353460085,2028497.292685831,1,False,nearest
S3-0145,2010,334.957,361984.8108447085,2028483.5420404363,1,False,nearest
S3-0146,2010,338.502,362032.92624946206,2028469.4894659247,1,False,nearest
S3-0147,2010,333.737,362078.1536619988,2028447.644869791,1,False,nearest
S3-0148,2010,328.972,362123.3810745356,2028425.8002736578,1,False,nearest
S3-0149,2010,324.553,362168.72873319825,2028404.2801106747,1,False,nearest
S3-0150,2010,326.173,362216.1751385514,2028388.4225251377,1,False,nearest
S3-0151,2010,327.794,362263.62189143663,2028372.5658772686,1,False,nearest
S3-0152,2010,329.415,362311.06864432193,2028356.7092293995,1,False,nearest
S3-0153,2010,332.619,362359.0655406102,2028342.3369100776,1,False,nearest
S3-0154,2010,336.742,362407.3818189499,2028328.8263077077,1,False,nearest
S3-0155,2010,340.865,362455.6980972896,2028315.3157053378,1,False,nearest
S3-0156,2010,334.527,362500.37884174485,2028291.9961573377,1,False,nearest
S3-0157,2010,328.832,362545.28304937645,2028269.2795299038,1,False,nearest
S3-0158,2010,329.255,362592.31345873873,2028252.2995556924,1,False,nearest
S3-0159,2010,329.716,362639.24678785057,2028235.3545768564,1,False,nearest
S3-0160,2010,327.333,362685.07126945566,2028215.6087450525,1,False,nearest
S3-0161,2010,321.084,362729.43946680584,2028192.090975937,1,False,nearest
S3-0162,2010,330.471,362779.327664426,2028183.0128532827,1,False,nearest
S3-0163,2010,337.364,362828.40261734405,2028171.4271941003,1,False,nearest
S3-0164,2010,337.902,362875.22836335097,2028153.8875545687,1,False,nearest
S3-0165,2010,333.702,362920.3445066949,2028131.9291026706,1,False,nearest
S3-0166,2010,325.055,362963.85604829906,2028105.823234437,1,False,nearest
S3-0167,2010,327.514,363011.3749447315,2028090.0751817685,1,False,nearest
S3-0168,2010,331.252,363059.35534006765,2028075.5199659548,1,False,nearest
S3-0169,2010,334.99,363107.3357354038,2028060.9647501407,1,False,nearest
S3-0170,2010,343.494,363157.03583658463,2028050.8544604017,1,False,nearest
S3-0171,2010,361.505,363210.166328757,2028049.610707001,1,False,nearest
S3-0172,2010,356.717,363255.0703052867,2028027.1038672444,1,False,nearest
S3-0173,2010,351.323,363299.7556200996,2028004.0318522465,1,False,nearest
S3-0174,2010,351.612,363346.4915199556,2027986.2599872444,1,False,nearest
S3-0175,2010,346.058,363391.11910230207,2027963.0387510608,1,False,nearest
S3-0176,2010,345.258,363437.46206055826,2027944.2512493622,1,False,nearest
S3-0177,2010,346.243,363484.44909664337,2027927.128496519,1,False,nearest
S3-0178,2010,344.436,363530.42870118876,2027907.401833982,1,False,nearest
S3-0179,2010,339.605,363575.31716211804,2027884.854891032,1,False,nearest
S3-0180,2010,340.003,363622.0923922169,2027867.1846829627,1,False,nearest
S3-0181,2010,342.834,363669.74551663385,2027851.7835695515,1,False,nearest
S3-0182,2010,345.664,363717.39828022284,2027836.3815235079,1,False,nearest
S3-0183,2010,339.367,363761.7577674282,2027812.467341442,1,False,nearest
S3-0184,2010,332.08,363805.7600349973,2027787.6298532886,1,False,nearest
S3-0185,2010,321.339,363848.5160029467,2027759.5710527848,1,False,nearest
S3-0186,2010,331.277,363898.7335313582,2027750.798157924,1,False,nearest
S3-0187,2010,341.216,363948.9514205976,2027742.0261956956,1,False,nearest
S3-0188,2010,334.806,363993.27013424854,2027718.006626167,1,False,nearest
S3-0189,2010,329.749,364038.0770480689,2027695.248908292,1,False,nearest
S3-0190,2010,329.728,364084.7010912712,2027677.1879272424,1,False,nearest
S3-0191,2010,333.129,364132.5598875999,2027662.3184143058,1,False,nearest
S3-0192,2010,339.166,364181.3698263135,2027649.9073204068,1,False,nearest
S3-0193,2010,346.111,364230.50739677425,2027638.3430567374,1,False,nearest
S3-0194,2010,339.866,364274.8856470312,2027614.4773715572,1,False,nearest
S3-0195,2010,348.82,364324.748120774,2027604.7867664031,1,False,nearest
S3-0196,2010,354.239,364373.33506783587,2027591.7993056737,1,False,nearest
S3-0197,2010,348.656,364417.9521861728,2027568.5510231496,1,False,nearest
S3-0198,2010,343.073,364462.5693045097,2027545.3027406258,1,False,nearest
S3-0199,2010,337.49,364507.1864228467,2027522.0544581022,1,False,nearest
S3-0200,2010,337.506,364553.8238166818,2027504.0279844517,1,False,nearest
S3-0201,2010,346.006,364603.5199112159,2027493.914956065,1,False,nearest
S3-0202,2010,349.397,364651.31933308725,2027479.0075932161,1,False,nearest
S3-0203,2010,346.107,364696.66081337974,2027457.788561087,1,False,nearest
S3-0204,2010,341.923,364741.6300595533,2027435.6558973286,1,False,nearest
S3-0205,2010,335.12,364785.5915748068,2027411.0059595245,1,False,nearest
S3-0206,2010,339.539,364833.7101619192,2027396.7306602101,1,False,nearest
S3-0207,2010,346.747,364882.85750963446,2027385.0476179456,1,False,nearest
S3-0208,2010,349.486,364930.3615145579,2027369.208690039,1,False,nearest
S3-0209,2010,349.646,364976.91716838273,2027350.9714562318,1,False,nearest
S3-0210,2010,349.807,365023.473189928,2027332.7351523608,1,False,nearest
S3-0211,2010,349.967,365070.0288437528,2027314.4979185532,1,False,nearest
S3-0212,2010,350.128,365116.58486529806,2027296.2616146824,1,False,nearest
S3-0213,2010,350.288,365163.1405191229,2027278.024380875,1,False,nearest
S3-0214,2010,350.449,365209.69654066814,2027259.788077004,1,False,nearest
S3-0215,2010,350.61,365256.25256221346,2027241.551773133,1,False,nearest
S3-0216,2010,350.77,365302.8082160383,2027223.3145393257,1,False,nearest
S3-0217,2010,350.931,365349.3642375836,2027205.0782354546,1,False,nearest
S3-0218,2010,351.091,365395.91989140835,2027186.8410016473,1,False,nearest
S3-0219,2010,351.252,365442.47591295367,2027168.6046977763,1,False,nearest
S3-0220,2010,351.412,365489.0315667785,2027150.367463969,1,False,nearest
S3-0221,2010,351.573,365535.58758832375,2027132.131160098,1,False,nearest
S3-0222,2010,351.733,365582.14324214857,2027113.8939262906,1,False,nearest
S3-0223,2010,351.894,365628.6992636938,2027095.6576224195,1,False,nearest
S3-0224,2010,352.054,365675.2549175187,2027077.4203886122,1,False,nearest
S3-0225,2010,352.215,365721.81093906396,2027059.1840847412,1,False,nearest
S3-0226,2010,352.375,365768.3665928888,2027040.9468509338,1,False,nearest
S3-0227,2010,352.536,365814.92261443404,2027022.710547063,1,False,nearest
S3-0228,2010,352.696,365861.47826825886,2027004.4733132555,1,False,nearest
S3-0229,2010,352.857,365908.0342898041,2026986.2370093844,1,False,nearest
S3-0230,2010,353.017,365954.58994362893,2026967.999775577,1,False,nearest
S3-0231,2010,352.344,366000.8392863001,2026948.9879047729,1,False,nearest
S3-0232,2010,351.486,366047.0206006839,2026929.8039957397,1,False,nearest
S3-0233,2010,350.628,366093.2019150676,2026910.6200867067,1,False,nearest
S3-0234,2010,349.769,366139.382861731,2026891.4352477374,1,False,nearest
S3-0235,2010,348.911,366185.5641761147,2026872.2513387045,1,False,nearest
S3-0236,2010,348.052,366231.74512277805,2026853.0664997348,1,False,nearest
S3-0237,2010,347.194,366277.9264371618,2026833.8825907018,1,False,nearest
S3-0238,2010,346.335,366324.1073838251,2026814.6977517325,1,False,nearest
S3-0239,2010,345.477,366370.28869820887,2026795.5138426996,1,False,nearest
S3-0240,2010,344.618,366416.4696448722,2026776.3290037303,1,False,nearest
S3-0241,2010,343.76,366462.65095925593,2026757.1450946971,1,False,nearest
S3-0242,2010,342.901,366508.83190591924,2026737.9602557276,1,False,nearest
S3-0243,2010,342.218,366555.0775713857,2026718.9390855597,1,False,nearest
S3-0244,2010,342.304,366601.60601389554,2026700.633036461,1,False,nearest
S3-0245,2010,342.391,366648.13482412585,2026682.3279172983,1,False,nearest
S3-0246,2010,342.477,366694.6632666357,2026664.0218681996,1,False,nearest
S3-0247,2010,342.563,366741.19170914555,2026645.7158191008,1,False,nearest
S3-0248,2010,342.649,366787.7201516554,2026627.409770002,1,False,nearest
S3-0249,2010,342.735,366834.24859416526,2026609.103720903,1,False,nearest
S3-0250,2010,342.822,366880.7774043955,2026590.7986017405,1,False,nearest
S3-0251,2010,342.908,366927.3058469054,2026572.4925526418,1,False,nearest
S3-0252,2010,342.994,366973.8342894152,2026554.186503543,1,False,nearest
S3-0253,2010,343.08,367020.3627319251,2026535.880454444,1,False,nearest
S3-0254,2010,343.167,367066.89154215535,2026517.5753352817,1,False,nearest
S3-0255,2010,343.253,367113.41998466523,2026499.269286183,1,False,nearest
S3-0256,2010,343.339,367159.9484271751,2026480.9632370842,1,False,nearest
S3-0257,2010,343.425,367206.4768696849,2026462.6571879855,1,False,nearest
S3-0258,2010,342.974,367252.807846301,2026443.8517630552,1,False,nearest
S3-0259,2010,342.362,367299.079619921,2026424.8966183695,1,False,nearest
S3-0260,2010,341.749,367345.3510258206,2026405.9405437475,1,False,nearest
S3-0261,2010,341.137,367391.6227994406,2026386.9853990618,1,False,nearest
S3-0262,2010,340.524,367437.8942053401,2026368.0293244394,1,False,nearest
S3-0263,2010,339.912,367484.1659789601,2026349.0741797537,1,False,nearest
S3-0264,2010,339.299,367530.43738485966,2026330.1181051317,1,False,nearest
S3-0265,2010,338.687,367576.70915847964,2026311.162960446,1,False,nearest
S3-0266,2010,338.074,367622.98056437925,2026292.2068858237,1,False,nearest
S3-0267,2010,337.461,367669.25197027874,2026273.2508112015,1,False,nearest
S3-0268,2010,336.849,367715.5237438988,2026254.2956665158,1,False,nearest
S3-0269,2010,336.236,367761.7951497983,2026235.3395918938,1,False,nearest
S3-0270,2010,335.624,367808.0669234183,2026216.384447208,1,False,nearest
S3-0271,2010,335.011,367854.33832931786,2026197.4283725857,1,False,nearest
S3-0272,2010,334.399,367900.61010293785,2026178.4732279,1,False,nearest
S3-0273,2010,333.786,367946.88150883745,2026159.517153278,1,False,nearest
S3-0274,2010,333.173,367993.15291473694,2026140.561078656,1,False,nearest
S3-0275,2010,332.561,368039.424688357,2026121.60593397,1,False,nearest
S3-0276,2010,331.948,368085.6960942565,2026102.6498593478,1,False,nearest
S3-0277,2010,331.336,368131.9678678765,2026083.6947146622,1,False,nearest
S3-0278,2010,330.723,368178.23927377607,2026064.7386400402,1,False,nearest
S3-0279,2010,330.111,368224.5110473961,2026045.7834953542,1,False,nearest
S3-0280,2010,329.498,368270.7824532956,2026026.827420732,1,False,nearest
S3-0281,2010,328.886,368317.05422691547,2026007.872276046,1,False,nearest
S3-0282,2010,328.273,368363.3256326835,2025988.9162014176,1,False,nearest
S1-0001,2020,382.951,348199.500298508,2034088.702895818,1,False,nearest
S1-0002,2020,381.929,348243.1788745615,2034064.346654772,1,False,nearest
S1-0003,2020,380.906,348286.8569815418,2034039.989530566,1,False,nearest
S1-0004,2020,379.883,348330.53508852224,2034015.6324063598,1,False,nearest
S1-0005,2020,378.861,348374.2136645758,2033991.2761653126,1,False,nearest
S1-0006,2020,377.838,348417.89177155617,2033966.9190411062,1,False,nearest
S1-0007,2020,376.815,348461.5698785366,2033942.5619168996,1,False,nearest
S1-0008,2020,375.793,348505.24845459015,2033918.205675853,1,False,nearest
S1-0009,2020,374.77,348548.92656157055,2033893.8485516463,1,False,nearest
S1-0010,2020,373.747,348592.604668551,2033869.49142744,1,False,nearest
S1-0011,2020,372.725,348636.28324460454,2033845.1351863933,1,False,nearest
S1-0012,2020,371.702,348679.96135158493,2033820.7780621867,1,False,nearest
S1-0013,2020,370.679,348723.6394585654,2033796.4209379803,1,False,nearest
S1-0014,2020,369.657,348767.3180346189,2033772.0646969331,1,False,nearest
S1-0015,2020,368.634,348810.99614159926,2033747.707572727,1,False,nearest
S1-0016,2020,367.612,348854.6747176528,2033723.3513316798,1,False,nearest
S1-0017,2020,366.589,348898.35282463324,2033698.9942074735,1,False,nearest
S1-0018,2020,365.566,348942.03093161364,2033674.637083267,1,False,nearest
S1-0019,2020,364.544,348985.70950766717,2033650.2808422202,1,False,nearest
S1-0020,2020,363.521,349029.3876146476,2033625.9237180138,1,False,nearest
S1-0021,2020,362.498,349073.065721628,2033601.5665938074,1,False,nearest
S1-0022,2020,361.476,349116.74429768155,2033577.2103527603,1,False,nearest
S1-0023,2020,360.453,349160.422404662,2033552.8532285541,1,False,nearest
S1-0024,2020,359.43,349204.1005116424,2033528.4961043475,1,False,nearest
S1-0025,2020,358.408,349247.77908769593,2033504.1398633006,1,False,nearest
S1-0026,2020,357.385,349291.4571946764,2033479.782739094,1,False,nearest
S1-0027,2020,356.363,349335.13577072986,2033455.4264980473,1,False,nearest
S1-0028,2020,355.34,349378.8138777103,2033431.069373841,1,False,nearest
S1-0029,2020,354.317,349422.4919846908,2033406.7122496343,1,False,nearest
S1-0030,2020,353.295,349466.17056074424,2033382.3560085874,1,False,nearest
S1-0031,2020,352.272,349509.8486677247,2033357.998884381,1,False,nearest
S1-0032,2020,351.249,349553.52677470515,2033333.6417601747,1,False,nearest
S1-0033,2020,350.227,349597.2053507586,2033309.2855191275,1,False,nearest
S1-0034,2020,349.204,349640.8834577391,2033284.9283949211,1,False,nearest
S1-0035,2020,348.181,349684.56156471954,2033260.571270715,1,False,nearest
S1-0036,2020,347.159,349728.240140773,2033236.2150296678,1,False,nearest
S1-0037,2020,346.136,349771.91824775346,2033211.8579054615,1,False,nearest
S1-0038,2020,345.114,349815.59682380693,2033187.5016644143,1,False,nearest
S1-0039,2020,344.205,349858.72725293663,2033163.4499294946,1,False,nearest
S1-0040,2020,343.746,349901.56083727104,2033139.564331528,1,False,nearest
S1-0041,2020,343.757,349944.3902265947,2033115.6802208202,1,False,nearest
S1-0042,2020,344.24,349987.2245346273,2033091.7948256484,1,False,nearest
S1-0043,2020,345.102,350030.61421297956,2033067.5984359672,1,False,nearest
S1-0044,2020,345.998,350074.29028675484,2033043.242668774,1,False,nearest
S1-0045,2020,346.894,350117.9663605302,2033018.8869015807,1,False,nearest
S1-0046,2020,347.791,350161.6429369129,2032994.531998902,1,False,nearest
S1-0047,2020,348.687,350205.3190106882,2032970.1762317088,1,False,nearest
S1-0048,2020,349.583,350248.99508446356,2032945.8204645156,1,False,nearest
S1-0049,2020,350.616,350292.7400154593,2032921.583135843,1,False,nearest
S1-0050,2020,352.517,350336.92120972,2032898.0962059735,1,False,nearest
S1-0051,2020,354.418,350381.1024039808,2032874.609276104,1,False,nearest
S1-0052,2020,356.319,350425.28359824157,2032851.1223462347,1,False,nearest
S1-0053,2020,358.22,350469.4647925022,2032827.635416365,1,False,nearest
S1-0054,2020,360.121,350513.645986763,2032804.1484864955,1,False,nearest
S1-0055,2020,362.021,350557.8266784163,2032780.6606921114,1,False,nearest
S1-0056,2020,363.922,350602.00787267706,2032757.1737622418,1,False,nearest
S1-0057,2020,365.823,350646.1890669378,2032733.6868323723,1,False,nearest
S1-0058,2020,368.596,350690.8085348934,2032710.9537593648,1,False,nearest
S1-0059,2020,372.175,350735.8331044522,2032688.917485246,1,False,nearest
S1-0060,2020,375.753,350780.8571714035,2032666.880346612,1,False,nearest
S1-0061,2020,379.332,350825.8817409623,2032644.8440724933,1,False,nearest
S1-0062,2020,382.91,350870.90580791363,2032622.8069338596,1,False,nearest
S1-0063,2020,386.488,350915.929874865,2032600.7697952262,1,False,nearest
S1-0064,2020,390.067,350960.95444442384,2032578.733521107,1,False,nearest
S1-0065,2020,393.645,351005.980323254,2032556.6953291425,1,False,nearest
S1-0066,2020,397.847,351051.90114943025,2032535.126331469,1,False,nearest
S1-0067,2020,401.658,351098.0477166207,2032513.8449786,1,False,nearest
S1-0068,2020,404.686,351144.0986350482,2032492.6065204646,1,False,nearest
S1-0069,2020,406.937,351190.07486285706,2032471.403889666,1,False,nearest
S1-0070,2020,408.108,351235.38676421426,2032449.9314600346,1,False,nearest
S1-0071,2020,409.143,351280.5315332567,2032428.4135360382,1,False,nearest
S1-0072,2020,410.179,351325.6767511552,2032406.8965056462,1,False,nearest
S1-0073,2020,411.214,351370.82152019755,2032385.3785816499,1,False,nearest
S1-0074,2020,412.249,351415.96628924,2032363.8606576535,1,False,nearest
S1-0075,2020,413.285,351461.11150713847,2032342.3436272612,1,False,nearest
S1-0076,2020,418.221,351508.0072637644,2032324.3116527027,1,False,nearest
S1-0077,2020,423.891,351555.23248075595,2032306.9355835242,1,False,nearest
S1-0078,2020,429.561,351602.45769774757,2032289.5595143456,1,False,nearest
S1-0079,2020,435.23,351649.6824658831,2032272.182551563,1,False,nearest
S1-0080,2020,440.9,351696.90768287465,2032254.8064823844,1,False,nearest
S1-0081,2020,446.569,351744.1324510101,2032237.4295196019,1,False,nearest
S1-0082,2020,452.239,351791.3576680017,2032220.0534504233,1,False,nearest
S1-0083,2020,457.909,351838.5828849933,2032202.6773812447,1,False,nearest
S1-0084,2020,463.578,351885.80765312875,2032185.3004184621,1,False,nearest
S1-0085,2020,469.248,351933.03287012037,2032167.9243492836,1,False,nearest
S1-0086,2020,474.917,351980.2576382559,2032150.547386501,1,False,nearest
S1-0087,2020,480.164,352027.2929891239,2032132.793322805,1,False,nearest
S1-0088,2020,484.311,352073.83459829964,2032114.056294643,1,False,nearest
S1-0089,2020,488.459,352120.3766563314,2032095.3201600853,1,False,nearest
S1-0090,2020,492.607,352166.91871436324,2032076.5840255276,1,False,nearest
S1-0091,2020,496.746,352213.4260284372,2032057.8611811823,1,False,nearest
S1-0092,2020,500.789,352259.8416546547,2032039.175060961,1,False,nearest
S1-0093,2020,507.295,352307.38595268206,2032022.8080604207,1,False,nearest
S1-0094,2020,517.424,352356.5559272435,2032009.8084106147,1,False,nearest
S1-0095,2020,527.445,352405.73776628985,2031996.8059826284,1,False,nearest
S1-0096,2020,537.461,352455.03716478345,2031983.7718135267,1,False,nearest
S1-0097,2020,547.477,352504.33656327706,2031970.7376444247,1,False,nearest
S1-0098,2020,556.494,352553.19588300085,2031956.8066299201,1,False,nearest
S1-0099,2020,553.78,352596.88747094513,2031932.3441905712,1,False,nearest
S1-0100,2020,551.066,352640.5790588894,2031907.881751222,1,False,nearest
S1-0101,2020,545.15,352682.8601040703,2031880.54473832,1,False,nearest
S1-0102,2020,264.872,352604.27939607564,2031606.9011204245,2,True,nearest
S1-0103,2020,257.993,352646.13622118114,2031578.6995808724,2,True,nearest
S1-0104,2020,251.115,352687.99348680594,2031550.498939064,2,True,nearest
S1-0105,2020,233.016,352735.272607989,2031508.0836772395,2,True,nearest
S1-0106,2020,198.394,352791.75522850896,2031451.074664647,2,True,nearest
S1-0107,2020,389.746,352895.60990406136,2031618.6056193938,1,False,nearest
S1-0108,2020,363.083,352928.95405413467,2031578.2092524534,1,False,nearest
S1-0109,2020,347.319,352952.95538838214,2031549.132271068,1,False,nearest
S1-0110,2020,340.058,352975.0550284179,2031522.3587916458,1,False,nearest
S1-0111,2020,334.296,353003.8514437319,2031487.4724934483,1,False,nearest
S1-0112,2020,324.142,353040.6713851875,2031440.1114595477,1,False,nearest
S1-0113,2020,298.869,353076.80947080284,2031381.6516738103,1,False,nearest
S1-0114,2020,260.237,353112.6156793142,2031315.3560432103,1,False,nearest
S1-0115,2020,223.656,353136.0300142544,2031260.835566313,1,False,nearest
S2-0001,2020,460.916,352566.1093003474,2031949.5770741727,1,False,nearest
S2-0002,2020,437.03,352647.25909329054,2031904.1419598146,1,False,nearest
S2-0003,2020,150.078,352590.0162021234,2031616.5100422795,2,True,nearest
S2-0004,2020,150.0,352624.8333469063,2031593.053329703,2,True,nearest
S2-0005,2020,157.463,352661.92527637666,2031568.0623263365,2,True,nearest
S2-0006,2020,168.72,352704.31092213246,2031539.3341876115,2,True,nearest
S3-0001,2020,398.893,355180.03999162884,2030787.4935900539,1,False,nearest
S3-0002,2020,157.532,355256.6304325594,2030556.8279252832,2,True,nearest
S3-0003,2020,150.0,355260.86841891805,2030550.4055278152,2,True,nearest
S3-0004,2020,427.26,355353.9178843138,2030812.1560195396,1,False,nearest
S3-0005,2020,438.647,355407.69723568106,2030806.7890127078,1,False,nearest
S3-0006,2020,445.503,355457.2763669808,2030797.00857724,1,False,nearest
S3-0007,2020,448.01,355500.9976405563,2030785.5143654493,1,False,nearest
S3-0008,2020,446.075,355542.02475285955,2030774.7295885491,1,False,nearest
S3-0009,2020,440.304,355587.96312434226,2030762.6524287856,1,False,nearest
S3-0010,2020,433.638,355637.0950385633,2030749.73733733,1,False,nearest
S3-0011,2020,427.191,355685.41526661767,2030737.0345046066,1,False,nearest
S3-0012,2020,428.972,355733.7985487908,2030733.5432699341,1,False,nearest
S3-0013,2020,442.133,355780.0566035867,2030744.060277849,1,False,nearest
S3-0014,2020,405.84,355826.9461122931,2030708.453174717,1,False,nearest
S3-0015,2020,374.866,355878.3115052367,2030681.1401274481,1,False,nearest
S3-0016,2020,360.679,355928.2761176154,2030668.7394324243,1,False,nearest
S3-0017,2020,354.064,355976.4231466638,2030659.5843116387,1,False,nearest
S3-0018,2020,351.848,356023.7954616139,2030650.5772898032,1,False,nearest
S3-0019,2020,353.893,356071.31683906936,2030641.542543017,1,False,nearest
S3-0020,2020,357.451,356120.39555326506,2030631.6432906103,1,False,nearest
S3-0021,2020,358.085,356168.75124718767,2030618.9103089783,1,False,nearest
S3-0022,2020,358.719,356217.1069411107,2030606.1773273463,1,False,nearest
S3-0023,2020,359.353,356265.46263503353,2030593.4443457145,1,False,nearest
S3-0024,2020,359.556,356313.70330379414,2030580.29599652,1,False,nearest
S3-0025,2020,355.601,356360.83428664936,2030563.140458636,1,False,nearest
S3-0026,2020,351.646,356407.965269505,2030545.984920752,1,False,nearest
S3-0027,2020,347.69,356455.0959854807,2030528.8284191382,1,False,nearest
S3-0028,2020,343.735,356502.2269683358,2030511.6728812547,1,False,nearest
S3-0029,2020,341.249,356549.7499975106,2030495.9330625108,1,False,nearest
S3-0030,2020,341.065,356597.8873838169,2030482.4117498668,1,False,nearest
S3-0031,2020,340.881,356646.02477012237,2030468.890437223,1,False,nearest
S3-0032,2020,340.697,356694.1621564284,2030455.369124579,1,False,nearest
S3-0033,2020,338.822,356741.84824911656,2030440.2181447693,1,False,nearest
S3-0034,2020,335.659,356789.19060071575,2030423.825880922,1,False,nearest
S3-0035,2020,332.495,356836.53268543497,2030407.4326533445,1,False,nearest
S3-0036,2020,329.331,356883.87477015436,2030391.0394257666,1,False,nearest
S3-0037,2020,326.532,356930.46141889005,2030374.908882388,1,False,nearest
S3-0038,2020,324.837,356976.69922179246,2030358.8983937907,1,False,nearest
S3-0039,2020,324.27,357022.88732796215,2030342.9050931055,1,False,nearest
S3-0040,2020,324.829,357069.0764843432,2030326.9113269555,1,False,nearest
S3-0041,2020,326.22,357116.0745716654,2030310.6372622547,1,False,nearest
S3-0042,2020,327.661,357163.3418105922,2030294.2700815191,1,False,nearest
S3-0043,2020,324.956,357209.14014586044,2030274.025835135,1,False,nearest
S3-0044,2020,322.033,357254.86124499806,2030253.5777295344,1,False,nearest
S3-0045,2020,319.109,357300.5819898415,2030233.1286888001,1,False,nearest
S3-0046,2020,316.186,357346.30308897904,2030212.6805831995,1,False,nearest
S3-0047,2020,313.263,357392.02418811666,2030192.2324775988,1,False,nearest
S3-0048,2020,310.339,357437.7449329601,2030171.7834368644,1,False,nearest
S3-0049,2020,307.416,357483.4660320977,2030151.335331264,1,False,nearest
S3-0050,2020,304.999,357529.3664040889,2030131.3604034777,1,False,nearest
S3-0051,2020,303.978,357575.76137075154,2030112.6909227837,1,False,nearest
S3-0052,2020,302.956,357622.1559831199,2030094.020506956,1,False,nearest
S3-0053,2020,301.935,357668.55094978254,2030075.3510262622,1,False,nearest
S3-0054,2020,300.913,357714.94556215097,2030056.6806104344,1,False,nearest
S3-0055,2020,299.892,357761.34052881354,2030038.0111297404,1,False,nearest
S3-0056,2020,299.126,357807.82584049134,2030019.5801082219,1,False,nearest
S3-0057,2020,300.941,357855.2255854404,2030003.56266761,1,False,nearest
S3-0058,2020,302.756,357902.6253303894,2029987.5452269977,1,False,nearest
S3-0059,2020,304.571,357950.0250753385,2029971.5277863855,1,False,nearest
S3-0060,2020,306.387,357997.42517458176,2029955.5112809073,1,False,nearest
S3-0061,2020,308.202,358044.82491953083,2029939.4938402954,1,False,nearest
S3-0062,2020,310.017,358092.2246644799,2029923.4763996832,1,False,nearest
S3-0063,2020,311.832,358139.62440942903,2029907.4589590712,1,False,nearest
S3-0064,2020,315.452,358187.6636553679,2029893.1294353656,1,False,nearest
S3-0065,2020,323.446,358237.2525840378,2029882.8901878654,1,False,nearest
S3-0066,2020,331.441,358286.84186700184,2029872.6518754992,1,False,nearest
S3-0067,2020,330.116,358333.1291282346,2029853.698114063,1,False,nearest
S3-0068,2020,328.048,358379.1531488937,2029834.04954805,1,False,nearest
S3-0069,2020,325.981,358425.1775238469,2029814.401917171,1,False,nearest
S3-0070,2020,323.914,358471.2018988002,2029794.7542862918,1,False,nearest
S3-0071,2020,321.846,358517.22591945925,2029775.1057202786,1,False,nearest
S3-0072,2020,319.779,358563.25029441254,2029755.4580893994,1,False,nearest
S3-0073,2020,317.712,358609.2746693658,2029735.8104585204,1,False,nearest
S3-0074,2020,317.417,358655.926853601,2029717.8198851254,1,False,nearest
S3-0075,2020,315.773,358702.10109499126,2029698.5678159369,1,False,nearest
S3-0076,2020,314.453,358748.3901276949,2029679.6187301711,1,False,nearest
S3-0077,2020,313.175,358794.69404075394,2029660.7089200339,1,False,nearest
S3-0078,2020,313.65,358841.6190315056,2029643.4383998346,1,False,nearest
S3-0079,2020,312.373,358887.9232988588,2029624.5295248313,1,False,nearest
S3-0080,2020,306.873,358932.73138190183,2029601.6715788606,1,False,nearest
S3-0081,2020,308.783,358980.16478479776,2029585.7429759805,1,False,nearest
S3-0082,2020,289.252,359020.0017662407,2029549.7641645698,1,False,nearest
S3-0083,2020,298.963,359070.1990180128,2029541.1305421824,1,False,nearest
S3-0084,2020,307.32,359119.916555469,2029531.2307483316,1,False,nearest
S3-0085,2020,306.628,359166.4280849159,2029512.8689267305,1,False,nearest
S3-0086,2020,301.197,359211.26061425713,2029490.0755050068,1,False,nearest
S3-0087,2020,301.338,359258.0672707536,2029472.4926500446,1,False,nearest
S3-0088,2020,309.678,359307.77878520876,2029462.5769589155,1,False,nearest
S3-0089,2020,315.745,359356.6849889992,2029450.5357081578,1,False,nearest
S3-0090,2020,315.697,359403.42468389624,2029432.7761128657,1,False,nearest
S3-0091,2020,324.784,359453.40085610177,2029423.5589668495,1,False,nearest
S3-0092,2020,336.649,359504.3612575315,2029416.9396231421,1,False,nearest
S3-0093,2020,319.963,359545.20620590856,2029383.6212680193,1,False,nearest
S3-0094,2020,323.608,359593.2543092019,2029369.3151226644,1,False,nearest
S3-0095,2020,326.583,359641.0650353965,2029354.382437516,1,False,nearest
S3-0096,2020,327.216,359688.0460046282,2029337.259668492,1,False,nearest
S3-0097,2020,326.659,359734.60536378896,2029319.0240899834,1,False,nearest
S3-0098,2020,326.102,359781.16472294973,2029300.788511475,1,False,nearest
S3-0099,2020,325.545,359827.7240821105,2029282.5529329667,1,False,nearest
S3-0100,2020,323.53,359873.766880361,2029262.9539290566,1,False,nearest
S3-0101,2020,322.56,359920.17991602665,2029244.332140198,1,False,nearest
S3-0102,2020,324.792,359967.7274016476,2029228.7046504722,1,False,nearest
S3-0103,2020,323.476,360014.0178515279,2029209.7593052427,1,False,nearest
S3-0104,2020,322.789,360060.5311524457,2029191.4021593116,1,False,nearest
S3-0105,2020,322.23,360107.08980301814,2029173.164710535,1,False,nearest
S3-0106,2020,321.671,360153.6484535906,2029154.9272617586,1,False,nearest
S3-0107,2020,323.704,360201.1254346703,2029139.113680363,1,False,nearest
S3-0108,2020,331.266,360250.56130825565,2029128.4704549657,1,False,nearest
S3-0109,2020,329.781,360296.79188242,2029109.3670720865,1,False,nearest
S3-0110,2020,326.388,360342.34646329435,2029088.4794534964,1,False,nearest
S3-0111,2020,333.929,360391.774896702,2029077.816590285,1,False,nearest
S3-0112,2020,335.614,360439.128583408,2029061.6775822502,1,False,nearest
S3-0113,2020,337.299,360486.48227011407,2029045.5385742153,1,False,nearest
S3-0114,2020,338.984,360533.8359568201,2029029.3995661805,1,False,nearest
S3-0115,2020,340.668,360581.18928923196,2029013.2596230118,1,False,nearest
S3-0116,2020,342.353,360628.542975938,2028997.120614977,1,False,nearest
S3-0117,2020,344.038,360675.89666264405,2028980.9816069424,1,False,nearest
S3-0118,2020,340.842,360721.5210394713,2028960.2782097543,1,False,nearest
S3-0119,2020,341.343,360768.4552418716,2028943.0320030395,1,False,nearest
S3-0120,2020,341.844,360815.3894442718,2028925.7857963245,1,False,nearest
S3-0121,2020,342.345,360862.32364667207,2028908.5395896097,1,False,nearest
S3-0122,2020,345.243,360910.1166720322,2028893.5331412975,1,False,nearest
S3-0123,2020,346.495,360957.38324314414,2028877.0299612125,1,False,nearest
S3-0124,2020,344.609,361003.57758461614,2028857.6740192447,1,False,nearest
S3-0125,2020,340.416,361049.005049827,2028836.2383287759,1,False,nearest
S3-0126,2020,331.114,361092.6900862422,2028810.0943269194,1,False,nearest
S3-0127,2020,328.4,361138.63081767585,2028790.1726913827,1,False,nearest
S3-0128,2020,329.394,361185.8596678993,2028773.728125637,1,False,nearest
S3-0129,2020,330.388,361233.08851812273,2028757.2835598907,1,False,nearest
S3-0130,2020,319.11,361276.05245372705,2028729.3319316485,1,False,nearest
S3-0131,2020,311.513,361320.2956551979,2028704.8318595546,1,False,nearest
S3-0132,2020,321.649,361370.7016443919,2028696.9594552605,1,False,nearest
S3-0133,2020,330.863,361420.7872089381,2028688.2225210108,1,False,nearest
S3-0134,2020,330.964,361467.7057129461,2028670.9406176826,1,False,nearest
S3-0135,2020,331.066,361514.6245644863,2028653.6596520224,1,False,nearest
S3-0136,2020,331.168,361561.5434160266,2028636.3786863622,1,False,nearest
S3-0137,2020,330.45,361608.17729119887,2028618.3288328887,1,False,nearest
S3-0138,2020,328.726,361654.46154902206,2028599.3356853414,1,False,nearest
S3-0139,2020,329.464,361701.60143101355,2028582.6510765709,1,False,nearest
S3-0140,2020,325.166,361746.9911410672,2028561.244371424,1,False,nearest
S3-0141,2020,313.815,361789.9297068242,2028533.2242934129,1,False,nearest
S3-0142,2020,310.264,361835.5790233983,2028512.5180263105,1,False,nearest
S3-0143,2020,310.473,361882.53506087925,2028495.3373911332,1,False,nearest
S3-0144,2020,308.948,361928.8884776016,2028476.530839531,1,False,nearest
S3-0145,2020,306.626,361974.9649111955,2028456.976966481,1,False,nearest
S3-0146,2020,316.16,362025.1616860316,2028448.5400860116,1,False,nearest
S3-0147,2020,327.28,362075.9096468672,2028441.5903470942,1,False,nearest
S3-0148,2020,335.529,362125.65984288283,2028431.9485631613,1,False,nearest
S3-0149,2020,330.8,362170.8997665771,2028410.137723078,1,False,nearest
S3-0150,2020,326.071,362216.13969027146,2028388.326882995,1,False,nearest
S3-0151,2020,326.475,362263.1634965228,2028371.3290930907,1,False,nearest
S3-0152,2020,338.997,362314.3986974412,2028365.6939648003,1,False,nearest
S3-0153,2020,334.32,362359.6566928076,2028343.9318834567,1,False,nearest
S3-0154,2020,329.643,362404.9146881741,2028322.169802113,1,False,nearest
S3-0155,2020,324.966,362450.17268354056,2028300.407720769,1,False,nearest
S3-0156,2020,327.715,362498.01145269786,2028285.6087624775,1,False,nearest
S3-0157,2020,329.265,362545.4335308,2028269.685540176,1,False,nearest
S3-0158,2020,318.355,362588.52535823785,2028242.0789737816,1,False,nearest
S3-0159,2020,308.854,362631.95028939535,2028215.8101619433,1,False,nearest
S3-0160,2020,310.806,362679.2359223652,2028200.1461950256,1,False,nearest
S3-0161,2020,310.802,362725.7749190838,2028182.4841755335,1,False,nearest
S3-0162,2020,311.443,362772.4828337545,2028165.2586121815,1,False,nearest
S3-0163,2020,313.144,362819.6633652336,2028148.8388370872,1,False,nearest
S3-0164,2020,314.6,362866.8203512668,2028132.1553541096,1,False,nearest
S3-0165,2020,316.021,362913.96470832307,2028115.439228998,1,False,nearest
S3-0166,2020,317.443,362961.1094262072,2028098.7240365187,1,False,nearest
S3-0167,2020,318.864,363008.25378326344,2028082.0079114067,1,False,nearest
S3-0168,2020,320.286,363055.3985011476,2028065.2927189274,1,False,nearest
S3-0169,2020,321.708,363102.54321903177,2028048.5775264476,1,False,nearest
S3-0170,2020,323.129,363149.68757608795,2028031.861401336,1,False,nearest
S3-0171,2020,324.551,363196.83229397214,2028015.1462088565,1,False,nearest
S3-0172,2020,321.418,363242.3334407017,2027994.1828757415,1,False,nearest
S3-0173,2020,318.223,363287.8122161006,2027973.161719417,1,False,nearest
S3-0174,2020,314.662,363333.1589284824,2027951.7992196295,1,False,nearest
S3-0175,2020,312.979,363379.18327568925,2027932.1882035118,1,False,nearest
S3-0176,2020,324.521,363429.97957207705,2027924.9112510395,1,False,nearest
S3-0177,2020,323.22,363476.1417555476,2027905.6565005027,1,False,nearest
S3-0178,2020,318.42,363521.04140214226,2027883.1384691573,1,False,nearest
S3-0179,2020,320.65,363568.47766898206,2027867.1768436667,1,False,nearest
S3-0180,2020,341.467,363622.62064428505,2027868.5500568135,1,False,nearest
S3-0181,2020,359.973,363675.9297462755,2027867.7679564569,1,False,nearest
S3-0182,2020,339.475,363715.16511625453,2027830.6094615115,1,False,nearest
S3-0183,2020,324.389,363756.3532869116,2027798.4983731785,1,False,nearest
S3-0184,2020,321.666,363802.0023730865,2027777.9174193523,1,False,nearest
S3-0185,2020,331.32,363852.1174263701,2027768.8796568867,1,False,nearest
S3-0186,2020,331.297,363898.7407479165,2027750.8168105723,1,False,nearest
S3-0187,2020,322.971,363942.36811528157,2027725.0103173428,1,False,nearest
S3-0188,2020,324.673,363989.613864982,2027708.5562619388,1,False,nearest
S3-0189,2020,326.375,364036.85961468244,2027692.1022065347,1,False,nearest
S3-0190,2020,328.078,364084.1057252108,2027675.649083763,1,False,nearest
S3-0191,2020,329.78,364131.35147491127,2027659.1950283588,1,False,nearest
S3-0192,2020,331.482,364178.59722461173,2027642.7409729548,1,False,nearest
S3-0193,2020,332.734,364225.68060175027,2027625.8672329653,1,False,nearest
S3-0194,2020,328.956,364270.94901447446,2027604.3023519448,1,False,nearest
S3-0195,2020,325.26,364316.2470150877,2027582.813946782,1,False,nearest
S3-0196,2020,321.899,364361.6658930526,2027561.637973477,1,False,nearest
S3-0197,2020,320.876,364407.92838668363,2027542.6424947507,1,False,nearest
S3-0198,2020,321.64,364454.83567979943,2027525.3136301443,1,False,nearest
S3-0199,2020,321.846,364501.5416309385,2027507.4643566525,1,False,nearest
S3-0200,2020,321.817,364548.1627875174,2027489.3959145434,1,False,nearest
S3-0201,2020,325.18,364596.0033530185,2027474.4927103433,1,False,nearest
S3-0202,2020,325.902,364642.8009564855,2027457.1111943098,1,False,nearest
S3-0203,2020,327.182,364689.7667075619,2027440.1639496027,1,False,nearest
S3-0204,2020,330.163,364737.3257961947,2027424.7119073367,1,False,nearest
S3-0205,2020,346.46,364789.7605703615,2027421.5518153962,1,False,nearest
S3-0206,2020,346.441,364836.24816862063,2027403.1490810427,1,False,nearest
S3-0207,2020,346.423,364882.73836820136,2027384.7463185613,1,False,nearest
S3-0208,2020,346.404,364929.22820006154,2027366.3426261437,1,False,nearest
S3-0209,2020,346.386,364975.71839964227,2027347.9398636622,1,False,nearest
S3-0210,2020,346.367,365022.20823150245,2027329.5361712447,1,False,nearest
S3-0211,2020,346.349,365068.6984310832,2027311.133408763,1,False,nearest
S3-0212,2020,346.33,365115.18826294335,2027292.7297163452,1,False,nearest
S3-0213,2020,346.312,365161.6784625241,2027274.326953864,1,False,nearest
S3-0214,2020,346.293,365208.1682943843,2027255.9232614462,1,False,nearest
S3-0215,2020,346.275,365254.65849396505,2027237.5204989647,1,False,nearest
S3-0216,2020,346.256,365301.1483258252,2027219.116806547,1,False,nearest
S3-0217,2020,346.237,365347.63815768546,2027200.7131141291,1,False,nearest
S3-0218,2020,346.219,365394.12835726613,2027182.310351648,1,False,nearest
S3-0219,2020,346.2,365440.6181891264,2027163.90665923,1,False,nearest
S3-0220,2020,346.182,365487.10838870716,2027145.5038967486,1,False,nearest
S3-0221,2020,346.163,365533.59822056734,2027127.1002043309,1,False,nearest
S3-0222,2020,346.145,365580.08842014807,2027108.6974418496,1,False,nearest
S3-0223,2020,346.126,365626.57825200824,2027090.2937494316,1,False,nearest
S3-0224,2020,346.108,365673.068451589,2027071.8909869504,1,False,nearest
S3-0225,2020,346.089,365719.55828344915,2027053.4872945326,1,False,nearest
S3-0226,2020,346.071,365766.0484830299,2027035.0845320513,1,False,nearest
S3-0227,2020,346.052,365812.5383148901,2027016.6808396336,1,False,nearest
S3-0228,2020,346.033,365859.02814675035,2026998.2771472156,1,False,nearest
S3-0229,2020,346.015,365905.518346331,2026979.8743847343,1,False,nearest
S3-0230,2020,345.996,365952.00817819126,2026961.4706923165,1,False,nearest
S3-0231,2020,345.978,365998.49837777193,2026943.0679298353,1,False,nearest
S3-0232,2020,345.959,366044.9882096322,2026924.6642374173,1,False,nearest
S3-0233,2020,345.941,366091.47840921284,2026906.2614749358,1,False,nearest
S3-0234,2020,345.922,366137.96824107313,2026887.8577825183,1,False,nearest
S3-0235,2020,345.904,366184.4584406538,2026869.4550200368,1,False,nearest
S3-0236,2020,345.885,366230.94827251404,2026851.051327619,1,False,nearest
S3-0237,2020,345.867,366277.4384720948,2026832.6485651375,1,False,nearest
S3-0238,2020,345.848,366323.92830395495,2026814.2448727197,1,False,nearest
S3-0239,2020,345.83,366370.4185035357,2026795.8421102385,1,False,nearest
S3-0240,2020,345.811,366416.9083353959,2026777.4384178207,1,False,nearest
S3-0241,2020,345.792,366463.39816725615,2026759.034725403,1,False,nearest
S3-0242,2020,345.774,366509.8883668368,2026740.6319629215,1,False,nearest
S3-0243,2020,345.755,366556.37819869706,2026722.228270504,1,False,nearest
S3-0244,2020,345.737,366602.86839827773,2026703.8255080224,1,False,nearest
S3-0245,2020,345.718,366649.35823013796,2026685.4218156044,1,False,nearest
S3-0246,2020,345.7,366695.84842971864,2026667.0190531232,1,False,nearest
S3-0247,2020,345.681,366742.33826157893,2026648.6153607054,1,False,nearest
S3-0248,2020,345.663,366788.8284611596,2026630.2125982242,1,False,nearest
S3-0249,2020,345.644,366835.31829301984,2026611.8089058062,1,False,nearest
S3-0250,2020,345.626,366881.8084926005,2026593.406143325,1,False,nearest
S3-0251,2020,345.607,366928.29832446075,2026575.0024509071,1,False,nearest
S3-0252,2020,345.588,366974.788156321,2026556.5987584894,1,False,nearest
S3-0253,2020,345.57,367021.27835590165,2026538.1959960079,1,False,nearest
S3-0254,2020,345.551,367067.7681877619,2026519.79230359,1,False,nearest
S3-0255,2020,345.533,367114.2583873426,2026501.3895411089,1,False,nearest
S3-0256,2020,345.514,367160.74821920285,2026482.985848691,1,False,nearest
S3-0257,2020,345.496,367207.2384187835,2026464.5830862098,1,False,nearest
S3-0258,2020,345.477,367253.72825064376,2026446.1793937918,1,False,nearest
S3-0259,2020,345.459,367300.21845022443,2026427.7766313103,1,False,nearest
S3-0260,2020,345.44,367346.7082820847,2026409.3729388928,1,False,nearest
S3-0261,2020,345.219,367393.12383440946,2026390.781399328,1,False,nearest
S3-0262,2020,344.883,367439.4970988799,2026372.0829170805,1,False,nearest
S3-0263,2020,344.546,367485.8699956298,2026353.383504897,1,False,nearest
S3-0264,2020,344.21,367532.2432601003,2026334.6850226496,1,False,nearest
S3-0265,2020,343.874,367578.6165245707,2026315.9865404023,1,False,nearest
S3-0266,2020,343.538,367624.98978904117,2026297.2880581548,1,False,nearest
S3-0267,2020,343.202,367671.36305351154,2026278.5895759074,1,False,nearest
S3-0268,2020,342.866,367717.736317982,2026259.8910936601,1,False,nearest
S3-0269,2020,342.53,367764.10958245245,2026241.1926114128,1,False,nearest
S3-0270,2020,342.193,367810.4824792024,2026222.4931992288,1,False,nearest
S3-0271,2020,341.857,367856.8557436728,2026203.7947169815,1,False,nearest
S3-0272,2020,341.521,367903.2290081433,2026185.0962347342,1,False,nearest
S3-0273,2020,341.185,367949.60227261373,2026166.3977524869,1,False,nearest
S3-0274,2020,340.849,367995.97553708416,2026147.6992702396,1,False,nearest
S3-0275,2020,340.513,368042.3488015546,2026129.000787992,1,False,nearest
S3-0276,2020,340.177,368088.722066025,2026110.3023057447,1,False,nearest
S3-0277,2020,339.84,368135.094962775,2026091.6028935611,1,False,nearest
S3-0278,2020,339.504,368181.4682272454,2026072.9044113138,1,False,nearest
S3-0279,2020,339.168,368227.84149171587,2026054.2059290663,1,False,nearest
S3-0280,2020,338.832,368274.21475618624,2026035.507446819,1,False,nearest
S3-0281,2020,338.496,368320.58802065655,2026016.8089645712,1,False,nearest
S3-0282,2020,338.16,368366.96128502,2025998.1104823076,1,False,nearest
S1-0001,2025,362.73,348190.015172499,2034070.8445301147,1,False,nearest
S1-0002,2025,361.674,348233.6778000689,2034046.45826165,1,False,nearest
S1-0003,2025,360.618,348277.34042763873,2034022.0719931845,1,False,nearest
S1-0004,2025,359.562,348321.0030552087,2033997.685724719,1,False,nearest
S1-0005,2025,358.506,348364.66568277875,2033973.2994562532,1,False,nearest
S1-0006,2025,357.45,348408.32831034873,2033948.9131877874,1,False,nearest
S1-0007,2025,356.393,348451.9904688457,2033924.5260361624,1,False,nearest
S1-0008,2025,355.337,348495.65309641574,2033900.1397676968,1,False,nearest
S1-0009,2025,354.281,348539.3157239858,2033875.753499231,1,False,nearest
S1-0010,2025,353.225,348582.97835155576,2033851.3672307653,1,False,nearest
S1-0011,2025,352.169,348626.6409791258,2033826.9809622997,1,False,nearest
S1-0012,2025,351.113,348670.3036066958,2033802.594693834,1,False,nearest
S1-0013,2025,350.057,348713.9662342658,2033778.2084253682,1,False,nearest
S1-0014,2025,349.001,348757.62886183587,2033753.8221569022,1,False,nearest
S1-0015,2025,347.945,348801.2914894058,2033729.4358884366,1,False,nearest
S1-0016,2025,346.889,348844.95411697583,2033705.0496199708,1,False,nearest
S1-0017,2025,345.833,348888.6167445458,2033680.663351505,1,False,nearest
S1-0018,2025,344.777,348932.27937211585,2033656.2770830393,1,False,nearest
S1-0019,2025,343.721,348975.9419996859,2033631.8908145737,1,False,nearest
S1-0020,2025,342.665,349019.6046272559,2033607.504546108,1,False,nearest
S1-0021,2025,341.609,349063.2672548259,2033583.1182776422,1,False,nearest
S1-0022,2025,340.552,349106.9294133229,2033558.7311260172,1,False,nearest
S1-0023,2025,339.496,349150.59204089287,2033534.3448575516,1,False,nearest
S1-0024,2025,338.44,349194.2546684629,2033509.9585890858,1,False,nearest
S1-0025,2025,337.384,349237.91729603295,2033485.57232062,1,False,nearest
S1-0026,2025,336.328,349281.5799236029,2033461.186052154,1,False,nearest
S1-0027,2025,335.272,349325.24255117297,2033436.7997836885,1,False,nearest
S1-0028,2025,334.216,349368.90517874295,2033412.4135152227,1,False,nearest
S1-0029,2025,333.16,349412.567806313,2033388.027246757,1,False,nearest
S1-0030,2025,332.104,349456.230433883,2033363.6409782912,1,False,nearest
S1-0031,2025,331.048,349499.893061453,2033339.2547098256,1,False,nearest
S1-0032,2025,329.992,349543.55568902305,2033314.8684413598,1,False,nearest
S1-0033,2025,328.936,349587.21831659303,2033290.482172894,1,False,nearest
S1-0034,2025,327.88,349630.8809441631,2033266.0959044283,1,False,nearest
S1-0035,2025,326.824,349674.5435717331,2033241.7096359627,1,False,nearest
S1-0036,2025,325.768,349718.2061993031,2033217.323367497,1,False,nearest
S1-0037,2025,324.711,349761.86835780006,2033192.9362158717,1,False,nearest
S1-0038,2025,323.655,349805.5309853701,2033168.549947406,1,False,nearest
S1-0039,2025,322.716,349848.5281964916,2033144.5354808208,1,False,nearest
S1-0040,2025,322.226,349891.1657401063,2033120.7214985422,1,False,nearest
S1-0041,2025,322.205,349933.7990167273,2033096.9101654782,1,False,nearest
S1-0042,2025,322.653,349976.4361861415,2033073.096961975,1,False,nearest
S1-0043,2025,323.27,350019.64128717076,2033048.7243499444,1,False,nearest
S1-0044,2025,323.852,350063.1595422073,2033024.0971251198,1,False,nearest
S1-0045,2025,324.434,350106.67779724393,2032999.469900295,1,False,nearest
S1-0046,2025,325.017,350150.1965548879,2032974.8435399847,1,False,nearest
S1-0047,2025,325.599,350193.71480992454,2032950.21631516,1,False,nearest
S1-0048,2025,326.181,350237.2330649611,2032925.5890903352,1,False,nearest
S1-0049,2025,326.763,350280.7513199977,2032900.9618655106,1,False,nearest
S1-0050,2025,327.346,350324.27007764176,2032876.3355052003,1,False,nearest
S1-0051,2025,327.928,350367.7883326783,2032851.7082803757,1,False,nearest
S1-0052,2025,328.51,350411.30658771493,2032827.0810555508,1,False,nearest
S1-0053,2025,329.092,350454.8248427515,2032802.453830726,1,False,nearest
S1-0054,2025,329.675,350498.3436003955,2032777.827470416,1,False,nearest
S1-0055,2025,330.257,350541.8618554321,2032753.2002455913,1,False,nearest
S1-0056,2025,330.839,350585.3801104687,2032728.5730207665,1,False,nearest
S1-0057,2025,331.421,350628.8983655053,2032703.9457959416,1,False,nearest
S1-0058,2025,332.004,350672.4171231493,2032679.3194356316,1,False,nearest
S1-0059,2025,332.586,350715.93537818594,2032654.692210807,1,False,nearest
S1-0060,2025,333.168,350759.4536332225,2032630.064985982,1,False,nearest
S1-0061,2025,333.75,350802.97188825905,2032605.4377611573,1,False,nearest
S1-0062,2025,334.333,350846.4906459031,2032580.8114008473,1,False,nearest
S1-0063,2025,334.915,350890.0089009397,2032556.1841760224,1,False,nearest
S1-0064,2025,335.497,350933.5271559763,2032531.5569511976,1,False,nearest
S1-0065,2025,336.079,350977.04929976433,2032506.927465658,1,False,nearest
S1-0066,2025,336.441,351021.6665358149,2032481.6794889474,1,False,nearest
S1-0067,2025,336.038,351066.61558966845,2032456.2428450002,1,False,nearest
S1-0068,2025,335.202,351111.75258508103,2032431.110509964,1,False,nearest
S1-0069,2025,336.763,351158.3580582103,2032408.8064889293,1,False,nearest
S1-0070,2025,337.748,351203.80525014654,2032387.0574783792,1,False,nearest
S1-0071,2025,338.706,351248.91545727046,2032365.4707468704,1,False,nearest
S1-0072,2025,339.663,351294.0252155383,2032343.8831217575,1,False,nearest
S1-0073,2025,340.62,351339.13497380615,2032322.2954966445,1,False,nearest
S1-0074,2025,345.033,351385.7959787002,2032303.7961671627,1,False,nearest
S1-0075,2025,350.226,351432.8070913397,2032285.9938488472,1,False,nearest
S1-0076,2025,354.05,351479.2037200003,2032266.9681865743,1,False,nearest
S1-0077,2025,355.254,351524.42434572085,2032245.601281664,1,False,nearest
S1-0078,2025,356.457,351569.64452258544,2032224.23348315,1,False,nearest
S1-0079,2025,357.66,351614.8646994499,2032202.8656846357,1,False,nearest
S1-0080,2025,358.864,351660.0853251705,2032181.4987797255,1,False,nearest
S1-0081,2025,360.858,351705.6605471974,2032160.8378220228,1,False,nearest
S1-0082,2025,371.204,351754.9846152376,2032147.6402454283,1,False,nearest
S1-0083,2025,381.551,351804.3091321339,2032134.443562438,1,False,nearest
S1-0084,2025,396.19,351855.56013934256,2032125.082228073,1,False,nearest
S1-0085,2025,414.855,351908.6182411453,2032119.3185436528,1,False,nearest
S1-0086,2025,433.521,351961.6767918041,2032113.5557528369,1,False,nearest
S1-0087,2025,456.327,352016.5936066505,2032111.492482829,1,False,nearest
S1-0088,2025,484.15,352073.7623324701,2032113.9124243895,1,False,nearest
S1-0089,2025,511.973,352130.9310582897,2032116.33236595,1,False,nearest
S1-0090,2025,537.236,352186.9507125345,2032116.4646811173,1,False,nearest
S1-0091,2025,548.529,352236.63674993685,2032104.1509370303,1,False,nearest
S1-0092,2025,559.688,352286.11935620895,2032091.8872474271,1,False,nearest
S1-0093,2025,570.72,352335.55071602657,2032079.636545626,1,False,nearest
S1-0094,2025,579.043,352383.7901213739,2032065.0822727114,1,False,nearest
S1-0095,2025,581.3,352429.4619326003,2032045.1539397505,1,False,nearest
S1-0096,2025,583.538,352475.33497206384,2032025.13712446,1,False,nearest
S1-0097,2025,585.776,352521.20801152743,2032005.1203091692,1,False,nearest
S1-0098,2025,580.821,352563.91239574493,2031978.6460274302,1,False,nearest
S1-0099,2025,575.397,352606.410176416,2031951.750704156,1,False,nearest
S1-0100,2025,314.168,352536.22092035797,2031695.2081954463,2,True,nearest
S1-0101,2025,325.934,352586.29122760735,2031683.7450768498,2,True,nearest
S1-0102,2025,326.485,352631.42111103033,2031662.2137688722,2,True,nearest
S1-0103,2025,309.637,352668.88639934355,2031625.062627899,2,True,nearest
S1-0104,2025,469.753,352784.3077431198,2031746.7797049957,1,False,nearest
S1-0105,2025,439.664,352816.3770309588,2031698.1506877353,1,False,nearest
S1-0106,2025,403.659,352853.1096624744,2031646.9556327316,1,False,nearest
S1-0107,2025,367.512,352888.5863817654,2031597.510101136,1,False,nearest
S1-0108,2025,335.618,352918.501257937,2031552.8111171548,1,False,nearest
S1-0109,2025,317.345,352936.96369595436,2031523.7806153174,1,False,nearest
S1-0110,2025,307.633,352953.56459197873,2031498.0783104594,1,False,nearest
S1-0111,2025,298.064,352978.55591846583,2031461.5322886396,1,False,nearest
S1-0112,2025,283.511,353014.69415445026,2031408.8694742678,1,False,nearest
S1-0113,2025,260.489,353055.51272534166,2031349.722486023,1,False,nearest
S1-0114,2025,229.427,353097.91600412177,2031288.278826787,1,False,nearest
S2-0001,2025,206.067,352519.7313883146,2031698.9835745033,2,True,nearest
S2-0002,2025,207.016,352570.1292234153,2031687.4453438534,2,True,nearest
S2-0003,2025,214.15,352620.89786924847,2031672.6486548344,2,True,nearest
S2-0004,2025,204.034,352658.73120978614,2031635.1319234078,2,True,nearest
S2-0005,2025,360.569,352809.87431306916,2031707.2137897776,1,False,nearest
S2-0006,2025,353.948,352839.3995778371,2031666.0640857567,1,False,nearest
S3-0001,2025,526.346,355124.96062999225,2030902.4306647107,1,False,nearest
S3-0002,2025,449.722,355234.6513465968,2030848.190098326,1,False,nearest
S3-0003,2025,419.605,355296.3939018028,2030817.659706624,1,False,nearest
S3-0004,2025,406.367,355348.11049980595,2030792.08634754,1,False,nearest
S3-0005,2025,398.724,355394.7466118736,2030769.0249124009,1,False,nearest
S3-0006,2025,392.267,355439.9578079376,2030746.6683427482,1,False,nearest
S3-0007,2025,384.957,355484.43646007404,2030724.6751666542,1,False,nearest
S3-0008,2025,372.468,355530.09770064394,2030702.0953275254,1,False,nearest
S3-0009,2025,370.678,355579.4475660477,2030693.5491354999,1,False,nearest
S3-0010,2025,376.603,355629.7978345285,2030693.171074962,1,False,nearest
S3-0011,2025,382.629,355680.0842157856,2030692.7925365104,1,False,nearest
S3-0012,2025,387.671,355729.99522457307,2030692.4177629356,1,False,nearest
S3-0013,2025,383.064,355778.78783372516,2030685.0049056627,1,False,nearest
S3-0014,2025,374.613,355828.4964359615,2030677.2646828408,1,False,nearest
S3-0015,2025,363.065,355879.18720113265,2030669.3716629054,1,False,nearest
S3-0016,2025,353.676,355928.21897401457,2030661.7366655704,1,False,nearest
S3-0017,2025,348.766,355975.90837641084,2030654.311379287,1,False,nearest
S3-0018,2025,345.51,356022.6206665992,2030644.3491198735,1,False,nearest
S3-0019,2025,345.763,356069.1711286394,2030633.7008068094,1,False,nearest
S3-0020,2025,348.024,356117.87967807817,2030622.5582093755,1,False,nearest
S3-0021,2025,350.29,356166.6709197152,2030611.398034848,1,False,nearest
S3-0022,2025,352.555,356215.46189447306,2030600.2368965908,1,False,nearest
S3-0023,2025,354.82,356264.2528692308,2030589.0757583338,1,False,nearest
S3-0024,2025,352.581,356311.841817698,2030573.5739808613,1,False,nearest
S3-0025,2025,348.553,356358.953318333,2030556.348090699,1,False,nearest
S3-0026,2025,344.524,356406.06455208897,2030539.1212368065,1,False,nearest
S3-0027,2025,340.496,356453.17605272436,2030521.8953466439,1,False,nearest
S3-0028,2025,336.467,356500.28728647955,2030504.668492752,1,False,nearest
S3-0029,2025,332.438,356547.39852023555,2030487.4416388595,1,False,nearest
S3-0030,2025,328.41,356594.5100208711,2030470.215748697,1,False,nearest
S3-0031,2025,325.369,356641.88493179623,2030453.9410598902,1,False,nearest
S3-0032,2025,324.013,356689.709535062,2030439.29025587,1,False,nearest
S3-0033,2025,322.658,356737.53440520854,2030424.6404155788,1,False,nearest
S3-0034,2025,321.303,356785.3592753542,2030409.9905752884,1,False,nearest
S3-0035,2025,319.948,356833.18414549954,2030395.3407349978,1,False,nearest
S3-0036,2025,317.938,356880.834209424,2030380.0596516593,1,False,nearest
S3-0037,2025,316.162,356927.524108769,2030364.9635764975,1,False,nearest
S3-0038,2025,315.478,356973.84221773833,2030349.986132078,1,False,nearest
S3-0039,2025,315.917,357020.1547912946,2030335.0116874806,1,False,nearest
S3-0040,2025,317.478,357066.51247488277,2030320.021983265,1,False,nearest
S3-0041,2025,319.894,357113.8333067006,2030304.721604442,1,False,nearest
S3-0042,2025,322.367,357161.46617721824,2030289.3194820154,1,False,nearest
S3-0043,2025,324.841,357209.09940203006,2030273.9182947227,1,False,nearest
S3-0044,2025,327.314,357256.7322725477,2030258.516172296,1,False,nearest
S3-0045,2025,329.787,357304.3651430654,2030243.1140498694,1,False,nearest
S3-0046,2025,332.261,357351.9983678772,2030227.7128625766,1,False,nearest
S3-0047,2025,334.734,357399.6312383949,2030212.3107401498,1,False,nearest
S3-0048,2025,337.207,357447.26410891255,2030196.908617723,1,False,nearest
S3-0049,2025,339.681,357494.8973337244,2030181.5074304305,1,False,nearest
S3-0050,2025,342.154,357542.5302042421,2030166.1053080037,1,False,nearest
S3-0051,2025,344.627,357590.1630747597,2030150.703185577,1,False,nearest
S3-0052,2025,347.101,357637.7962995716,2030135.3019982842,1,False,nearest
S3-0053,2025,349.574,357685.42917008925,2030119.8998758576,1,False,nearest
S3-0054,2025,351.62,357732.9107569932,2030104.0984512041,1,False,nearest
S3-0055,2025,350.206,357779.16648604424,2030085.0614628403,1,False,nearest
S3-0056,2025,348.792,357825.4222150952,2030066.0244744765,1,False,nearest
S3-0057,2025,347.378,357871.67794414615,2030046.9874861129,1,False,nearest
S3-0058,2025,345.964,357917.93367319705,2030027.950497749,1,False,nearest
S3-0059,2025,344.55,357964.189402248,2030008.913509385,1,False,nearest
S3-0060,2025,343.136,358010.44513129897,2029989.8765210211,1,False,nearest
S3-0061,2025,341.722,358056.7008603499,2029970.8395326575,1,False,nearest
S3-0062,2025,340.308,358102.9565894009,2029951.8025442937,1,False,nearest
S3-0063,2025,338.894,358149.21231845184,2029932.7655559299,1,False,nearest
S3-0064,2025,337.48,358195.46804750286,2029913.728567566,1,False,nearest
S3-0065,2025,336.066,358241.7237765538,2029894.6915792022,1,False,nearest
S3-0066,2025,334.652,358287.9795056048,2029875.6545908384,1,False,nearest
S3-0067,2025,333.238,358334.23523465573,2029856.6176024745,1,False,nearest
S3-0068,2025,331.825,358380.4913180009,2029837.5815492447,1,False,nearest
S3-0069,2025,330.411,358426.74704705185,2029818.544560881,1,False,nearest
S3-0070,2025,328.997,358473.0027761028,2029799.5075725173,1,False,nearest
S3-0071,2025,327.583,358519.25850515376,2029780.4705841532,1,False,nearest
S3-0072,2025,326.169,358565.5142342047,2029761.4335957894,1,False,nearest
S3-0073,2025,324.755,358611.7699632557,2029742.3966074258,1,False,nearest
S3-0074,2025,323.341,358658.02569230663,2029723.359619062,1,False,nearest
S3-0075,2025,321.927,358704.2814213576,2029704.322630698,1,False,nearest
S3-0076,2025,320.694,358750.60127765464,2029685.454901592,1,False,nearest
S3-0077,2025,319.65,358796.98809555115,2029666.7639128156,1,False,nearest
S3-0078,2025,318.607,358843.37526774185,2029648.0738591733,1,False,nearest
S3-0079,2025,317.563,358889.76208563836,2029629.382870397,1,False,nearest
S3-0080,2025,316.52,358936.14925782906,2029610.692816755,1,False,nearest
S3-0081,2025,315.476,358982.5360757256,2029592.0018279785,1,False,nearest
S3-0082,2025,314.433,359028.9232479163,2029573.3117743363,1,False,nearest
S3-0083,2025,313.389,359075.31006581284,2029554.62078556,1,False,nearest
S3-0084,2025,312.345,359121.69688370934,2029535.9297967837,1,False,nearest
S3-0085,2025,311.302,359168.08405590005,2029517.2397431415,1,False,nearest
S3-0086,2025,310.258,359214.47087379656,2029498.5487543652,1,False,nearest
S3-0087,2025,309.215,359260.85804598726,2029479.858700723,1,False,nearest
S3-0088,2025,308.171,359307.24486388377,2029461.1677119466,1,False,nearest
S3-0089,2025,307.128,359353.6320360745,2029442.4776583044,1,False,nearest
S3-0090,2025,306.084,359400.018853971,2029423.786669528,1,False,nearest
S3-0091,2025,307.276,359447.1978736477,2029407.1866404212,1,False,nearest
S3-0092,2025,309.023,359494.57352659275,2029391.105610696,1,False,nearest
S3-0093,2025,310.77,359541.94917953777,2029375.0245809704,1,False,nearest
S3-0094,2025,312.516,359589.3244781886,2029358.9426161107,1,False,nearest
S3-0095,2025,314.263,359636.70013113366,2029342.8615863852,1,False,nearest
S3-0096,2025,316.01,359684.0757840787,2029326.78055666,1,False,nearest
S3-0097,2025,317.757,359731.4514370237,2029310.6995269344,1,False,nearest
S3-0098,2025,319.503,359778.8267356745,2029294.6175620747,1,False,nearest
S3-0099,2025,321.25,359826.20238861954,2029278.5365323492,1,False,nearest
S3-0100,2025,322.997,359873.57804156456,2029262.455502624,1,False,nearest
S3-0101,2025,324.15,359920.74324376835,2029245.8190032903,1,False,nearest
S3-0102,2025,324.765,359967.7178357048,2029228.6794018536,1,False,nearest
S3-0103,2025,325.38,360014.69242764125,2029211.5398004174,1,False,nearest
S3-0104,2025,325.995,360061.66701957776,2029194.4001989807,1,False,nearest
S3-0105,2025,326.611,360108.6419658084,2029177.2615326783,1,False,nearest
S3-0106,2025,327.226,360155.61655774486,2029160.1219312416,1,False,nearest
S3-0107,2025,327.841,360202.5911496813,2029142.9823298051,1,False,nearest
S3-0108,2025,328.456,360249.56574161776,2029125.8427283687,1,False,nearest
S3-0109,2025,329.071,360296.5403335542,2029108.703126932,1,False,nearest
S3-0110,2025,329.687,360343.51527978486,2029091.5644606296,1,False,nearest
S3-0111,2025,330.302,360390.4898717213,2029074.4248591932,1,False,nearest
S3-0112,2025,330.917,360437.4644636578,2029057.2852577565,1,False,nearest
S3-0113,2025,331.532,360484.43905559427,2029040.14565632,1,False,nearest
S3-0114,2025,332.147,360531.4136475307,2029023.0060548834,1,False,nearest
S3-0115,2025,332.763,360578.38859376137,2029005.8673885812,1,False,nearest
S3-0116,2025,333.378,360625.3631856978,2028988.7277871445,1,False,nearest
S3-0117,2025,333.993,360672.33777763427,2028971.5881857078,1,False,nearest
S3-0118,2025,334.608,360719.3123695708,2028954.4485842714,1,False,nearest
S3-0119,2025,335.223,360766.2869615072,2028937.308982835,1,False,nearest
S3-0120,2025,335.839,360813.2619077379,2028920.1703165325,1,False,nearest
S3-0121,2025,335.014,360859.7263160592,2028901.6841221065,1,False,nearest
S3-0122,2025,334.113,360906.17693264416,2028883.1237535367,1,False,nearest
S3-0123,2025,333.152,360952.6825280632,2028864.5424103425,1,False,nearest
S3-0124,2025,332.1,360999.1918360394,2028845.959059133,1,False,nearest
S3-0125,2025,330.957,361045.70465771324,2028827.3737874513,1,False,nearest
S3-0126,2025,329.726,361092.2076941561,2028808.792850114,1,False,nearest
S3-0127,2025,328.466,361138.6537547982,2028790.234577475,1,False,nearest
S3-0128,2025,327.206,361185.0992675419,2028771.6765079102,1,False,nearest
S3-0129,2025,325.947,361231.5451278177,2028753.119376013,1,False,nearest
S3-0130,2025,324.687,361277.9906405614,2028734.5613064482,1,False,nearest
S3-0131,2025,323.427,361324.43615330505,2028716.0032368836,1,False,nearest
S3-0132,2025,322.167,361370.8816660488,2028697.4451673185,1,False,nearest
S3-0133,2025,320.907,361417.32717879245,2028678.8870977536,1,False,nearest
S3-0134,2025,319.647,361463.7726915361,2028660.3290281887,1,False,nearest
S3-0135,2025,318.387,361510.2182042798,2028641.7709586236,1,False,nearest
S3-0136,2025,317.128,361556.66406455566,2028623.2138267267,1,False,nearest
S3-0137,2025,315.868,361603.1095772993,2028604.6557571618,1,False,nearest
S3-0138,2025,314.608,361649.555090043,2028586.0976875967,1,False,nearest
S3-0139,2025,313.348,361696.00060278666,2028567.5396180318,1,False,nearest
S3-0140,2025,312.088,361742.4461155304,2028548.9815484672,1,False,nearest
S3-0141,2025,310.828,361788.89162827405,2028530.423478902,1,False,nearest
S3-0142,2025,309.568,361835.3371410177,2028511.8654093372,1,False,nearest
S3-0143,2025,308.309,361881.78300129354,2028493.30827744,1,False,nearest
S3-0144,2025,307.049,361928.22851403727,2028474.7502078752,1,False,nearest
S3-0145,2025,305.789,361974.6740267809,2028456.1921383103,1,False,nearest
S3-0146,2025,304.529,362021.1195395246,2028437.6340687452,1,False,nearest
S3-0147,2025,303.269,362067.56505226827,2028419.0759991803,1,False,nearest
S3-0148,2025,302.009,362114.01056501205,2028400.5179296157,1,False,nearest
S3-0149,2025,300.749,362160.45607775566,2028381.9598600506,1,False,nearest
S3-0150,2025,299.49,362206.90193803154,2028363.4027281536,1,False,nearest
S3-0151,2025,298.23,362253.3474507752,2028344.8446585888,1,False,nearest
S3-0152,2025,296.97,362299.79296351894,2028326.2865890237,1,False,nearest
S3-0153,2025,295.919,362346.3111104832,2028307.9244920844,1,False,nearest
S3-0154,2025,296.337,362393.33978218475,2028290.939829533,1,False,nearest
S3-0155,2025,296.754,362440.3681063541,2028273.9542293134,1,False,nearest
S3-0156,2025,297.172,362487.39677805564,2028256.969566762,1,False,nearest
S3-0157,2025,297.59,362534.42544975714,2028239.9849042105,1,False,nearest
S3-0158,2025,298.007,362581.45377392654,2028222.9993039907,1,False,nearest
S3-0159,2025,298.462,362628.31568044383,2028206.074491357,1,False,nearest
S3-0160,2025,299.084,362675.09712291014,2028189.1791706767,1,False,nearest
S3-0161,2025,299.882,362721.8829854984,2028172.2812713897,1,False,nearest
S3-0162,2025,300.858,362768.6751538797,2028155.3821857544,1,False,nearest
S3-0163,2025,301.975,362815.63327824674,2028138.42226568,1,False,nearest
S3-0164,2025,303.104,362862.67227355164,2028121.433811904,1,False,nearest
S3-0165,2025,304.233,362909.7112688566,2028104.445358128,1,False,nearest
S3-0166,2025,305.362,362956.75026416156,2028087.456904352,1,False,nearest
S3-0167,2025,306.49,363003.78889863857,2028070.4675179436,1,False,nearest
S3-0168,2025,307.619,363050.8278939435,2028053.4790641675,1,False,nearest
S3-0169,2025,308.748,363097.8668892484,2028036.4906103911,1,False,nearest
S3-0170,2025,309.877,363144.9058845534,2028019.5021566153,1,False,nearest
S3-0171,2025,310.345,363191.7063726063,2028001.897232815,1,False,nearest
S3-0172,2025,310.414,363238.3628903209,2027983.9201886824,1,False,nearest
S3-0173,2025,310.483,363285.01940803556,2027965.9431445498,1,False,nearest
S3-0174,2025,310.552,363331.67592575017,2027947.9661004173,1,False,nearest
S3-0175,2025,310.62,363378.3320826369,2027929.9881236525,1,False,nearest
S3-0176,2025,310.689,363424.98860035156,2027912.01107952,1,False,nearest
S3-0177,2025,310.758,363471.64511806617,2027894.0340353872,1,False,nearest
S3-0178,2025,310.827,363518.30163578084,2027876.0569912547,1,False,nearest
S3-0179,2025,310.896,363564.95815349545,2027858.0799471224,1,False,nearest
S3-0180,2025,310.965,363611.6146712102,2027840.1029029898,1,False,nearest
S3-0181,2025,311.033,363658.2708280969,2027822.1249262248,1,False,nearest
S3-0182,2025,311.102,363704.9273458115,2027804.1478820923,1,False,nearest
S3-0183,2025,311.171,363751.5838635262,2027786.1708379597,1,False,nearest
S3-0184,2025,311.24,363798.2403812408,2027768.1937938272,1,False,nearest
S3-0185,2025,311.309,363844.89689895546,2027750.2167496947,1,False,nearest
S3-0186,2025,311.378,363891.55341667007,2027732.2397055621,1,False,nearest
S3-0187,2025,311.446,363938.2095735568,2027714.261728797,1,False,nearest
S3-0188,2025,311.515,363984.86609127145,2027696.2846846646,1,False,nearest
S3-0189,2025,311.584,364031.52260898607,2027678.3076405323,1,False,nearest
S3-0190,2025,311.653,364078.17912670074,2027660.3305963997,1,False,nearest
S3-0191,2025,311.722,364124.83564441535,2027642.3535522672,1,False,nearest
S3-0192,2025,311.791,364171.49216213,2027624.3765081344,1,False,nearest
S3-0193,2025,311.882,364218.1566180588,2027606.419981915,1,False,nearest
S3-0194,2025,313.175,364265.2547891419,2027589.5844798547,1,False,nearest
S3-0195,2025,314.468,364312.3529602249,2027572.748977794,1,False,nearest
S3-0196,2025,315.762,364359.4514921359,2027555.914408366,1,False,nearest
S3-0197,2025,317.055,364406.54966321896,2027539.0789063054,1,False,nearest
S3-0198,2025,318.348,364453.64783430204,2027522.2434042448,1,False,nearest
S3-0199,2025,319.642,364500.746366213,2027505.408834817,1,False,nearest
S3-0200,2025,320.935,364547.84453729604,2027488.5733327563,1,False,nearest
S3-0201,2025,322.228,364594.93791175284,2027471.7396867492,1,False,nearest
S3-0202,2025,323.566,364641.9540134022,2027454.9341358782,1,False,nearest
S3-0203,2025,324.996,364688.97037914355,2027438.1281556422,1,False,nearest
S3-0204,2025,325.58,364735.6483779148,2027420.4469153187,1,False,nearest
S3-0205,2025,325.523,364782.0633693096,2027402.0810407593,1,False,nearest
S3-0206,2025,325.513,364828.55251457135,2027383.6873726707,1,False,nearest
S3-0207,2025,325.502,364875.0452881954,2027365.291119744,1,False,nearest
S3-0208,2025,325.492,364921.5384295399,2027346.8957967537,1,False,nearest
S3-0209,2025,325.481,364968.0312031639,2027328.4995438268,1,False,nearest
S3-0210,2025,325.471,365014.52434450836,2027310.1042208364,1,False,nearest
S3-0211,2025,325.46,365061.0171181324,2027291.7079679095,1,False,nearest
S3-0212,2025,325.45,365107.51025947684,2027273.3126449191,1,False,nearest
S3-0213,2025,325.439,365154.00303310086,2027254.9163919925,1,False,nearest
S3-0214,2025,325.429,365200.4961744453,2027236.521069002,1,False,nearest
S3-0215,2025,325.418,365246.98894806934,2027218.124816075,1,False,nearest
S3-0216,2025,325.407,365293.4817216933,2027199.7285631483,1,False,nearest
S3-0217,2025,325.397,365339.9748630378,2027181.333240158,1,False,nearest
S3-0218,2025,325.386,365386.4676366618,2027162.9369872313,1,False,nearest
S3-0219,2025,325.376,365432.9607780063,2027144.5416642406,1,False,nearest
S3-0220,2025,325.365,365479.4535516304,2027126.145411314,1,False,nearest
S3-0221,2025,325.355,365525.9466929748,2027107.7500883236,1,False,nearest
S3-0222,2025,325.344,365572.43946659885,2027089.3538353967,1,False,nearest
S3-0223,2025,325.334,365618.93260794325,2027070.958512406,1,False,nearest
S3-0224,2025,325.323,365665.42538156733,2027052.5622594794,1,False,nearest
S3-0225,2025,325.313,365711.9185229118,2027034.166936489,1,False,nearest
S3-0226,2025,325.302,365758.4112965358,2027015.7706835624,1,False,nearest
S3-0227,2025,325.292,365804.90443788026,2026997.375360572,1,False,nearest
S3-0228,2025,325.281,365851.3972115043,2026978.9791076449,1,False,nearest
S3-0229,2025,325.27,365897.88998512825,2026960.5828547182,1,False,nearest
S3-0230,2025,325.26,365944.38312647276,2026942.1875317278,1,False,nearest
S3-0231,2025,325.249,365990.8759000967,2026923.7912788012,1,False,nearest
S3-0232,2025,325.239,366037.36904144124,2026905.3959558106,1,False,nearest
S3-0233,2025,325.228,366083.8618150652,2026886.9997028837,1,False,nearest
S3-0234,2025,325.218,366130.3549564097,2026868.6043798933,1,False,nearest
S3-0235,2025,325.207,366176.8477300337,2026850.2081269666,1,False,nearest
S3-0236,2025,325.197,366223.3408713782,2026831.812803976,1,False,nearest
S3-0237,2025,325.186,366269.8336450023,2026813.4165510493,1,False,nearest
S3-0238,2025,325.176,366316.3267863467,2026795.021228059,1,False,nearest
S3-0239,2025,325.165,366362.81955997075,2026776.624975132,1,False,nearest
S3-0240,2025,325.155,366409.31270131515,2026758.2296521417,1,False,nearest
S3-0241,2025,325.144,366455.80547493923,2026739.8333992148,1,False,nearest
S3-0242,2025,325.133,366502.2982485632,2026721.437146288,1,False,nearest
S3-0243,2025,325.123,366548.7913899077,2026703.0418232977,1,False,nearest
S3-0244,2025,325.112,366595.2841635317,2026684.6455703708,1,False,nearest
S3-0245,2025,325.102,366641.7773048762,2026666.2502473802,1,False,nearest
S3-0246,2025,325.091,366688.27007850015,2026647.8539944536,1,False,nearest
S3-0247,2025,325.081,366734.76321984467,2026629.4586714632,1,False,nearest
S3-0248,2025,325.07,366781.2559934686,2026611.0624185365,1,False,nearest
S3-0249,2025,325.06,366827.74913481314,2026592.667095546,1,False,nearest
S3-0250,2025,325.049,366874.2419084371,2026574.270842619,1,False,nearest
S3-0251,2025,325.039,366920.7350497816,2026555.8755196286,1,False,nearest
S3-0252,2025,325.028,366967.2278234056,2026537.479266702,1,False,nearest
S3-0253,2025,325.018,367013.7209647501,2026519.0839437114,1,False,nearest
S3-0254,2025,325.007,367060.2137383741,2026500.6876907847,1,False,nearest
S3-0255,2025,324.996,367106.70651199814,2026482.291437858,1,False,nearest
S3-0256,2025,324.986,367153.19965334266,2026463.8961148676,1,False,nearest
S3-0257,2025,324.975,367199.6924269666,2026445.4998619407,1,False,nearest
S3-0258,2025,324.965,367246.18556831114,2026427.1045389501,1,False,nearest
S3-0259,2025,324.954,367292.6783419351,2026408.7082860235,1,False,nearest
S3-0260,2025,324.944,367339.1714832796,2026390.312963033,1,False,nearest
S3-0261,2025,324.933,367385.6642569036,2026371.9167101064,1,False,nearest
S3-0262,2025,324.923,367432.1573982481,2026353.5213871158,1,False,nearest
S3-0263,2025,324.912,367478.65017187205,2026335.125134189,1,False,nearest
S3-0264,2025,324.902,367525.14331321657,2026316.7298111985,1,False,nearest
S3-0265,2025,324.891,367571.63608684053,2026298.3335582719,1,False,nearest
S3-0266,2025,324.881,367618.12922818505,2026279.9382352813,1,False,nearest
S3-0267,2025,324.87,367664.622001809,2026261.5419823546,1,False,nearest
S3-0268,2025,324.859,367711.1147754331,2026243.1457294277,1,False,nearest
S3-0269,2025,324.849,367757.6079167775,2026224.7504064373,1,False,nearest
S3-0270,2025,324.838,367804.10069040157,2026206.3541535104,1,False,nearest
S3-0271,2025,324.828,367850.593831746,2026187.95883052,1,False,nearest
S3-0272,2025,324.817,367897.08660537004,2026169.5625775934,1,False,nearest
S3-0273,2025,324.807,367943.57974671456,2026151.167254603,1,False,nearest
S3-0274,2025,324.796,367990.0725203385,2026132.771001676,1,False,nearest
S3-0275,2025,324.786,368036.56566168304,2026114.3756786855,1,False,nearest
S3-0276,2025,324.775,368083.058435307,2026095.9794257588,1,False,nearest
S3-0277,2025,324.765,368129.5515766515,2026077.5841027685,1,False,nearest
S3-0278,2025,324.754,368176.0443502755,2026059.1878498418,1,False,nearest
S3-0279,2025,324.744,368222.53749162,2026040.7925268512,1,False,nearest
S3-0280,2025,324.733,368269.03026524396,2026022.3962739243,1,False,nearest
S3-0281,2025,324.722,368315.52303886786,2026004.0000209971,1,False,nearest
S3-0282,2025,324.712,368362.01618007204,2025985.604698004,1,False,nearest
